{
"type": "FeatureCollection",
"name": "savanna_points",
"crs": { "type": "name", "properties": { "name": "urn:ogc:def:crs:OGC:1.3:CRS84" } },
"features": [
{ "type": "Feature", "properties": { "fid": 102.0, "CropType": "maiz", "Photo1": "DCIM/JPEG_20201213161756669.jpg", "Photo2": "DCIM/JPEG_20201213161845717.jpg", "Photo3": "DCIM/JPEG_20201213161949090.jpg", "Photo4": "DCIM/JPEG_20201213162015742.jpg", "Irrigation": "TRUE", "District": "SANA", "Region": "NORT", "Zone": "sava", "Date": "2020-12-13", "Technician": "STAB", "path": "I:\\GSSTI\\rscc\\landcover\\savanna_re\\For report\\Issah_13_14_points.shp" }, "geometry": { "type": "Point", "coordinates": [ -0.713999116389337, 9.543738426497066 ] } },
{ "type": "Feature", "properties": { "fid": 103.0, "CropType": "maiz", "Photo1": "DCIM/JPEG_20201213161756669.jpg", "Photo2": "DCIM/JPEG_20201213161845717.jpg", "Photo3": "DCIM/JPEG_20201213161949090.jpg", "Photo4": "DCIM/JPEG_20201213162015742.jpg", "Irrigation": "TRUE", "District": "SANA", "Region": "NORT", "Zone": "sava", "Date": "2020-12-13", "Technician": "STAB", "path": "I:\\GSSTI\\rscc\\landcover\\savanna_re\\For report\\Issah_13_14_points.shp" }, "geometry": { "type": "Point", "coordinates": [ -0.705511250000012, 9.55946216666665 ] } },
{ "type": "Feature", "properties": { "fid": 104.0, "CropType": "maiz", "Photo1": "DCIM/JPEG_20201213161756669.jpg", "Photo2": "DCIM/JPEG_20201213161845717.jpg", "Photo3": "DCIM/JPEG_20201213161949090.jpg", "Photo4": "DCIM/JPEG_20201213162015742.jpg", "Irrigation": "TRUE", "District": "SANA", "Region": "NORT", "Zone": "sava", "Date": "2020-12-13", "Technician": "STAB", "path": "I:\\GSSTI\\rscc\\landcover\\savanna_re\\For report\\Issah_13_14_points.shp" }, "geometry": { "type": "Point", "coordinates": [ -0.705511250000012, 9.55946216666665 ] } },
{ "type": "Feature", "properties": { "fid": 105.0, "CropType": "maiz", "Photo1": "DCIM/JPEG_20201213163500547.jpg", "Photo2": "DCIM/JPEG_20201213163641196.jpg", "Photo3": "DCIM/JPEG_20201213163705188.jpg", "Photo4": "DCIM/JPEG_20201213162015742.jpg", "Irrigation": "TRUE", "District": "SANA", "Region": "NORT", "Zone": "sava", "Date": "2020-12-13", "Technician": "STAB", "path": "I:\\GSSTI\\rscc\\landcover\\savanna_re\\For report\\Issah_13_14_points.shp" }, "geometry": { "type": "Point", "coordinates": [ -0.705511250000012, 9.55946216666665 ] } },
{ "type": "Feature", "properties": { "fid": 106.0, "CropType": "grou", "Photo1": "DCIM/JPEG_20201213165240402.jpg", "Photo2": "DCIM/JPEG_20201213165345001.jpg", "Photo3": "DCIM/JPEG_20201213165425202.jpg", "Photo4": "DCIM/JPEG_20201213165455956.jpg", "Irrigation": "TRUE", "District": "SANA", "Region": "NORT", "Zone": "sava", "Date": "2020-12-13", "Technician": "STAB", "path": "I:\\GSSTI\\rscc\\landcover\\savanna_re\\For report\\Issah_13_14_points.shp" }, "geometry": { "type": "Point", "coordinates": [ -0.705368583333333, 9.560139 ] } },
{ "type": "Feature", "properties": { "fid": 107.0, "CropType": "cowp", "Photo1": "DCIM/JPEG_20201213171443650.jpg", "Photo2": "DCIM/JPEG_20201213171547411.jpg", "Photo3": "DCIM/JPEG_20201213171628695.jpg", "Photo4": "DCIM/JPEG_20201213171720447.jpg", "Irrigation": "TRUE", "District": "SANA", "Region": "NORT", "Zone": "sava", "Date": "2020-12-13", "Technician": "STAB", "path": "I:\\GSSTI\\rscc\\landcover\\savanna_re\\For report\\Issah_13_14_points.shp" }, "geometry": { "type": "Point", "coordinates": [ -0.716026418945046, 9.538068534605809 ] } },
{ "type": "Feature", "properties": { "fid": 108.0, "CropType": "cowp", "Photo1": "DCIM/JPEG_20201213171443650.jpg", "Photo2": "DCIM/JPEG_20201213171547411.jpg", "Photo3": "DCIM/JPEG_20201213171628695.jpg", "Photo4": "DCIM/JPEG_20201213171720447.jpg", "Irrigation": "TRUE", "District": "SANA", "Region": "NORT", "Zone": "sava", "Date": "2020-12-13", "Technician": "STAB", "path": "I:\\GSSTI\\rscc\\landcover\\savanna_re\\For report\\Issah_13_14_points.shp" }, "geometry": { "type": "Point", "coordinates": [ -0.716149315113577, 9.535842223245195 ] } },
{ "type": "Feature", "properties": { "fid": 109.0, "CropType": "cowp", "Photo1": "DCIM/JPEG_20201213171443650.jpg", "Photo2": "DCIM/JPEG_20201213171547411.jpg", "Photo3": "DCIM/JPEG_20201213171628695.jpg", "Photo4": "DCIM/JPEG_20201213171720447.jpg", "Irrigation": "TRUE", "District": "SANA", "Region": "NORT", "Zone": "sava", "Date": "2020-12-13", "Technician": "STAB", "path": "I:\\GSSTI\\rscc\\landcover\\savanna_re\\For report\\Issah_13_14_points.shp" }, "geometry": { "type": "Point", "coordinates": [ -0.716149315113577, 9.535842223245195 ] } },
{ "type": "Feature", "properties": { "fid": 110.0, "CropType": "cowp", "Photo1": "DCIM/JPEG_20201213171443650.jpg", "Photo2": "DCIM/JPEG_20201213171547411.jpg", "Photo3": "DCIM/JPEG_20201213171628695.jpg", "Photo4": "DCIM/JPEG_20201213171720447.jpg", "Irrigation": "TRUE", "District": "SANA", "Region": "NORT", "Zone": "sava", "Date": "2020-12-13", "Technician": "STAB", "path": "I:\\GSSTI\\rscc\\landcover\\savanna_re\\For report\\Issah_13_14_points.shp" }, "geometry": { "type": "Point", "coordinates": [ -0.696597883333326, 9.565767166666671 ] } },
{ "type": "Feature", "properties": { "fid": 111.0, "CropType": "cowp", "Photo1": "DCIM/JPEG_20201213171443650.jpg", "Photo2": "DCIM/JPEG_20201213171547411.jpg", "Photo3": "DCIM/JPEG_20201213171628695.jpg", "Photo4": "DCIM/JPEG_20201213171720447.jpg", "Irrigation": "TRUE", "District": "SANA", "Region": "NORT", "Zone": "sava", "Date": "2020-12-13", "Technician": "STAB", "path": "I:\\GSSTI\\rscc\\landcover\\savanna_re\\For report\\Issah_13_14_points.shp" }, "geometry": { "type": "Point", "coordinates": [ -0.696597883333326, 9.565767166666671 ] } },
{ "type": "Feature", "properties": { "fid": 112.0, "CropType": "sorg", "Photo1": "DCIM/JPEG_20201213173245404.jpg", "Photo2": "DCIM/JPEG_20201213173331902.jpg", "Photo3": "DCIM/JPEG_20201213173358552.jpg", "Photo4": "DCIM/JPEG_20201213173528422.jpg", "Irrigation": "TRUE", "District": "SAVA", "Region": "NORT", "Zone": "sava", "Date": "2020-12-13", "Technician": "STAB", "path": "I:\\GSSTI\\rscc\\landcover\\savanna_re\\For report\\Issah_13_14_points.shp" }, "geometry": { "type": "Point", "coordinates": [ -0.696597883333326, 9.565767166666671 ] } },
{ "type": "Feature", "properties": { "fid": 1013.0, "CropType": "sorg", "Photo1": "DCIM/JPEG_20201214094441795.jpg", "Photo2": "DCIM/JPEG_20201214094545084.jpg", "Photo3": "DCIM/JPEG_20201214094631362.jpg", "Photo4": "DCIM/JPEG_20201214095737459.jpg", "Irrigation": "TRUE", "District": "SANA", "Region": "NORT", "Zone": "sava", "Date": "2020-12-14", "Technician": "STAB", "path": "I:\\GSSTI\\rscc\\landcover\\savanna_re\\For report\\Issah_13_14_points.shp" }, "geometry": { "type": "Point", "coordinates": [ -0.69144821666667, 9.568396783333313 ] } },
{ "type": "Feature", "properties": { "fid": 1014.0, "CropType": "sorg", "Photo1": "DCIM/JPEG_20201214120328207.jpg", "Photo2": "DCIM/JPEG_20201214120434044.jpg", "Photo3": "DCIM/JPEG_20201214120501386.jpg", "Photo4": "DCIM/JPEG_20201214120548090.jpg", "Irrigation": "TRUE", "District": "SANA", "Region": "NORT", "Zone": "sava", "Date": "2020-12-14", "Technician": "STAB", "path": "I:\\GSSTI\\rscc\\landcover\\savanna_re\\For report\\Issah_13_14_points.shp" }, "geometry": { "type": "Point", "coordinates": [ -0.686912349635105, 9.576612322029179 ] } },
{ "type": "Feature", "properties": { "fid": 1015.0, "CropType": "maiz", "Photo1": "DCIM/JPEG_20201214124524685.jpg", "Photo2": "DCIM/JPEG_20201214124636888.jpg", "Photo3": "DCIM/JPEG_20201214124706017.jpg", "Photo4": "DCIM/JPEG_20201214124728923.jpg", "Irrigation": "TRUE", "District": "SANA", "Region": "NORT", "Zone": "sava", "Date": "2020-12-14", "Technician": "STAB", "path": "I:\\GSSTI\\rscc\\landcover\\savanna_re\\For report\\Issah_13_14_points.shp" }, "geometry": { "type": "Point", "coordinates": [ -0.6463038, 9.593606099999983 ] } },
{ "type": "Feature", "properties": { "fid": 1019.0, "CropType": "maiz", "Photo1": "DCIM/JPEG_20201214135527729.jpg", "Photo2": "DCIM/JPEG_20201214135635192.jpg", "Photo3": "DCIM/JPEG_20201214124706017.jpg", "Photo4": "DCIM/JPEG_20201214124728923.jpg", "Irrigation": "TRUE", "District": "SANA", "Region": "NORT", "Zone": "sava", "Date": "2020-12-14", "Technician": "STAB", "path": "I:\\GSSTI\\rscc\\landcover\\savanna_re\\For report\\Issah_13_14_points.shp" }, "geometry": { "type": "Point", "coordinates": [ -0.5543328, 9.628012016666666 ] } },
{ "type": "Feature", "properties": { "fid": 1020.0, "CropType": "maiz", "Photo1": "DCIM/JPEG_20201214144003614.jpg", "Photo2": "DCIM/JPEG_20201214144041913.jpg", "Photo3": "DCIM/JPEG_20201214144153852.jpg", "Photo4": "DCIM/JPEG_20201214144513415.jpg", "Irrigation": "TRUE", "District": "GUSH", "Region": "NORT", "Zone": "sava", "Date": "2020-12-14", "Technician": "STAB", "path": "I:\\GSSTI\\rscc\\landcover\\savanna_re\\For report\\Issah_13_14_points.shp" }, "geometry": { "type": "Point", "coordinates": [ -0.892569719090133, 6.154789386770441 ] } },
{ "type": "Feature", "properties": { "fid": 1002.0, "CropType": "maiz", "Photo1": "DCIM/JPEG_20201215093119345.jpg", "Photo2": "DCIM/JPEG_20201215093207423.jpg", "Photo3": "DCIM/JPEG_20201215093226429.jpg", "Photo4": "DCIM/JPEG_20201215093257955.jpg", "Irrigation": "TRUE", "District": "TECH", "Region": "NORT", "Zone": "sava", "Date": "2020-12-15", "Technician": "STAB", "path": "I:\\GSSTI\\rscc\\landcover\\savanna_re\\For report\\Issah_16_122020_point.shp" }, "geometry": { "type": "Point", "coordinates": [ -0.72236805, 9.44986698333334 ] } },
{ "type": "Feature", "properties": { "fid": 1003.0, "CropType": "rice", "Photo1": "DCIM/JPEG_20201215095140643.jpg", "Photo2": "DCIM/JPEG_20201215095252829.jpg", "Photo3": "DCIM/JPEG_20201215095315052.jpg", "Photo4": "DCIM/JPEG_20201215095347225.jpg", "Irrigation": "TRUE", "District": "TAMA", "Region": "NORT", "Zone": "sava", "Date": "2020-12-15", "Technician": "STAB", "path": "I:\\GSSTI\\rscc\\landcover\\savanna_re\\For report\\Issah_16_122020_point.shp" }, "geometry": { "type": "Point", "coordinates": [ -0.722585997660743, 9.450317247438354 ] } },
{ "type": "Feature", "properties": { "fid": 1004.0, "CropType": "rice", "Photo1": "DCIM/JPEG_20201215095902443.jpg", "Photo2": "DCIM/JPEG_20201215095933602.jpg", "Photo3": "DCIM/JPEG_20201215095959602.jpg", "Photo4": "DCIM/JPEG_20201215100019004.jpg", "Irrigation": "TRUE", "District": "TAMA", "Region": "NORT", "Zone": "sava", "Date": "2020-12-15", "Technician": "STAB", "path": "I:\\GSSTI\\rscc\\landcover\\savanna_re\\For report\\Issah_16_122020_point.shp" }, "geometry": { "type": "Point", "coordinates": [ -0.718326783333345, 9.452411533333324 ] } },
{ "type": "Feature", "properties": { "fid": 1005.0, "CropType": "rice", "Photo1": "DCIM/JPEG_20201215100544765.jpg", "Photo2": "DCIM/JPEG_20201215100655947.jpg", "Photo3": "DCIM/JPEG_20201215100736854.jpg", "Photo4": "DCIM/JPEG_20201215100019004.jpg", "Irrigation": "TRUE", "District": "TAMA", "Region": "NORT", "Zone": "sava", "Date": "2020-12-15", "Technician": "STAB", "path": "I:\\GSSTI\\rscc\\landcover\\savanna_re\\For report\\Issah_16_122020_point.shp" }, "geometry": { "type": "Point", "coordinates": [ -0.717355283333333, 9.45391505 ] } },
{ "type": "Feature", "properties": { "fid": 1008.0, "CropType": "sorg", "Photo1": "DCIM/JPEG_20201215112655783.jpg", "Photo2": "DCIM/JPEG_20201215112752591.jpg", "Photo3": "DCIM/JPEG_20201215112937225.jpg", "Photo4": "DCIM/JPEG_20201215112818642.jpg", "Irrigation": "TRUE", "District": "TAMA", "Region": "NORT", "Zone": "sava", "Date": "2020-12-15", "Technician": "STAB", "path": "I:\\GSSTI\\rscc\\landcover\\savanna_re\\For report\\Issah_16_122020_point.shp" }, "geometry": { "type": "Point", "coordinates": [ -0.709530033333338, 9.464226766666664 ] } },
{ "type": "Feature", "properties": { "fid": 1010.0, "CropType": "sorg", "Photo1": "DCIM/JPEG_20201215113512903.jpg", "Photo2": "DCIM/JPEG_20201215112752591.jpg", "Photo3": "DCIM/JPEG_20201215112937225.jpg", "Photo4": "DCIM/JPEG_20201215112818642.jpg", "Irrigation": "TRUE", "District": "SANA", "Region": "NORT", "Zone": "sava", "Date": "2020-12-15", "Technician": "STAB", "path": "I:\\GSSTI\\rscc\\landcover\\savanna_re\\For report\\Issah_16_122020_point.shp" }, "geometry": { "type": "Point", "coordinates": [ -0.702878747447869, 9.467379564075763 ] } },
{ "type": "Feature", "properties": { "fid": 1011.0, "CropType": "sorg", "Photo1": "DCIM/JPEG_20201215113839967.jpg", "Photo2": "DCIM/JPEG_20201215113906989.jpg", "Photo3": "DCIM/JPEG_20201215113929562.jpg", "Photo4": "DCIM/JPEG_20201215114005636.jpg", "Irrigation": "TRUE", "District": "SANA", "Region": "NORT", "Zone": "sava", "Date": "2020-12-15", "Technician": "STAB", "path": "I:\\GSSTI\\rscc\\landcover\\savanna_re\\For report\\Issah_16_122020_point.shp" }, "geometry": { "type": "Point", "coordinates": [ -0.7062207, 9.466663583333315 ] } },
{ "type": "Feature", "properties": { "fid": 1013.0, "CropType": "maiz", "Photo1": "DCIM/JPEG_20201215122329586.jpg", "Photo2": "DCIM/JPEG_20201215122722572.jpg", "Photo3": "DCIM/JPEG_20201215122858820.jpg", "Photo4": "DCIM/JPEG_20201215122447524.jpg", "Irrigation": "TRUE", "District": "SANA", "Region": "NORT", "Zone": "sava", "Date": "2020-12-15", "Technician": "STAB", "path": "I:\\GSSTI\\rscc\\landcover\\savanna_re\\For report\\Issah_16_122020_point.shp" }, "geometry": { "type": "Point", "coordinates": [ -0.69088986666666, 9.47727825 ] } },
{ "type": "Feature", "properties": { "fid": 1015.0, "CropType": "maiz", "Photo1": "DCIM/JPEG_20201215125800328.jpg", "Photo2": "DCIM/JPEG_20201215125827464.jpg", "Photo3": "DCIM/JPEG_20201215130008792.jpg", "Photo4": "DCIM/JPEG_20201215125854119.jpg", "Irrigation": "TRUE", "District": "SANA", "Region": "NORT", "Zone": "sava", "Date": "2020-12-15", "Technician": "STAB", "path": "I:\\GSSTI\\rscc\\landcover\\savanna_re\\For report\\Issah_16_122020_point.shp" }, "geometry": { "type": "Point", "coordinates": [ -0.691240166666663, 9.480546533333326 ] } },
{ "type": "Feature", "properties": { "fid": 1017.0, "CropType": "rice", "Photo1": "DCIM/JPEG_20201215134948609.jpg", "Photo2": "DCIM/JPEG_20201215135011382.jpg", "Photo3": "DCIM/JPEG_20201215135055890.jpg", "Photo4": "DCIM/JPEG_20201215135125909.jpg", "Irrigation": "TRUE", "District": "SANA", "Region": "NORT", "Zone": "sava", "Date": "2020-12-15", "Technician": "STAB", "path": "I:\\GSSTI\\rscc\\landcover\\savanna_re\\For report\\Issah_16_122020_point.shp" }, "geometry": { "type": "Point", "coordinates": [ -0.693281720193636, 9.487480658477606 ] } },
{ "type": "Feature", "properties": { "fid": 1018.0, "CropType": "maiz", "Photo1": "DCIM/JPEG_20201215143505764.jpg", "Photo2": "DCIM/JPEG_20201215143539640.jpg", "Photo3": "DCIM/JPEG_20201215143559133.jpg", "Photo4": "DCIM/JPEG_20201215143633309.jpg", "Irrigation": "TRUE", "District": "SANA", "Region": "NORT", "Zone": "sava", "Date": "2020-12-15", "Technician": "STAB", "path": "I:\\GSSTI\\rscc\\landcover\\savanna_re\\For report\\Issah_16_122020_point.shp" }, "geometry": { "type": "Point", "coordinates": [ -0.696341566666672, 9.493125133333315 ] } },
{ "type": "Feature", "properties": { "fid": 1019.0, "CropType": "maiz", "Photo1": "DCIM/JPEG_20201215144215889.jpg", "Photo2": "DCIM/JPEG_20201215144250082.jpg", "Photo3": "DCIM/JPEG_20201215144311931.jpg", "Photo4": "DCIM/JPEG_20201215144332160.jpg", "Irrigation": "TRUE", "District": "SANA", "Region": "NORT", "Zone": "sava", "Date": "2020-12-15", "Technician": "STAB", "path": "I:\\GSSTI\\rscc\\landcover\\savanna_re\\For report\\Issah_16_122020_point.shp" }, "geometry": { "type": "Point", "coordinates": [ -0.697386866666675, 9.492386566666669 ] } },
{ "type": "Feature", "properties": { "fid": 1020.0, "CropType": "maiz", "Photo1": "DCIM/JPEG_20201215150036177.jpg", "Photo2": "DCIM/JPEG_20201215150102484.jpg", "Photo3": "DCIM/JPEG_20201215150118912.jpg", "Photo4": "DCIM/JPEG_20201215150637126.jpg", "Irrigation": "TRUE", "District": "SANA", "Region": "NORT", "Zone": "sava", "Date": "2020-12-15", "Technician": "STAB", "path": "I:\\GSSTI\\rscc\\landcover\\savanna_re\\For report\\Issah_16_122020_point.shp" }, "geometry": { "type": "Point", "coordinates": [ -0.697947916666679, 9.49739245 ] } },
{ "type": "Feature", "properties": { "fid": 1021.0, "CropType": "maiz", "Photo1": "DCIM/JPEG_20201215152447241.jpg", "Photo2": "DCIM/JPEG_20201215152535493.jpg", "Photo3": "DCIM/JPEG_20201215152628820.jpg", "Photo4": "DCIM/JPEG_20201215152645218.jpg", "Irrigation": "TRUE", "District": "SANA", "Region": "NORT", "Zone": "sava", "Date": "2020-12-15", "Technician": "STAB", "path": "I:\\GSSTI\\rscc\\landcover\\savanna_re\\For report\\Issah_16_122020_point.shp" }, "geometry": { "type": "Point", "coordinates": [ -0.70029955, 9.5067416 ] } },
{ "type": "Feature", "properties": { "fid": 1027.0, "CropType": "sorg", "Photo1": "DCIM/JPEG_20201216083627998.jpg", "Photo2": "DCIM/JPEG_20201216083643362.jpg", "Photo3": "DCIM/JPEG_20201216083704167.jpg", "Photo4": "DCIM/JPEG_20201216083721965.jpg", "Irrigation": "TRUE", "District": "TAMA", "Region": "NORT", "Zone": "sava", "Date": "2020-12-16", "Technician": "STAB", "path": "I:\\GSSTI\\rscc\\landcover\\savanna_re\\For report\\Issah_16_122020_point.shp" }, "geometry": { "type": "Point", "coordinates": [ -0.73181965, 9.394158299999985 ] } },
{ "type": "Feature", "properties": { "fid": 1030.0, "CropType": "rice", "Photo1": "DCIM/JPEG_20201216091245041.jpg", "Photo2": "DCIM/JPEG_20201216091320998.jpg", "Photo3": "DCIM/JPEG_20201216091415741.jpg", "Photo4": "DCIM/JPEG_20201216091542018.jpg", "Irrigation": "TRUE", "District": "TAMA", "Region": "NORT", "Zone": "sava", "Date": "2020-12-16", "Technician": "STAB", "path": "I:\\GSSTI\\rscc\\landcover\\savanna_re\\For report\\Issah_16_122020_point.shp" }, "geometry": { "type": "Point", "coordinates": [ -0.7300146, 9.396854266666665 ] } },
{ "type": "Feature", "properties": { "fid": 1031.0, "CropType": "rice", "Photo1": "DCIM/JPEG_20201216093644302.jpg", "Photo2": "DCIM/JPEG_20201216093704299.jpg", "Photo3": "DCIM/JPEG_20201216093719287.jpg", "Photo4": "DCIM/JPEG_20201216093743057.jpg", "Irrigation": "TRUE", "District": "TAMA", "Region": "NORT", "Zone": "sava", "Date": "2020-12-16", "Technician": "STAB", "path": "I:\\GSSTI\\rscc\\landcover\\savanna_re\\For report\\Issah_16_122020_point.shp" }, "geometry": { "type": "Point", "coordinates": [ -0.727275283333321, 9.401406416666671 ] } },
{ "type": "Feature", "properties": { "fid": 1032.0, "CropType": "Pigeon Pea", "Photo1": "DCIM/JPEG_20201216095831416.jpg", "Photo2": "DCIM/JPEG_20201216095907367.jpg", "Photo3": "DCIM/JPEG_20201216095922991.jpg", "Photo4": "DCIM/JPEG_20201216095942600.jpg", "Irrigation": "TRUE", "District": "TAMA", "Region": "NORT", "Zone": "sava", "Date": "2020-12-16", "Technician": "STAB", "path": "I:\\GSSTI\\rscc\\landcover\\savanna_re\\For report\\Issah_16_122020_point.shp" }, "geometry": { "type": "Point", "coordinates": [ -0.727643333333325, 9.402248983333333 ] } },
{ "type": "Feature", "properties": { "fid": 1033.0, "CropType": "rice", "Photo1": "DCIM/JPEG_20201216100937083.jpg", "Photo2": "DCIM/JPEG_20201216100957481.jpg", "Photo3": "DCIM/JPEG_20201216101014394.jpg", "Photo4": "DCIM/JPEG_20201216101050725.jpg", "Irrigation": "TRUE", "District": "TAMA", "Region": "NORT", "Zone": "sava", "Date": "2020-12-16", "Technician": "STAB", "path": "I:\\GSSTI\\rscc\\landcover\\savanna_re\\For report\\Issah_16_122020_point.shp" }, "geometry": { "type": "Point", "coordinates": [ -0.729518683333326, 9.403581499999989 ] } },
{ "type": "Feature", "properties": { "fid": 1034.0, "CropType": "rice", "Photo1": "DCIM/JPEG_20201216102948039.jpg", "Photo2": "DCIM/JPEG_20201216103015203.jpg", "Photo3": "DCIM/JPEG_20201216103043192.jpg", "Photo4": "DCIM/JPEG_20201216103107768.jpg", "Irrigation": "TRUE", "District": "TAMA", "Region": "NORT", "Zone": "sava", "Date": "2020-12-16", "Technician": "STAB", "path": "I:\\GSSTI\\rscc\\landcover\\savanna_re\\For report\\Issah_16_122020_point.shp" }, "geometry": { "type": "Point", "coordinates": [ -0.7290198, 9.4073229 ] } },
{ "type": "Feature", "properties": { "fid": 1035.0, "CropType": "Pigeon Pea", "Photo1": "DCIM/JPEG_20201216103427303.jpg", "Photo2": "DCIM/JPEG_20201216103509504.jpg", "Photo3": "DCIM/JPEG_20201216103554513.jpg", "Photo4": "DCIM/JPEG_20201216103619190.jpg", "Irrigation": "TRUE", "District": "TAMA", "Region": "NORT", "Zone": "sava", "Date": "2020-12-16", "Technician": "STAB", "path": "I:\\GSSTI\\rscc\\landcover\\savanna_re\\For report\\Issah_16_122020_point.shp" }, "geometry": { "type": "Point", "coordinates": [ -0.7290198, 9.4073229 ] } },
{ "type": "Feature", "properties": { "fid": 1036.0, "CropType": "rice", "Photo1": "DCIM/JPEG_20201216111324170.jpg", "Photo2": "DCIM/JPEG_20201216111402968.jpg", "Photo3": "DCIM/JPEG_20201216111449357.jpg", "Photo4": "DCIM/JPEG_20201216111525353.jpg", "Irrigation": "TRUE", "District": "TAMA", "Region": "NORT", "Zone": "sava", "Date": "2020-12-16", "Technician": "STAB", "path": "I:\\GSSTI\\rscc\\landcover\\savanna_re\\For report\\Issah_16_122020_point.shp" }, "geometry": { "type": "Point", "coordinates": [ -0.7290198, 9.4073229 ] } },
{ "type": "Feature", "properties": { "fid": 1039.0, "CropType": "rice", "Photo1": "DCIM/JPEG_20201216113327826.jpg", "Photo2": "DCIM/JPEG_20201216113458164.jpg", "Photo3": "DCIM/JPEG_20201216113515465.jpg", "Photo4": "DCIM/JPEG_20201216113529545.jpg", "Irrigation": "TRUE", "District": "TAMA", "Region": "NORT", "Zone": "sava", "Date": "2020-12-16", "Technician": "STAB", "path": "I:\\GSSTI\\rscc\\landcover\\savanna_re\\For report\\Issah_16_122020_point.shp" }, "geometry": { "type": "Point", "coordinates": [ -0.726129533333339, 9.413270983333316 ] } },
{ "type": "Feature", "properties": { "fid": 1040.0, "CropType": "maiz", "Photo1": "DCIM/JPEG_20201216114821348.jpg", "Photo2": "DCIM/JPEG_20201216114850336.jpg", "Photo3": "DCIM/JPEG_20201216114911440.jpg", "Photo4": "DCIM/JPEG_20201216114928548.jpg", "Irrigation": "TRUE", "District": "TAMA", "Region": "NORT", "Zone": "sava", "Date": "2020-12-16", "Technician": "STAB", "path": "I:\\GSSTI\\rscc\\landcover\\savanna_re\\For report\\Issah_16_122020_point.shp" }, "geometry": { "type": "Point", "coordinates": [ -0.725978616666659, 9.418731066666671 ] } },
{ "type": "Feature", "properties": { "fid": 1041.0, "CropType": "sorg", "Photo1": "DCIM/JPEG_20201216115306879.jpg", "Photo2": "DCIM/JPEG_20201216115347654.jpg", "Photo3": "DCIM/JPEG_20201216115400249.jpg", "Photo4": "DCIM/JPEG_20201216115415535.jpg", "Irrigation": "TRUE", "District": "TAMA", "Region": "NORT", "Zone": "sava", "Date": "2020-12-16", "Technician": "STAB", "path": "I:\\GSSTI\\rscc\\landcover\\savanna_re\\For report\\Issah_16_122020_point.shp" }, "geometry": { "type": "Point", "coordinates": [ -0.725826306214278, 9.418473558633686 ] } },
{ "type": "Feature", "properties": { "fid": 1042.0, "CropType": "maiz", "Photo1": "DCIM/JPEG_20201216120842335.jpg", "Photo2": "DCIM/JPEG_20201216120901072.jpg", "Photo3": "DCIM/JPEG_20201216115400249.jpg", "Photo4": "DCIM/JPEG_20201216115415535.jpg", "Irrigation": "TRUE", "District": null, "Region": "NORT", "Zone": "sava", "Date": "2020-12-16", "Technician": "STAB", "path": "I:\\GSSTI\\rscc\\landcover\\savanna_re\\For report\\Issah_16_122020_point.shp" }, "geometry": { "type": "Point", "coordinates": [ -0.723378083333336, 9.414462966666656 ] } },
{ "type": "Feature", "properties": { "fid": 1043.0, "CropType": "rice", "Photo1": "DCIM/JPEG_20201216142937347.jpg", "Photo2": "DCIM/JPEG_20201216143003971.jpg", "Photo3": "DCIM/JPEG_20201216143026353.jpg", "Photo4": "DCIM/JPEG_20201216143041739.jpg", "Irrigation": "TRUE", "District": "TAMA", "Region": "NORT", "Zone": "sava", "Date": "2020-12-16", "Technician": "STAB", "path": "I:\\GSSTI\\rscc\\landcover\\savanna_re\\For report\\Issah_16_122020_point.shp" }, "geometry": { "type": "Point", "coordinates": [ -0.58858505, 9.3740306 ] } },
{ "type": "Feature", "properties": { "fid": 1044.0, "CropType": "maiz", "Photo1": "DCIM/JPEG_20201216150648012.jpg", "Photo2": "DCIM/JPEG_20201216150714693.jpg", "Photo3": "DCIM/JPEG_20201216150742019.jpg", "Photo4": "DCIM/JPEG_20201216150800876.jpg", "Irrigation": "TRUE", "District": "TAMA", "Region": "NORT", "Zone": "sava", "Date": "2020-12-16", "Technician": "STAB", "path": "I:\\GSSTI\\rscc\\landcover\\savanna_re\\For report\\Issah_16_122020_point.shp" }, "geometry": { "type": "Point", "coordinates": [ -0.56830675, 9.365337383333337 ] } },
{ "type": "Feature", "properties": { "fid": 1045.0, "CropType": "soyb", "Photo1": "DCIM/JPEG_20201216151924648.jpg", "Photo2": "DCIM/JPEG_20201216151948562.jpg", "Photo3": "DCIM/JPEG_20201216152014916.jpg", "Photo4": "DCIM/JPEG_20201216152034577.jpg", "Irrigation": "TRUE", "District": "TAMA", "Region": "NORT", "Zone": "sava", "Date": "2020-12-16", "Technician": "STAB", "path": "I:\\GSSTI\\rscc\\landcover\\savanna_re\\For report\\Issah_16_122020_point.shp" }, "geometry": { "type": "Point", "coordinates": [ -0.56949445, 9.361536216666657 ] } },
{ "type": "Feature", "properties": { "fid": 1046.0, "CropType": "Pigeon Pea", "Photo1": "DCIM/JPEG_20201216155242775.jpg", "Photo2": "DCIM/JPEG_20201216155302818.jpg", "Photo3": "DCIM/JPEG_20201216155402598.jpg", "Photo4": "DCIM/JPEG_20201216155430456.jpg", "Irrigation": "TRUE", "District": "TAMA", "Region": "NORT", "Zone": "sava", "Date": "2020-12-16", "Technician": "STAB", "path": "I:\\GSSTI\\rscc\\landcover\\savanna_re\\For report\\Issah_16_122020_point.shp" }, "geometry": { "type": "Point", "coordinates": [ -0.558385216666679, 9.338625816666649 ] } },
{ "type": "Feature", "properties": { "fid": 1047.0, "CropType": "cass", "Photo1": "DCIM/JPEG_20201216160534881.jpg", "Photo2": "DCIM/JPEG_20201216160554618.jpg", "Photo3": "DCIM/JPEG_20201216160618770.jpg", "Photo4": "DCIM/JPEG_20201216160712933.jpg", "Irrigation": "TRUE", "District": "TAMA", "Region": "NORT", "Zone": "sava", "Date": "2020-12-16", "Technician": "STAB", "path": "I:\\GSSTI\\rscc\\landcover\\savanna_re\\For report\\Issah_16_122020_point.shp" }, "geometry": { "type": "Point", "coordinates": [ -0.55808220000001, 9.340816649999985 ] } },
{ "type": "Feature", "properties": { "fid": 1049.0, "CropType": "sorg", "Photo1": "DCIM/JPEG_20201216164113593.jpg", "Photo2": "DCIM/JPEG_20201216164134602.jpg", "Photo3": "DCIM/JPEG_20201216164153537.jpg", "Photo4": "DCIM/JPEG_20201216164208909.jpg", "Irrigation": "TRUE", "District": "TAMA", "Region": "NORT", "Zone": "sava", "Date": "2020-12-16", "Technician": "STAB", "path": "I:\\GSSTI\\rscc\\landcover\\savanna_re\\For report\\Issah_16_122020_point.shp" }, "geometry": { "type": "Point", "coordinates": [ -0.557325615403717, 9.3586132066298 ] } },
{ "type": "Feature", "properties": { "fid": 101.0, "CropType": "sorg", "Photo1": "DCIM/JPEG_20201217141310072.jpg", "Photo2": "DCIM/JPEG_20201217141325318.jpg", "Photo3": "DCIM/JPEG_20201217141352622.jpg", "Photo4": "DCIM/JPEG_20201217141410038.jpg", "Irrigation": "TRUE", "District": "YEND", "Region": "NORT", "Zone": "sava", "Date": "2020-12-17", "Technician": "STAB", "path": "I:\\GSSTI\\rscc\\landcover\\savanna_re\\For report\\Issah_17_21122020_point.shp" }, "geometry": { "type": "Point", "coordinates": [ -0.504613833333331, 9.372293749999981 ] } },
{ "type": "Feature", "properties": { "fid": 103.0, "CropType": "cowp", "Photo1": "DCIM/JPEG_20201219085420251.jpg", "Photo2": "DCIM/JPEG_20201219085445792.jpg", "Photo3": "DCIM/JPEG_20201219085458735.jpg", "Photo4": "DCIM/JPEG_20201219085532884.jpg", "Irrigation": "TRUE", "District": "YEND", "Region": "NORT", "Zone": "sava", "Date": "2020-12-19", "Technician": "STAB", "path": "I:\\GSSTI\\rscc\\landcover\\savanna_re\\For report\\Issah_17_21122020_point.shp" }, "geometry": { "type": "Point", "coordinates": [ -0.271201166666662, 9.6230083 ] } },
{ "type": "Feature", "properties": { "fid": 104.0, "CropType": "mill", "Photo1": "DCIM/JPEG_20201219102034273.jpg", "Photo2": "DCIM/JPEG_20201219102055515.jpg", "Photo3": "DCIM/JPEG_20201219102111320.jpg", "Photo4": "DCIM/JPEG_20201219102130763.jpg", "Irrigation": "TRUE", "District": "YEND", "Region": "NORT", "Zone": "sava", "Date": "2020-12-19", "Technician": "STAB", "path": "I:\\GSSTI\\rscc\\landcover\\savanna_re\\For report\\Issah_17_21122020_point.shp" }, "geometry": { "type": "Point", "coordinates": [ -0.266995116666674, 9.661878749999989 ] } },
{ "type": "Feature", "properties": { "fid": 169.0, "CropType": "soyb", "Photo1": "DCIM/JPEG_20201217113420379.jpg", "Photo2": "DCIM/JPEG_20201217113441146.jpg", "Photo3": "DCIM/JPEG_20201217113520959.jpg", "Photo4": "DCIM/JPEG_20201217113543822.jpg", "Irrigation": "TRUE", "District": "YEND", "Region": "NORT", "Zone": "sava", "Date": "2020-12-17", "Technician": "STAB", "path": "I:\\GSSTI\\rscc\\landcover\\savanna_re\\For report\\Issah_17_21122020_point.shp" }, "geometry": { "type": "Point", "coordinates": [ -0.48901455, 9.392931899999981 ] } },
{ "type": "Feature", "properties": { "fid": 189.0, "CropType": "rice", "Photo1": "DCIM/JPEG_20201217155630677.jpg", "Photo2": "DCIM/JPEG_20201217155758778.jpg", "Photo3": "DCIM/JPEG_20201217155938161.jpg", "Photo4": "DCIM/JPEG_20201217155817456.jpg", "Irrigation": "TRUE", "District": "YEND", "Region": "NORT", "Zone": "sava", "Date": "2020-12-17", "Technician": "STAB", "path": "I:\\GSSTI\\rscc\\landcover\\savanna_re\\For report\\Issah_17_21122020_point.shp" }, "geometry": { "type": "Point", "coordinates": [ -0.450162133333332, 9.37419361666667 ] } },
{ "type": "Feature", "properties": { "fid": 1028.0, "CropType": "mill", "Photo1": "DCIM/JPEG_20201218160028634.jpg", "Photo2": "DCIM/JPEG_20201218160056746.jpg", "Photo3": "DCIM/JPEG_20201218160114323.jpg", "Photo4": "DCIM/JPEG_20201218160133745.jpg", "Irrigation": "TRUE", "District": "YEND", "Region": "NORT", "Zone": "sava", "Date": "2020-12-18", "Technician": "STAB", "path": "I:\\GSSTI\\rscc\\landcover\\savanna_re\\For report\\Issah_17_21122020_point.shp" }, "geometry": { "type": "Point", "coordinates": [ -0.29228175, 9.617502216666656 ] } },
{ "type": "Feature", "properties": { "fid": 1030.0, "CropType": "sorg", "Photo1": "DCIM/JPEG_20201218160900513.jpg", "Photo2": "DCIM/JPEG_20201218160926985.jpg", "Photo3": "DCIM/JPEG_20201218160953444.jpg", "Photo4": "DCIM/JPEG_20201218161012888.jpg", "Irrigation": "TRUE", "District": "YEND", "Region": "NORT", "Zone": "sava", "Date": "2020-12-18", "Technician": "STAB", "path": "I:\\GSSTI\\rscc\\landcover\\savanna_re\\For report\\Issah_17_21122020_point.shp" }, "geometry": { "type": "Point", "coordinates": [ -0.284775983333321, 9.61954506666666 ] } },
{ "type": "Feature", "properties": { "fid": 1031.0, "CropType": "Pigeon Pea", "Photo1": "DCIM/JPEG_20201219070303379.jpg", "Photo2": "DCIM/JPEG_20201219070320493.jpg", "Photo3": "DCIM/JPEG_20201219070336261.jpg", "Photo4": "DCIM/JPEG_20201219070408008.jpg", "Irrigation": "TRUE", "District": "YEND", "Region": "NORT", "Zone": "sava", "Date": "2020-12-19", "Technician": "STAB", "path": "I:\\GSSTI\\rscc\\landcover\\savanna_re\\For report\\Issah_17_21122020_point.shp" }, "geometry": { "type": "Point", "coordinates": [ -0.306814033333336, 9.495795733333313 ] } },
{ "type": "Feature", "properties": { "fid": 1035.0, "CropType": "grou", "Photo1": "DCIM/JPEG_20201219074401454.jpg", "Photo2": "DCIM/JPEG_20201219074428583.jpg", "Photo3": "DCIM/JPEG_20201219074448884.jpg", "Photo4": "DCIM/JPEG_20201219074506352.jpg", "Irrigation": "TRUE", "District": "YEND", "Region": "NORT", "Zone": "sava", "Date": "2020-12-19", "Technician": "STAB", "path": "I:\\GSSTI\\rscc\\landcover\\savanna_re\\For report\\Issah_17_21122020_point.shp" }, "geometry": { "type": "Point", "coordinates": [ -0.29515795, 9.508193333333326 ] } },
{ "type": "Feature", "properties": { "fid": 1036.0, "CropType": "grou", "Photo1": "DCIM/JPEG_20201219075248361.jpg", "Photo2": "DCIM/JPEG_20201219075332209.jpg", "Photo3": "DCIM/JPEG_20201219074448884.jpg", "Photo4": "DCIM/JPEG_20201219075405072.jpg", "Irrigation": "TRUE", "District": "YEND", "Region": "NORT", "Zone": "sava", "Date": "2020-12-19", "Technician": "STAB", "path": "I:\\GSSTI\\rscc\\landcover\\savanna_re\\For report\\Issah_17_21122020_point.shp" }, "geometry": { "type": "Point", "coordinates": [ -0.29914275, 9.507443866666659 ] } },
{ "type": "Feature", "properties": { "fid": 1037.0, "CropType": "mill", "Photo1": "DCIM/JPEG_20201219083117800.jpg", "Photo2": "DCIM/JPEG_20201219083140059.jpg", "Photo3": "DCIM/JPEG_20201219083154991.jpg", "Photo4": "DCIM/JPEG_20201219083209891.jpg", "Irrigation": "TRUE", "District": "YEND", "Region": "NORT", "Zone": "sava", "Date": "2020-12-19", "Technician": "STAB", "path": "I:\\GSSTI\\rscc\\landcover\\savanna_re\\For report\\Issah_17_21122020_point.shp" }, "geometry": { "type": "Point", "coordinates": [ -0.27337605, 9.623171716666658 ] } },
{ "type": "Feature", "properties": { "fid": 1038.0, "CropType": "mill", "Photo1": "DCIM/JPEG_20201219083717580.jpg", "Photo2": "DCIM/JPEG_20201219083737193.jpg", "Photo3": "DCIM/JPEG_20201219083756322.jpg", "Photo4": "DCIM/JPEG_20201219083814715.jpg", "Irrigation": "TRUE", "District": "YEND", "Region": "NORT", "Zone": "sava", "Date": "2020-12-19", "Technician": "STAB", "path": "I:\\GSSTI\\rscc\\landcover\\savanna_re\\For report\\Issah_17_21122020_point.shp" }, "geometry": { "type": "Point", "coordinates": [ -0.274037216666679, 9.622834883333336 ] } },
{ "type": "Feature", "properties": { "fid": 1039.0, "CropType": "mill", "Photo1": "DCIM/JPEG_20201219084343953.jpg", "Photo2": "DCIM/JPEG_20201219084406042.jpg", "Photo3": "DCIM/JPEG_20201219084424569.jpg", "Photo4": "DCIM/JPEG_20201219084442330.jpg", "Irrigation": "TRUE", "District": "YEND", "Region": "NORT", "Zone": "sava", "Date": "2020-12-19", "Technician": "STAB", "path": "I:\\GSSTI\\rscc\\landcover\\savanna_re\\For report\\Issah_17_21122020_point.shp" }, "geometry": { "type": "Point", "coordinates": [ -0.2715593, 9.6228721 ] } },
{ "type": "Feature", "properties": { "fid": 1041.0, "CropType": "soyb", "Photo1": "DCIM/JPEG_20201219090118688.jpg", "Photo2": "DCIM/JPEG_20201219090135357.jpg", "Photo3": "DCIM/JPEG_20201219090151676.jpg", "Photo4": "DCIM/JPEG_20201219090215957.jpg", "Irrigation": "TRUE", "District": "YEND", "Region": "NORT", "Zone": "sava", "Date": "2020-12-19", "Technician": "STAB", "path": "I:\\GSSTI\\rscc\\landcover\\savanna_re\\For report\\Issah_17_21122020_point.shp" }, "geometry": { "type": "Point", "coordinates": [ -0.269590016666657, 9.622628566666652 ] } },
{ "type": "Feature", "properties": { "fid": 1042.0, "CropType": "mill", "Photo1": "DCIM/JPEG_20201219090531629.jpg", "Photo2": "DCIM/JPEG_20201219090558001.jpg", "Photo3": "DCIM/JPEG_20201219090629814.jpg", "Photo4": "DCIM/JPEG_20201219090648451.jpg", "Irrigation": "TRUE", "District": "YEND", "Region": "NORT", "Zone": "sava", "Date": "2020-12-19", "Technician": "STAB", "path": "I:\\GSSTI\\rscc\\landcover\\savanna_re\\For report\\Issah_17_21122020_point.shp" }, "geometry": { "type": "Point", "coordinates": [ -0.27006805, 9.621554466666655 ] } },
{ "type": "Feature", "properties": { "fid": 1043.0, "CropType": "soyb", "Photo1": "DCIM/JPEG_20201219091133272.jpg", "Photo2": "DCIM/JPEG_20201219091205830.jpg", "Photo3": "DCIM/JPEG_20201219091227683.jpg", "Photo4": "DCIM/JPEG_20201219091246382.jpg", "Irrigation": "TRUE", "District": "YEND", "Region": "NORT", "Zone": "sava", "Date": "2020-12-19", "Technician": "STAB", "path": "I:\\GSSTI\\rscc\\landcover\\savanna_re\\For report\\Issah_17_21122020_point.shp" }, "geometry": { "type": "Point", "coordinates": [ -0.2713443, 9.62044531666665 ] } },
{ "type": "Feature", "properties": { "fid": 1044.0, "CropType": "mill", "Photo1": "DCIM/JPEG_20201219091731321.jpg", "Photo2": "DCIM/JPEG_20201219091807981.jpg", "Photo3": "DCIM/JPEG_20201219091828279.jpg", "Photo4": "DCIM/JPEG_20201219091851362.jpg", "Irrigation": "TRUE", "District": "YEND", "Region": "NORT", "Zone": "sava", "Date": "2020-12-19", "Technician": "STAB", "path": "I:\\GSSTI\\rscc\\landcover\\savanna_re\\For report\\Issah_17_21122020_point.shp" }, "geometry": { "type": "Point", "coordinates": [ -0.273206816666663, 9.620000516666655 ] } },
{ "type": "Feature", "properties": { "fid": 1045.0, "CropType": "mill", "Photo1": "DCIM/JPEG_20201219092958106.jpg", "Photo2": "DCIM/JPEG_20201219093032120.jpg", "Photo3": "DCIM/JPEG_20201219093055637.jpg", "Photo4": "DCIM/JPEG_20201219093118294.jpg", "Irrigation": "TRUE", "District": "YEND", "Region": "NORT", "Zone": "sava", "Date": "2020-12-19", "Technician": "STAB", "path": "I:\\GSSTI\\rscc\\landcover\\savanna_re\\For report\\Issah_17_21122020_point.shp" }, "geometry": { "type": "Point", "coordinates": [ -0.278977383333334, 9.63176383333334 ] } },
{ "type": "Feature", "properties": { "fid": 1046.0, "CropType": "sorg", "Photo1": "DCIM/JPEG_20201219093339052.jpg", "Photo2": "DCIM/JPEG_20201219093358433.jpg", "Photo3": "DCIM/JPEG_20201219093428343.jpg", "Photo4": "DCIM/JPEG_20201219093444347.jpg", "Irrigation": "TRUE", "District": "YEND", "Region": "NORT", "Zone": "sava", "Date": "2020-12-19", "Technician": "STAB", "path": "I:\\GSSTI\\rscc\\landcover\\savanna_re\\For report\\Issah_17_21122020_point.shp" }, "geometry": { "type": "Point", "coordinates": [ -0.279015966123795, 9.631614462400572 ] } },
{ "type": "Feature", "properties": { "fid": 1047.0, "CropType": "sorg", "Photo1": "DCIM/JPEG_20201219093805411.jpg", "Photo2": "DCIM/JPEG_20201219093835945.jpg", "Photo3": "DCIM/JPEG_20201219093428343.jpg", "Photo4": "DCIM/JPEG_20201219093444347.jpg", "Irrigation": "TRUE", "District": "YEND", "Region": "NORT", "Zone": "sava", "Date": "2020-12-19", "Technician": "STAB", "path": "I:\\GSSTI\\rscc\\landcover\\savanna_re\\For report\\Issah_17_21122020_point.shp" }, "geometry": { "type": "Point", "coordinates": [ -0.279779783333341, 9.63353503333334 ] } },
{ "type": "Feature", "properties": { "fid": 1048.0, "CropType": "grou", "Photo1": "DCIM/JPEG_20201219094504898.jpg", "Photo2": "DCIM/JPEG_20201219094521408.jpg", "Photo3": "DCIM/JPEG_20201219094603593.jpg", "Photo4": "DCIM/JPEG_20201219094638318.jpg", "Irrigation": "TRUE", "District": "YEND", "Region": "NORT", "Zone": "sava", "Date": "2020-12-19", "Technician": "STAB", "path": "I:\\GSSTI\\rscc\\landcover\\savanna_re\\For report\\Issah_17_21122020_point.shp" }, "geometry": { "type": "Point", "coordinates": [ -0.282614566666668, 9.636970299999982 ] } },
{ "type": "Feature", "properties": { "fid": 1049.0, "CropType": "sorg", "Photo1": "DCIM/JPEG_20201219095154537.jpg", "Photo2": "DCIM/JPEG_20201219095232020.jpg", "Photo3": "DCIM/JPEG_20201219095254540.jpg", "Photo4": "DCIM/JPEG_20201219095312542.jpg", "Irrigation": "TRUE", "District": "YEND", "Region": "NORT", "Zone": "sava", "Date": "2020-12-19", "Technician": "STAB", "path": "I:\\GSSTI\\rscc\\landcover\\savanna_re\\For report\\Issah_17_21122020_point.shp" }, "geometry": { "type": "Point", "coordinates": [ -0.283628566666657, 9.636779333333324 ] } },
{ "type": "Feature", "properties": { "fid": 1051.0, "CropType": "sorg", "Photo1": "DCIM/JPEG_20201217074835953.jpg", "Photo2": "DCIM/JPEG_20201217074854903.jpg", "Photo3": "DCIM/JPEG_20201217074923759.jpg", "Photo4": "DCIM/JPEG_20201217074950542.jpg", "Irrigation": "TRUE", "District": "TAMA", "Region": "NORT", "Zone": "sava", "Date": "2020-12-17", "Technician": "STAB", "path": "I:\\GSSTI\\rscc\\landcover\\savanna_re\\For report\\Issah_17_21122020_point.shp" }, "geometry": { "type": "Point", "coordinates": [ -0.563171716666661, 9.379281283333336 ] } },
{ "type": "Feature", "properties": { "fid": 1052.0, "CropType": "sorg", "Photo1": "DCIM/JPEG_20201217075633423.jpg", "Photo2": "DCIM/JPEG_20201217075656021.jpg", "Photo3": "DCIM/JPEG_20201217075733955.jpg", "Photo4": "DCIM/JPEG_20201217075752683.jpg", "Irrigation": "TRUE", "District": "YEND", "Region": "NORT", "Zone": "sava", "Date": "2020-12-17", "Technician": "STAB", "path": "I:\\GSSTI\\rscc\\landcover\\savanna_re\\For report\\Issah_17_21122020_point.shp" }, "geometry": { "type": "Point", "coordinates": [ -0.5577628, 9.385225916666673 ] } },
{ "type": "Feature", "properties": { "fid": 1053.0, "CropType": "rice", "Photo1": "DCIM/JPEG_20201217080416817.jpg", "Photo2": "DCIM/JPEG_20201217080437848.jpg", "Photo3": "DCIM/JPEG_20201217080517842.jpg", "Photo4": "DCIM/JPEG_20201217080614142.jpg", "Irrigation": "TRUE", "District": "YEND", "Region": "NORT", "Zone": "sava", "Date": "2020-12-17", "Technician": "STAB", "path": "I:\\GSSTI\\rscc\\landcover\\savanna_re\\For report\\Issah_17_21122020_point.shp" }, "geometry": { "type": "Point", "coordinates": [ -0.556843883333341, 9.38832885 ] } },
{ "type": "Feature", "properties": { "fid": 1054.0, "CropType": "soyb", "Photo1": "DCIM/JPEG_20201217084113049.jpg", "Photo2": "DCIM/JPEG_20201217084139516.jpg", "Photo3": "DCIM/JPEG_20201217084216864.jpg", "Photo4": "DCIM/JPEG_20201217084328392.jpg", "Irrigation": "TRUE", "District": "YEND", "Region": "NORT", "Zone": "sava", "Date": "2020-12-17", "Technician": "STAB", "path": "I:\\GSSTI\\rscc\\landcover\\savanna_re\\For report\\Issah_17_21122020_point.shp" }, "geometry": { "type": "Point", "coordinates": [ -0.531914483333326, 9.383215483333327 ] } },
{ "type": "Feature", "properties": { "fid": 1055.0, "CropType": "soyb", "Photo1": "DCIM/JPEG_20201217084831191.jpg", "Photo2": "DCIM/JPEG_20201217084857004.jpg", "Photo3": "DCIM/JPEG_20201217084930940.jpg", "Photo4": "DCIM/JPEG_20201217084950904.jpg", "Irrigation": "TRUE", "District": "YEND", "Region": "NORT", "Zone": "sava", "Date": "2020-12-17", "Technician": "STAB", "path": "I:\\GSSTI\\rscc\\landcover\\savanna_re\\For report\\Issah_17_21122020_point.shp" }, "geometry": { "type": "Point", "coordinates": [ -0.53288975, 9.3792923 ] } },
{ "type": "Feature", "properties": { "fid": 1056.0, "CropType": "soyb", "Photo1": "DCIM/JPEG_20201217085625824.jpg", "Photo2": "DCIM/JPEG_20201217085643209.jpg", "Photo3": "DCIM/JPEG_20201217085656953.jpg", "Photo4": "DCIM/JPEG_20201217085720436.jpg", "Irrigation": "TRUE", "District": "YEND", "Region": "NORT", "Zone": "sava", "Date": "2020-12-17", "Technician": "STAB", "path": "I:\\GSSTI\\rscc\\landcover\\savanna_re\\For report\\Issah_17_21122020_point.shp" }, "geometry": { "type": "Point", "coordinates": [ -0.533212433333345, 9.379325249999987 ] } },
{ "type": "Feature", "properties": { "fid": 1057.0, "CropType": "soyb", "Photo1": "DCIM/JPEG_20201217090833190.jpg", "Photo2": "DCIM/JPEG_20201217090852454.jpg", "Photo3": "DCIM/JPEG_20201217090927152.jpg", "Photo4": "DCIM/JPEG_20201217091024426.jpg", "Irrigation": "TRUE", "District": "YEND", "Region": "NORT", "Zone": "sava", "Date": "2020-12-17", "Technician": "STAB", "path": "I:\\GSSTI\\rscc\\landcover\\savanna_re\\For report\\Issah_17_21122020_point.shp" }, "geometry": { "type": "Point", "coordinates": [ -0.52216775, 9.394118633333331 ] } },
{ "type": "Feature", "properties": { "fid": 1058.0, "CropType": "soyb", "Photo1": "DCIM/JPEG_20201217090833190.jpg", "Photo2": "DCIM/JPEG_20201217090852454.jpg", "Photo3": "DCIM/JPEG_20201217090927152.jpg", "Photo4": "DCIM/JPEG_20201217091024426.jpg", "Irrigation": "TRUE", "District": "YEND", "Region": "NORT", "Zone": "sava", "Date": "2020-12-17", "Technician": "STAB", "path": "I:\\GSSTI\\rscc\\landcover\\savanna_re\\For report\\Issah_17_21122020_point.shp" }, "geometry": { "type": "Point", "coordinates": [ -0.523136216666663, 9.394189433333336 ] } },
{ "type": "Feature", "properties": { "fid": 1059.0, "CropType": "cowp", "Photo1": "DCIM/JPEG_20201217093104968.jpg", "Photo2": "DCIM/JPEG_20201217093141006.jpg", "Photo3": "DCIM/JPEG_20201217093221806.jpg", "Photo4": "DCIM/JPEG_20201217093241567.jpg", "Irrigation": "TRUE", "District": "YEND", "Region": "NORT", "Zone": "sava", "Date": "2020-12-17", "Technician": "STAB", "path": "I:\\GSSTI\\rscc\\landcover\\savanna_re\\For report\\Issah_17_21122020_point.shp" }, "geometry": { "type": "Point", "coordinates": [ -0.5231645, 9.394184199999989 ] } },
{ "type": "Feature", "properties": { "fid": 1060.0, "CropType": "Pigeon Pea", "Photo1": "DCIM/JPEG_20201217095344754.jpg", "Photo2": "DCIM/JPEG_20201217095411743.jpg", "Photo3": "DCIM/JPEG_20201217095434126.jpg", "Photo4": "DCIM/JPEG_20201217095456008.jpg", "Irrigation": "TRUE", "District": "YEND", "Region": "NORT", "Zone": "sava", "Date": "2020-12-17", "Technician": "STAB", "path": "I:\\GSSTI\\rscc\\landcover\\savanna_re\\For report\\Issah_17_21122020_point.shp" }, "geometry": { "type": "Point", "coordinates": [ -0.52224585, 9.405442316666665 ] } },
{ "type": "Feature", "properties": { "fid": 1061.0, "CropType": "Pigeon Pea", "Photo1": "DCIM/JPEG_20201217100049290.jpg", "Photo2": "DCIM/JPEG_20201217100134091.jpg", "Photo3": "DCIM/JPEG_20201217100151821.jpg", "Photo4": "DCIM/JPEG_20201217100218376.jpg", "Irrigation": "TRUE", "District": "YEND", "Region": "NORT", "Zone": "sava", "Date": "2020-12-17", "Technician": "STAB", "path": "I:\\GSSTI\\rscc\\landcover\\savanna_re\\For report\\Issah_17_21122020_point.shp" }, "geometry": { "type": "Point", "coordinates": [ -0.524283233333336, 9.409222383333327 ] } },
{ "type": "Feature", "properties": { "fid": 1062.0, "CropType": "soyb", "Photo1": "DCIM/JPEG_20201217100913035.jpg", "Photo2": "DCIM/JPEG_20201217100935881.jpg", "Photo3": "DCIM/JPEG_20201217100949866.jpg", "Photo4": "DCIM/JPEG_20201217101010000.jpg", "Irrigation": "TRUE", "District": "YEND", "Region": "NORT", "Zone": "sava", "Date": "2020-12-17", "Technician": "STAB", "path": "I:\\GSSTI\\rscc\\landcover\\savanna_re\\For report\\Issah_17_21122020_point.shp" }, "geometry": { "type": "Point", "coordinates": [ -0.52643985, 9.41098213333332 ] } },
{ "type": "Feature", "properties": { "fid": 1063.0, "CropType": "soyb", "Photo1": "DCIM/JPEG_20201217100913035.jpg", "Photo2": "DCIM/JPEG_20201217100935881.jpg", "Photo3": "DCIM/JPEG_20201217100949866.jpg", "Photo4": "DCIM/JPEG_20201217101010000.jpg", "Irrigation": "TRUE", "District": "YEND", "Region": "NORT", "Zone": "sava", "Date": "2020-12-17", "Technician": "STAB", "path": "I:\\GSSTI\\rscc\\landcover\\savanna_re\\For report\\Issah_17_21122020_point.shp" }, "geometry": { "type": "Point", "coordinates": [ -0.536054483333335, 9.416925883333317 ] } },
{ "type": "Feature", "properties": { "fid": 1064.0, "CropType": "yams", "Photo1": "DCIM/JPEG_20201219103503190.jpg", "Photo2": "DCIM/JPEG_20201219103532050.jpg", "Photo3": "DCIM/JPEG_20201219103546640.jpg", "Photo4": "DCIM/JPEG_20201219103559019.jpg", "Irrigation": "TRUE", "District": "YEND", "Region": "NORT", "Zone": "sava", "Date": "2020-12-19", "Technician": "STAB", "path": "I:\\GSSTI\\rscc\\landcover\\savanna_re\\For report\\Issah_17_21122020_point.shp" }, "geometry": { "type": "Point", "coordinates": [ -0.257133583333342, 9.681551733333315 ] } },
{ "type": "Feature", "properties": { "fid": 1065.0, "CropType": "yams", "Photo1": "DCIM/JPEG_20201219104755168.jpg", "Photo2": "DCIM/JPEG_20201219104816420.jpg", "Photo3": "DCIM/JPEG_20201219104834122.jpg", "Photo4": "DCIM/JPEG_20201219104924238.jpg", "Irrigation": "TRUE", "District": "YEND", "Region": "NORT", "Zone": "sava", "Date": "2020-12-19", "Technician": "STAB", "path": "I:\\GSSTI\\rscc\\landcover\\savanna_re\\For report\\Issah_17_21122020_point.shp" }, "geometry": { "type": "Point", "coordinates": [ -0.260452716666667, 9.7033873 ] } },
{ "type": "Feature", "properties": { "fid": 1066.0, "CropType": "mill", "Photo1": "DCIM/JPEG_20201219135941387.jpg", "Photo2": "DCIM/JPEG_20201219140000091.jpg", "Photo3": "DCIM/JPEG_20201219140014087.jpg", "Photo4": "DCIM/JPEG_20201219140040606.jpg", "Irrigation": "TRUE", "District": "YEND", "Region": "NORT", "Zone": "sava", "Date": "2020-12-19", "Technician": "STAB", "path": "I:\\GSSTI\\rscc\\landcover\\savanna_re\\For report\\Issah_17_21122020_point.shp" }, "geometry": { "type": "Point", "coordinates": [ -0.259002950000012, 9.622363233333321 ] } },
{ "type": "Feature", "properties": { "fid": 1067.0, "CropType": "soyb", "Photo1": "DCIM/JPEG_20201217105236029.jpg", "Photo2": "DCIM/JPEG_20201217105253804.jpg", "Photo3": "DCIM/JPEG_20201217105307812.jpg", "Photo4": "DCIM/JPEG_20201217105324350.jpg", "Irrigation": "TRUE", "District": null, "Region": "NORT", "Zone": "sava", "Date": "2020-12-17", "Technician": "STAB", "path": "I:\\GSSTI\\rscc\\landcover\\savanna_re\\For report\\Issah_17_21122020_point.shp" }, "geometry": { "type": "Point", "coordinates": [ -0.53606671666666, 9.415724816666648 ] } },
{ "type": "Feature", "properties": { "fid": 1068.0, "CropType": "soyb", "Photo1": "DCIM/JPEG_20201217110343523.jpg", "Photo2": "DCIM/JPEG_20201217110359090.jpg", "Photo3": "DCIM/JPEG_20201217110413984.jpg", "Photo4": "DCIM/JPEG_20201217110441018.jpg", "Irrigation": "TRUE", "District": "YEND", "Region": "NORT", "Zone": "sava", "Date": "2020-12-17", "Technician": "STAB", "path": "I:\\GSSTI\\rscc\\landcover\\savanna_re\\For report\\Issah_17_21122020_point.shp" }, "geometry": { "type": "Point", "coordinates": [ -0.534892466666654, 9.417505549999982 ] } },
{ "type": "Feature", "properties": { "fid": 1069.0, "CropType": "mill", "Photo1": "DCIM/JPEG_20201219140953654.jpg", "Photo2": "DCIM/JPEG_20201219141012175.jpg", "Photo3": "DCIM/JPEG_20201219141027009.jpg", "Photo4": "DCIM/JPEG_20201219141058430.jpg", "Irrigation": "TRUE", "District": "YEND", "Region": "NORT", "Zone": "sava", "Date": "2020-12-19", "Technician": "STAB", "path": "I:\\GSSTI\\rscc\\landcover\\savanna_re\\For report\\Issah_17_21122020_point.shp" }, "geometry": { "type": "Point", "coordinates": [ -0.257523933333325, 9.622126583333317 ] } },
{ "type": "Feature", "properties": { "fid": 1070.0, "CropType": "maiz", "Photo1": "DCIM/JPEG_20201217113908856.jpg", "Photo2": "DCIM/JPEG_20201217113926893.jpg", "Photo3": "DCIM/JPEG_20201217113940933.jpg", "Photo4": "DCIM/JPEG_20201217113958172.jpg", "Irrigation": "TRUE", "District": "YEND", "Region": "NORT", "Zone": "sava", "Date": "2020-12-17", "Technician": "STAB", "path": "I:\\GSSTI\\rscc\\landcover\\savanna_re\\For report\\Issah_17_21122020_point.shp" }, "geometry": { "type": "Point", "coordinates": [ -0.489011066666668, 9.392929166666669 ] } },
{ "type": "Feature", "properties": { "fid": 1071.0, "CropType": "soyb", "Photo1": "DCIM/JPEG_20201217130508294.jpg", "Photo2": "DCIM/JPEG_20201217130527318.jpg", "Photo3": "DCIM/JPEG_20201217130541684.jpg", "Photo4": "DCIM/JPEG_20201217130627321.jpg", "Irrigation": "TRUE", "District": "YEND", "Region": "NORT", "Zone": "sava", "Date": "2020-12-17", "Technician": "STAB", "path": "I:\\GSSTI\\rscc\\landcover\\savanna_re\\For report\\Issah_17_21122020_point.shp" }, "geometry": { "type": "Point", "coordinates": [ -0.490791583333339, 9.39097418333334 ] } },
{ "type": "Feature", "properties": { "fid": 1072.0, "CropType": "soyb", "Photo1": "DCIM/JPEG_20201217131034024.jpg", "Photo2": "DCIM/JPEG_20201217131053409.jpg", "Photo3": "DCIM/JPEG_20201217131117137.jpg", "Photo4": "DCIM/JPEG_20201217131211241.jpg", "Irrigation": "TRUE", "District": "YEND", "Region": "NORT", "Zone": "sava", "Date": "2020-12-17", "Technician": "STAB", "path": "I:\\GSSTI\\rscc\\landcover\\savanna_re\\For report\\Issah_17_21122020_point.shp" }, "geometry": { "type": "Point", "coordinates": [ -0.488898583333335, 9.389578333333326 ] } },
{ "type": "Feature", "properties": { "fid": 1073.0, "CropType": "maiz", "Photo1": "DCIM/JPEG_20201217131327278.jpg", "Photo2": "DCIM/JPEG_20201217131353344.jpg", "Photo3": "DCIM/JPEG_20201217131509914.jpg", "Photo4": "DCIM/JPEG_20201217131534695.jpg", "Irrigation": "TRUE", "District": "YEND", "Region": "NORT", "Zone": "sava", "Date": "2020-12-17", "Technician": "STAB", "path": "I:\\GSSTI\\rscc\\landcover\\savanna_re\\For report\\Issah_17_21122020_point.shp" }, "geometry": { "type": "Point", "coordinates": [ -0.489391933333343, 9.389526866666671 ] } },
{ "type": "Feature", "properties": { "fid": 1074.0, "CropType": "grou", "Photo1": "DCIM/JPEG_20201217131725654.jpg", "Photo2": "DCIM/JPEG_20201217131750898.jpg", "Photo3": "DCIM/JPEG_20201217131807527.jpg", "Photo4": "DCIM/JPEG_20201217131828111.jpg", "Irrigation": "TRUE", "District": "YEND", "Region": "NORT", "Zone": "sava", "Date": "2020-12-17", "Technician": "STAB", "path": "I:\\GSSTI\\rscc\\landcover\\savanna_re\\For report\\Issah_17_21122020_point.shp" }, "geometry": { "type": "Point", "coordinates": [ -0.489918966666673, 9.389436233333326 ] } },
{ "type": "Feature", "properties": { "fid": 1075.0, "CropType": "maiz", "Photo1": "DCIM/JPEG_20201217132122225.jpg", "Photo2": "DCIM/JPEG_20201217132145578.jpg", "Photo3": "DCIM/JPEG_20201217132203835.jpg", "Photo4": "DCIM/JPEG_20201217132227199.jpg", "Irrigation": "TRUE", "District": "YEND", "Region": "NORT", "Zone": "sava", "Date": "2020-12-17", "Technician": "STAB", "path": "I:\\GSSTI\\rscc\\landcover\\savanna_re\\For report\\Issah_17_21122020_point.shp" }, "geometry": { "type": "Point", "coordinates": [ -0.490273883333345, 9.390080083333331 ] } },
{ "type": "Feature", "properties": { "fid": 1076.0, "CropType": "sorg", "Photo1": "DCIM/JPEG_20201217132750045.jpg", "Photo2": "DCIM/JPEG_20201217132809001.jpg", "Photo3": "DCIM/JPEG_20201217132827333.jpg", "Photo4": "DCIM/JPEG_20201217132908785.jpg", "Irrigation": "TRUE", "District": "YEND", "Region": "NORT", "Zone": "sava", "Date": "2020-12-17", "Technician": "STAB", "path": "I:\\GSSTI\\rscc\\landcover\\savanna_re\\For report\\Issah_17_21122020_point.shp" }, "geometry": { "type": "Point", "coordinates": [ -0.492972216666678, 9.388817233333334 ] } },
{ "type": "Feature", "properties": { "fid": 1077.0, "CropType": "sorg", "Photo1": "DCIM/JPEG_20201217132750045.jpg", "Photo2": "DCIM/JPEG_20201217132809001.jpg", "Photo3": "DCIM/JPEG_20201217132827333.jpg", "Photo4": "DCIM/JPEG_20201217132908785.jpg", "Irrigation": "TRUE", "District": "YEND", "Region": "NORT", "Zone": "sava", "Date": "2020-12-17", "Technician": "STAB", "path": "I:\\GSSTI\\rscc\\landcover\\savanna_re\\For report\\Issah_17_21122020_point.shp" }, "geometry": { "type": "Point", "coordinates": [ -0.495165483333334, 9.387123516666655 ] } },
{ "type": "Feature", "properties": { "fid": 1078.0, "CropType": "grou", "Photo1": "DCIM/JPEG_20201217134453595.jpg", "Photo2": "DCIM/JPEG_20201217134514963.jpg", "Photo3": "DCIM/JPEG_20201217134531090.jpg", "Photo4": "DCIM/JPEG_20201217134545164.jpg", "Irrigation": "TRUE", "District": "YEND", "Region": "NORT", "Zone": "sava", "Date": "2020-12-17", "Technician": "STAB", "path": "I:\\GSSTI\\rscc\\landcover\\savanna_re\\For report\\Issah_17_21122020_point.shp" }, "geometry": { "type": "Point", "coordinates": [ -0.495180216666656, 9.387102566666659 ] } },
{ "type": "Feature", "properties": { "fid": 1079.0, "CropType": "sorg", "Photo1": "DCIM/JPEG_20201217140433262.jpg", "Photo2": "DCIM/JPEG_20201217140449241.jpg", "Photo3": "DCIM/JPEG_20201217140503994.jpg", "Photo4": "DCIM/JPEG_20201217140529359.jpg", "Irrigation": "TRUE", "District": "YEND", "Region": "NORT", "Zone": "sava", "Date": "2020-12-17", "Technician": "STAB", "path": "I:\\GSSTI\\rscc\\landcover\\savanna_re\\For report\\Issah_17_21122020_point.shp" }, "geometry": { "type": "Point", "coordinates": [ -0.504723316666678, 9.375448116666657 ] } },
{ "type": "Feature", "properties": { "fid": 1080.0, "CropType": "mill", "Photo1": "DCIM/JPEG_20201219144640173.jpg", "Photo2": "DCIM/JPEG_20201219144716179.jpg", "Photo3": "DCIM/JPEG_20201219144734874.jpg", "Photo4": "DCIM/JPEG_20201219144751443.jpg", "Irrigation": "TRUE", "District": "YEND", "Region": "NORT", "Zone": "sava", "Date": "2020-12-19", "Technician": "STAB", "path": "I:\\GSSTI\\rscc\\landcover\\savanna_re\\For report\\Issah_17_21122020_point.shp" }, "geometry": { "type": "Point", "coordinates": [ -0.260529683333333, 9.621207766666664 ] } },
{ "type": "Feature", "properties": { "fid": 1081.0, "CropType": "grou", "Photo1": "DCIM/JPEG_20201220083604398.jpg", "Photo2": "DCIM/JPEG_20201220083623877.jpg", "Photo3": "DCIM/JPEG_20201220083640929.jpg", "Photo4": "DCIM/JPEG_20201220083707760.jpg", "Irrigation": "TRUE", "District": "YEND", "Region": "NORT", "Zone": "sava", "Date": "2020-12-20", "Technician": "STAB", "path": "I:\\GSSTI\\rscc\\landcover\\savanna_re\\For report\\Issah_17_21122020_point.shp" }, "geometry": { "type": "Point", "coordinates": [ -0.311266433333323, 9.378411333333316 ] } },
{ "type": "Feature", "properties": { "fid": 1082.0, "CropType": "soyb", "Photo1": "DCIM/JPEG_20201217142313978.jpg", "Photo2": "DCIM/JPEG_20201217142352964.jpg", "Photo3": "DCIM/JPEG_20201217142418531.jpg", "Photo4": "DCIM/JPEG_20201217142436906.jpg", "Irrigation": "TRUE", "District": "YEND", "Region": "NORT", "Zone": "sava", "Date": "2020-12-17", "Technician": "STAB", "path": "I:\\GSSTI\\rscc\\landcover\\savanna_re\\For report\\Issah_17_21122020_point.shp" }, "geometry": { "type": "Point", "coordinates": [ -0.493952933333337, 9.38634633333332 ] } },
{ "type": "Feature", "properties": { "fid": 1084.0, "CropType": "rice", "Photo1": "DCIM/JPEG_20201217151142420.jpg", "Photo2": "DCIM/JPEG_20201217151155162.jpg", "Photo3": "DCIM/JPEG_20201217151209802.jpg", "Photo4": "DCIM/JPEG_20201217151223134.jpg", "Irrigation": "TRUE", "District": "YEND", "Region": "NORT", "Zone": "sava", "Date": "2020-12-17", "Technician": "STAB", "path": "I:\\GSSTI\\rscc\\landcover\\savanna_re\\For report\\Issah_17_21122020_point.shp" }, "geometry": { "type": "Point", "coordinates": [ -0.456254633333339, 9.382898099999982 ] } },
{ "type": "Feature", "properties": { "fid": 1085.0, "CropType": "soyb", "Photo1": "DCIM/JPEG_20201217152256571.jpg", "Photo2": "DCIM/JPEG_20201217152322448.jpg", "Photo3": "DCIM/JPEG_20201217152351892.jpg", "Photo4": "DCIM/JPEG_20201217152428767.jpg", "Irrigation": "TRUE", "District": "YEND", "Region": "NORT", "Zone": "sava", "Date": "2020-12-17", "Technician": "STAB", "path": "I:\\GSSTI\\rscc\\landcover\\savanna_re\\For report\\Issah_17_21122020_point.shp" }, "geometry": { "type": "Point", "coordinates": [ -0.4550859, 9.381684499999983 ] } },
{ "type": "Feature", "properties": { "fid": 1086.0, "CropType": "maiz", "Photo1": "DCIM/JPEG_20201217152735016.jpg", "Photo2": "DCIM/JPEG_20201217152322448.jpg", "Photo3": "DCIM/JPEG_20201217152351892.jpg", "Photo4": "DCIM/JPEG_20201217152428767.jpg", "Irrigation": "TRUE", "District": "YEND", "Region": "NORT", "Zone": "sava", "Date": "2020-12-17", "Technician": "STAB", "path": "I:\\GSSTI\\rscc\\landcover\\savanna_re\\For report\\Issah_17_21122020_point.shp" }, "geometry": { "type": "Point", "coordinates": [ -0.454371866666677, 9.382075416666659 ] } },
{ "type": "Feature", "properties": { "fid": 1087.0, "CropType": "maiz", "Photo1": "DCIM/JPEG_20201217153011252.jpg", "Photo2": "DCIM/JPEG_20201217153026354.jpg", "Photo3": "DCIM/JPEG_20201217153045353.jpg", "Photo4": "DCIM/JPEG_20201217153102903.jpg", "Irrigation": "TRUE", "District": "YEND", "Region": "NORT", "Zone": "sava", "Date": "2020-12-17", "Technician": "STAB", "path": "I:\\GSSTI\\rscc\\landcover\\savanna_re\\For report\\Issah_17_21122020_point.shp" }, "geometry": { "type": "Point", "coordinates": [ -0.454371683333322, 9.382087333333324 ] } },
{ "type": "Feature", "properties": { "fid": 1088.0, "CropType": "soyb", "Photo1": "DCIM/JPEG_20201217154324380.jpg", "Photo2": "DCIM/JPEG_20201217154351318.jpg", "Photo3": "DCIM/JPEG_20201217154411233.jpg", "Photo4": "DCIM/JPEG_20201217154428330.jpg", "Irrigation": "TRUE", "District": "YEND", "Region": "NORT", "Zone": "sava", "Date": "2020-12-17", "Technician": "STAB", "path": "I:\\GSSTI\\rscc\\landcover\\savanna_re\\For report\\Issah_17_21122020_point.shp" }, "geometry": { "type": "Point", "coordinates": [ -0.4335803, 9.353027616666667 ] } },
{ "type": "Feature", "properties": { "fid": 1089.0, "CropType": "grou", "Photo1": "DCIM/JPEG_20201220084631670.jpg", "Photo2": "DCIM/JPEG_20201220084718028.jpg", "Photo3": "DCIM/JPEG_20201220084740826.jpg", "Photo4": "DCIM/JPEG_20201220084821077.jpg", "Irrigation": "TRUE", "District": "YEND", "Region": "NORT", "Zone": "sava", "Date": "2020-12-20", "Technician": "STAB", "path": "I:\\GSSTI\\rscc\\landcover\\savanna_re\\For report\\Issah_17_21122020_point.shp" }, "geometry": { "type": "Point", "coordinates": [ -0.311191233333336, 9.377049966666672 ] } },
{ "type": "Feature", "properties": { "fid": 1090.0, "CropType": "soyb", "Photo1": "DCIM/JPEG_20201217163726264.jpg", "Photo2": "DCIM/JPEG_20201217163748547.jpg", "Photo3": "DCIM/JPEG_20201217163816418.jpg", "Photo4": "DCIM/JPEG_20201217163839067.jpg", "Irrigation": "TRUE", "District": "YEND", "Region": "NORT", "Zone": "sava", "Date": "2020-12-17", "Technician": "STAB", "path": "I:\\GSSTI\\rscc\\landcover\\savanna_re\\For report\\Issah_17_21122020_point.shp" }, "geometry": { "type": "Point", "coordinates": [ -0.35198135, 9.431669733333326 ] } },
{ "type": "Feature", "properties": { "fid": 1091.0, "CropType": "soyb", "Photo1": "DCIM/JPEG_20201217164511464.jpg", "Photo2": "DCIM/JPEG_20201217164537932.jpg", "Photo3": "DCIM/JPEG_20201217164550953.jpg", "Photo4": "DCIM/JPEG_20201217164611523.jpg", "Irrigation": "TRUE", "District": "YEND", "Region": "NORT", "Zone": "sava", "Date": "2020-12-17", "Technician": "STAB", "path": "I:\\GSSTI\\rscc\\landcover\\savanna_re\\For report\\Issah_17_21122020_point.shp" }, "geometry": { "type": "Point", "coordinates": [ -0.3426608, 9.426082399999981 ] } },
{ "type": "Feature", "properties": { "fid": 1092.0, "CropType": "sorg", "Photo1": "DCIM/JPEG_20201217165439176.jpg", "Photo2": "DCIM/JPEG_20201217165529648.jpg", "Photo3": "DCIM/JPEG_20201217165549096.jpg", "Photo4": "DCIM/JPEG_20201217165611006.jpg", "Irrigation": "TRUE", "District": "YEND", "Region": "NORT", "Zone": "sava", "Date": "2020-12-17", "Technician": "STAB", "path": "I:\\GSSTI\\rscc\\landcover\\savanna_re\\For report\\Issah_17_21122020_point.shp" }, "geometry": { "type": "Point", "coordinates": [ -0.338891533333343, 9.422190883333334 ] } },
{ "type": "Feature", "properties": { "fid": 1093.0, "CropType": "sorg", "Photo1": "DCIM/JPEG_20201217171039724.jpg", "Photo2": "DCIM/JPEG_20201217171104473.jpg", "Photo3": "DCIM/JPEG_20201217171123713.jpg", "Photo4": "DCIM/JPEG_20201217171210871.jpg", "Irrigation": "TRUE", "District": "YEND", "Region": "NORT", "Zone": "sava", "Date": "2020-12-17", "Technician": "STAB", "path": "I:\\GSSTI\\rscc\\landcover\\savanna_re\\For report\\Issah_17_21122020_point.shp" }, "geometry": { "type": "Point", "coordinates": [ -0.33277465, 9.418219083333325 ] } },
{ "type": "Feature", "properties": { "fid": 1094.0, "CropType": "grou", "Photo1": "DCIM/JPEG_20201220085400948.jpg", "Photo2": "DCIM/JPEG_20201220085418947.jpg", "Photo3": "DCIM/JPEG_20201220085434870.jpg", "Photo4": "DCIM/JPEG_20201220085506819.jpg", "Irrigation": "TRUE", "District": "YEND", "Region": "NORT", "Zone": "sava", "Date": "2020-12-20", "Technician": "STAB", "path": "I:\\GSSTI\\rscc\\landcover\\savanna_re\\For report\\Issah_17_21122020_point.shp" }, "geometry": { "type": "Point", "coordinates": [ -0.311911333333331, 9.375576483333326 ] } },
{ "type": "Feature", "properties": { "fid": 1095.0, "CropType": "yams", "Photo1": "DCIM/JPEG_20201218082300807.jpg", "Photo2": "DCIM/JPEG_20201218082338101.jpg", "Photo3": "DCIM/JPEG_20201218082358687.jpg", "Photo4": "DCIM/JPEG_20201218082414380.jpg", "Irrigation": "TRUE", "District": null, "Region": "NORT", "Zone": "sava", "Date": "2020-12-18", "Technician": "STAB", "path": "I:\\GSSTI\\rscc\\landcover\\savanna_re\\For report\\Issah_17_21122020_point.shp" }, "geometry": { "type": "Point", "coordinates": [ -0.306804666666667, 9.368408683333323 ] } },
{ "type": "Feature", "properties": { "fid": 1096.0, "CropType": "grou", "Photo1": "DCIM/JPEG_20201218083314852.jpg", "Photo2": "DCIM/JPEG_20201218083345332.jpg", "Photo3": "DCIM/JPEG_20201218083414359.jpg", "Photo4": "DCIM/JPEG_20201218083505012.jpg", "Irrigation": "TRUE", "District": "YEND", "Region": "NORT", "Zone": "sava", "Date": "2020-12-18", "Technician": "STAB", "path": "I:\\GSSTI\\rscc\\landcover\\savanna_re\\For report\\Issah_17_21122020_point.shp" }, "geometry": { "type": "Point", "coordinates": [ -0.307458866666679, 9.371882766666651 ] } },
{ "type": "Feature", "properties": { "fid": 1097.0, "CropType": "grou", "Photo1": "DCIM/JPEG_20201218083941593.jpg", "Photo2": "DCIM/JPEG_20201218084004718.jpg", "Photo3": "DCIM/JPEG_20201218084019351.jpg", "Photo4": "DCIM/JPEG_20201218084039921.jpg", "Irrigation": "TRUE", "District": "YEND", "Region": "NORT", "Zone": "sava", "Date": "2020-12-18", "Technician": "STAB", "path": "I:\\GSSTI\\rscc\\landcover\\savanna_re\\For report\\Issah_17_21122020_point.shp" }, "geometry": { "type": "Point", "coordinates": [ -0.308224633333326, 9.374530133333332 ] } },
{ "type": "Feature", "properties": { "fid": 1098.0, "CropType": "grou", "Photo1": "DCIM/JPEG_20201218085715445.jpg", "Photo2": "DCIM/JPEG_20201218085741075.jpg", "Photo3": "DCIM/JPEG_20201218085758787.jpg", "Photo4": "DCIM/JPEG_20201218085821220.jpg", "Irrigation": "TRUE", "District": "YEND", "Region": "NORT", "Zone": "sava", "Date": "2020-12-18", "Technician": "STAB", "path": "I:\\GSSTI\\rscc\\landcover\\savanna_re\\For report\\Issah_17_21122020_point.shp" }, "geometry": { "type": "Point", "coordinates": [ -0.30771155, 9.37687885 ] } },
{ "type": "Feature", "properties": { "fid": 1099.0, "CropType": "grou", "Photo1": "DCIM/JPEG_20201218090341905.jpg", "Photo2": "DCIM/JPEG_20201218090409645.jpg", "Photo3": "DCIM/JPEG_20201218090435706.jpg", "Photo4": "DCIM/JPEG_20201218090515942.jpg", "Irrigation": "TRUE", "District": "YEND", "Region": "NORT", "Zone": "sava", "Date": "2020-12-18", "Technician": "STAB", "path": "I:\\GSSTI\\rscc\\landcover\\savanna_re\\For report\\Issah_17_21122020_point.shp" }, "geometry": { "type": "Point", "coordinates": [ -0.307474033333325, 9.379890633333332 ] } },
{ "type": "Feature", "properties": { "fid": 1100.0, "CropType": "grou", "Photo1": "DCIM/JPEG_20201220090328838.jpg", "Photo2": "DCIM/JPEG_20201220090344809.jpg", "Photo3": "DCIM/JPEG_20201220090439567.jpg", "Photo4": "DCIM/JPEG_20201220090458654.jpg", "Irrigation": "TRUE", "District": "YEND", "Region": "NORT", "Zone": "sava", "Date": "2020-12-20", "Technician": "STAB", "path": "I:\\GSSTI\\rscc\\landcover\\savanna_re\\For report\\Issah_17_21122020_point.shp" }, "geometry": { "type": "Point", "coordinates": [ -0.31375585, 9.366421133333317 ] } },
{ "type": "Feature", "properties": { "fid": 1101.0, "CropType": "Pigeon Pea", "Photo1": "DCIM/JPEG_20201220090826936.jpg", "Photo2": "DCIM/JPEG_20201220090845291.jpg", "Photo3": "DCIM/JPEG_20201220090904562.jpg", "Photo4": "DCIM/JPEG_20201220090919971.jpg", "Irrigation": "TRUE", "District": "YEND", "Region": "NORT", "Zone": "sava", "Date": "2020-12-20", "Technician": "STAB", "path": "I:\\GSSTI\\rscc\\landcover\\savanna_re\\For report\\Issah_17_21122020_point.shp" }, "geometry": { "type": "Point", "coordinates": [ -0.313264316666672, 9.365495583333322 ] } },
{ "type": "Feature", "properties": { "fid": 10100.0, "CropType": "grou", "Photo1": "DCIM/JPEG_20201218091031719.jpg", "Photo2": "DCIM/JPEG_20201218091053491.jpg", "Photo3": "DCIM/JPEG_20201218091114058.jpg", "Photo4": "DCIM/JPEG_20201218091137604.jpg", "Irrigation": "TRUE", "District": "YEND", "Region": "NORT", "Zone": "sava", "Date": "2020-12-18", "Technician": "STAB", "path": "I:\\GSSTI\\rscc\\landcover\\savanna_re\\For report\\Issah_17_21122020_point.shp" }, "geometry": { "type": "Point", "coordinates": [ -0.307492783333329, 9.382466116666659 ] } },
{ "type": "Feature", "properties": { "fid": 10101.0, "CropType": "yams", "Photo1": "DCIM/JPEG_20201218101500253.jpg", "Photo2": "DCIM/JPEG_20201218101532744.jpg", "Photo3": "DCIM/JPEG_20201218101556410.jpg", "Photo4": "DCIM/JPEG_20201218101621020.jpg", "Irrigation": "TRUE", "District": "YEND", "Region": "NORT", "Zone": "sava", "Date": "2020-12-18", "Technician": "STAB", "path": "I:\\GSSTI\\rscc\\landcover\\savanna_re\\For report\\Issah_17_21122020_point.shp" }, "geometry": { "type": "Point", "coordinates": [ -0.335004450000011, 9.422785833333322 ] } },
{ "type": "Feature", "properties": { "fid": 10102.0, "CropType": "soyb", "Photo1": "DCIM/JPEG_20201218102011340.jpg", "Photo2": "DCIM/JPEG_20201218102030454.jpg", "Photo3": "DCIM/JPEG_20201218102100172.jpg", "Photo4": "DCIM/JPEG_20201218102144556.jpg", "Irrigation": "TRUE", "District": "YEND", "Region": "NORT", "Zone": "sava", "Date": "2020-12-18", "Technician": "STAB", "path": "I:\\GSSTI\\rscc\\landcover\\savanna_re\\For report\\Issah_17_21122020_point.shp" }, "geometry": { "type": "Point", "coordinates": [ -0.3354101, 9.422435099999982 ] } },
{ "type": "Feature", "properties": { "fid": 10105.0, "CropType": "yams", "Photo1": "DCIM/JPEG_20201218105512536.jpg", "Photo2": "DCIM/JPEG_20201218105600207.jpg", "Photo3": "DCIM/JPEG_20201218105615462.jpg", "Photo4": "DCIM/JPEG_20201218105632337.jpg", "Irrigation": "TRUE", "District": "YEND", "Region": "NORT", "Zone": "sava", "Date": "2020-12-18", "Technician": "STAB", "path": "I:\\GSSTI\\rscc\\landcover\\savanna_re\\For report\\Issah_17_21122020_point.shp" }, "geometry": { "type": "Point", "coordinates": [ -0.352899766666667, 9.44662585 ] } },
{ "type": "Feature", "properties": { "fid": 10106.0, "CropType": "yams", "Photo1": "DCIM/JPEG_20201218110408115.jpg", "Photo2": "DCIM/JPEG_20201218110442931.jpg", "Photo3": "DCIM/JPEG_20201218110503272.jpg", "Photo4": "DCIM/JPEG_20201218110527384.jpg", "Irrigation": "TRUE", "District": "YEND", "Region": "NORT", "Zone": "sava", "Date": "2020-12-18", "Technician": "STAB", "path": "I:\\GSSTI\\rscc\\landcover\\savanna_re\\For report\\Issah_17_21122020_point.shp" }, "geometry": { "type": "Point", "coordinates": [ -0.34738190000001, 9.44789445 ] } },
{ "type": "Feature", "properties": { "fid": 10107.0, "CropType": "grou", "Photo1": "DCIM/JPEG_20201218112358855.jpg", "Photo2": "DCIM/JPEG_20201218112415402.jpg", "Photo3": "DCIM/JPEG_20201218112429736.jpg", "Photo4": "DCIM/JPEG_20201218112448119.jpg", "Irrigation": "TRUE", "District": "YEND", "Region": "NORT", "Zone": "sava", "Date": "2020-12-18", "Technician": "STAB", "path": "I:\\GSSTI\\rscc\\landcover\\savanna_re\\For report\\Issah_17_21122020_point.shp" }, "geometry": { "type": "Point", "coordinates": [ -0.309083766666669, 9.46546075 ] } },
{ "type": "Feature", "properties": { "fid": 10108.0, "CropType": "grou", "Photo1": "DCIM/JPEG_20201218121052048.jpg", "Photo2": "DCIM/JPEG_20201218121218177.jpg", "Photo3": "DCIM/JPEG_20201218121246930.jpg", "Photo4": "DCIM/JPEG_20201218121302579.jpg", "Irrigation": "TRUE", "District": "YEND", "Region": "NORT", "Zone": "sava", "Date": "2020-12-18", "Technician": "STAB", "path": "I:\\GSSTI\\rscc\\landcover\\savanna_re\\For report\\Issah_17_21122020_point.shp" }, "geometry": { "type": "Point", "coordinates": [ -0.283045866666661, 9.54865665 ] } },
{ "type": "Feature", "properties": { "fid": 10109.0, "CropType": "soyb", "Photo1": "DCIM/JPEG_20201218121940003.jpg", "Photo2": "DCIM/JPEG_20201218122005710.jpg", "Photo3": "DCIM/JPEG_20201218122043990.jpg", "Photo4": "DCIM/JPEG_20201218122109648.jpg", "Irrigation": "TRUE", "District": "YEND", "Region": "NORT", "Zone": "sava", "Date": "2020-12-18", "Technician": "STAB", "path": "I:\\GSSTI\\rscc\\landcover\\savanna_re\\For report\\Issah_17_21122020_point.shp" }, "geometry": { "type": "Point", "coordinates": [ -0.28185875000001, 9.548257883333335 ] } },
{ "type": "Feature", "properties": { "fid": 10110.0, "CropType": "grou", "Photo1": "DCIM/JPEG_20201220091924261.jpg", "Photo2": "DCIM/JPEG_20201220092001389.jpg", "Photo3": "DCIM/JPEG_20201220092017629.jpg", "Photo4": "DCIM/JPEG_20201220092047324.jpg", "Irrigation": "TRUE", "District": "YEND", "Region": "NORT", "Zone": "sava", "Date": "2020-12-20", "Technician": "STAB", "path": "I:\\GSSTI\\rscc\\landcover\\savanna_re\\For report\\Issah_17_21122020_point.shp" }, "geometry": { "type": "Point", "coordinates": [ -0.312074716666665, 9.367049833333315 ] } },
{ "type": "Feature", "properties": { "fid": 10111.0, "CropType": "soyb", "Photo1": "DCIM/JPEG_20201218124128150.jpg", "Photo2": "DCIM/JPEG_20201218124145583.jpg", "Photo3": "DCIM/JPEG_20201218124221263.jpg", "Photo4": "DCIM/JPEG_20201218124415071.jpg", "Irrigation": "TRUE", "District": "YEND", "Region": "NORT", "Zone": "sava", "Date": "2020-12-18", "Technician": "STAB", "path": "I:\\GSSTI\\rscc\\landcover\\savanna_re\\For report\\Issah_17_21122020_point.shp" }, "geometry": { "type": "Point", "coordinates": [ -0.28520710000001, 9.565055366666662 ] } },
{ "type": "Feature", "properties": { "fid": 10112.0, "CropType": "soyb", "Photo1": "DCIM/JPEG_20201218135105398.jpg", "Photo2": "DCIM/JPEG_20201218135122174.jpg", "Photo3": "DCIM/JPEG_20201218135148201.jpg", "Photo4": "DCIM/JPEG_20201218135203850.jpg", "Irrigation": "TRUE", "District": "YEND", "Region": "NORT", "Zone": "sava", "Date": "2020-12-18", "Technician": "STAB", "path": "I:\\GSSTI\\rscc\\landcover\\savanna_re\\For report\\Issah_17_21122020_point.shp" }, "geometry": { "type": "Point", "coordinates": [ -0.2721959, 9.599949149999986 ] } },
{ "type": "Feature", "properties": { "fid": 10113.0, "CropType": "yams", "Photo1": "DCIM/JPEG_20201220092652597.jpg", "Photo2": "DCIM/JPEG_20201220092715308.jpg", "Photo3": "DCIM/JPEG_20201220092741893.jpg", "Photo4": "DCIM/JPEG_20201220092803242.jpg", "Irrigation": "TRUE", "District": "YEND", "Region": "NORT", "Zone": "sava", "Date": "2020-12-20", "Technician": "STAB", "path": "I:\\GSSTI\\rscc\\landcover\\savanna_re\\For report\\Issah_17_21122020_point.shp" }, "geometry": { "type": "Point", "coordinates": [ -0.30931918333334, 9.367172033333336 ] } },
{ "type": "Feature", "properties": { "fid": 10114.0, "CropType": "sorg", "Photo1": "DCIM/JPEG_20201218141127575.jpg", "Photo2": "DCIM/JPEG_20201218141147369.jpg", "Photo3": "DCIM/JPEG_20201218141203004.jpg", "Photo4": "DCIM/JPEG_20201218141220504.jpg", "Irrigation": "TRUE", "District": "YEND", "Region": "NORT", "Zone": "sava", "Date": "2020-12-18", "Technician": "STAB", "path": "I:\\GSSTI\\rscc\\landcover\\savanna_re\\For report\\Issah_17_21122020_point.shp" }, "geometry": { "type": "Point", "coordinates": [ -0.279166633333338, 9.621580583333333 ] } },
{ "type": "Feature", "properties": { "fid": 10115.0, "CropType": "mill", "Photo1": "DCIM/JPEG_20201218141540471.jpg", "Photo2": "DCIM/JPEG_20201218141616104.jpg", "Photo3": "DCIM/JPEG_20201218141634278.jpg", "Photo4": "DCIM/JPEG_20201218141655027.jpg", "Irrigation": "TRUE", "District": "YEND", "Region": "NORT", "Zone": "sava", "Date": "2020-12-18", "Technician": "STAB", "path": "I:\\GSSTI\\rscc\\landcover\\savanna_re\\For report\\Issah_17_21122020_point.shp" }, "geometry": { "type": "Point", "coordinates": [ -0.278305816666672, 9.62186003333332 ] } },
{ "type": "Feature", "properties": { "fid": 10116.0, "CropType": "soyb", "Photo1": "DCIM/JPEG_20201218141902886.jpg", "Photo2": "DCIM/JPEG_20201218141929741.jpg", "Photo3": "DCIM/JPEG_20201218141952522.jpg", "Photo4": "DCIM/JPEG_20201218142013579.jpg", "Irrigation": "TRUE", "District": "YEND", "Region": "NORT", "Zone": "sava", "Date": "2020-12-18", "Technician": "STAB", "path": "I:\\GSSTI\\rscc\\landcover\\savanna_re\\For report\\Issah_17_21122020_point.shp" }, "geometry": { "type": "Point", "coordinates": [ -0.278589750000011, 9.621775333333321 ] } },
{ "type": "Feature", "properties": { "fid": 10117.0, "CropType": "sorg", "Photo1": "DCIM/JPEG_20201218143543916.jpg", "Photo2": "DCIM/JPEG_20201218143605448.jpg", "Photo3": "DCIM/JPEG_20201218143623551.jpg", "Photo4": "DCIM/JPEG_20201218143642550.jpg", "Irrigation": "TRUE", "District": "YEND", "Region": "NORT", "Zone": "sava", "Date": "2020-12-18", "Technician": "STAB", "path": "I:\\GSSTI\\rscc\\landcover\\savanna_re\\For report\\Issah_17_21122020_point.shp" }, "geometry": { "type": "Point", "coordinates": [ -0.28201213333333, 9.61953225 ] } },
{ "type": "Feature", "properties": { "fid": 10118.0, "CropType": "mill", "Photo1": "DCIM/JPEG_20201218144237263.jpg", "Photo2": "DCIM/JPEG_20201218144256642.jpg", "Photo3": "DCIM/JPEG_20201218144315007.jpg", "Photo4": "DCIM/JPEG_20201218144345520.jpg", "Irrigation": "TRUE", "District": "YEND", "Region": "NORT", "Zone": "sava", "Date": "2020-12-18", "Technician": "STAB", "path": "I:\\GSSTI\\rscc\\landcover\\savanna_re\\For report\\Issah_17_21122020_point.shp" }, "geometry": { "type": "Point", "coordinates": [ -0.537037336568541, 9.462784078391653 ] } },
{ "type": "Feature", "properties": { "fid": 10119.0, "CropType": "soyb", "Photo1": "DCIM/JPEG_20201218144814228.jpg", "Photo2": "DCIM/JPEG_20201218144832452.jpg", "Photo3": "DCIM/JPEG_20201218144845814.jpg", "Photo4": "DCIM/JPEG_20201218144909160.jpg", "Irrigation": "TRUE", "District": "YEND", "Region": "NORT", "Zone": "sava", "Date": "2020-12-18", "Technician": "STAB", "path": "I:\\GSSTI\\rscc\\landcover\\savanna_re\\For report\\Issah_17_21122020_point.shp" }, "geometry": { "type": "Point", "coordinates": [ -0.2836684, 9.610893783333324 ] } },
{ "type": "Feature", "properties": { "fid": 10120.0, "CropType": "mill", "Photo1": "DCIM/JPEG_20201218145306094.jpg", "Photo2": "DCIM/JPEG_20201218145332812.jpg", "Photo3": "DCIM/JPEG_20201218145356959.jpg", "Photo4": "DCIM/JPEG_20201218145426321.jpg", "Irrigation": "TRUE", "District": "YEND", "Region": "NORT", "Zone": "sava", "Date": "2020-12-18", "Technician": "STAB", "path": "I:\\GSSTI\\rscc\\landcover\\savanna_re\\For report\\Issah_17_21122020_point.shp" }, "geometry": { "type": "Point", "coordinates": [ -0.283929500000011, 9.609550016666656 ] } },
{ "type": "Feature", "properties": { "fid": 10121.0, "CropType": "soyb", "Photo1": "DCIM/JPEG_20201218150420529.jpg", "Photo2": "DCIM/JPEG_20201218150448461.jpg", "Photo3": "DCIM/JPEG_20201218150501061.jpg", "Photo4": "DCIM/JPEG_20201218150514551.jpg", "Irrigation": "TRUE", "District": "YEND", "Region": "NORT", "Zone": "sava", "Date": "2020-12-18", "Technician": "STAB", "path": "I:\\GSSTI\\rscc\\landcover\\savanna_re\\For report\\Issah_17_21122020_point.shp" }, "geometry": { "type": "Point", "coordinates": [ -0.285135233333336, 9.611799299999982 ] } },
{ "type": "Feature", "properties": { "fid": 10122.0, "CropType": "cowp", "Photo1": "DCIM/JPEG_20201218151135508.jpg", "Photo2": "DCIM/JPEG_20201218151201669.jpg", "Photo3": "DCIM/JPEG_20201218151218759.jpg", "Photo4": "DCIM/JPEG_20201218151237314.jpg", "Irrigation": "TRUE", "District": "YEND", "Region": "NORT", "Zone": "sava", "Date": "2020-12-18", "Technician": "STAB", "path": "I:\\GSSTI\\rscc\\landcover\\savanna_re\\For report\\Issah_17_21122020_point.shp" }, "geometry": { "type": "Point", "coordinates": [ -0.28779486666666, 9.612847466666654 ] } },
{ "type": "Feature", "properties": { "fid": 10124.0, "CropType": "mill", "Photo1": "DCIM/JPEG_20201218152332941.jpg", "Photo2": "DCIM/JPEG_20201218152354896.jpg", "Photo3": "DCIM/JPEG_20201218152430189.jpg", "Photo4": "DCIM/JPEG_20201218152520869.jpg", "Irrigation": "TRUE", "District": "YEND", "Region": "NORT", "Zone": "sava", "Date": "2020-12-18", "Technician": "STAB", "path": "I:\\GSSTI\\rscc\\landcover\\savanna_re\\For report\\Issah_17_21122020_point.shp" }, "geometry": { "type": "Point", "coordinates": [ -0.291403816666657, 9.615435849999985 ] } },
{ "type": "Feature", "properties": { "fid": 10125.0, "CropType": "mill", "Photo1": "DCIM/JPEG_20201218152739988.jpg", "Photo2": "DCIM/JPEG_20201218152801220.jpg", "Photo3": "DCIM/JPEG_20201218152824632.jpg", "Photo4": "DCIM/JPEG_20201218152838790.jpg", "Irrigation": "TRUE", "District": "YEND", "Region": "NORT", "Zone": "sava", "Date": "2020-12-18", "Technician": "STAB", "path": "I:\\GSSTI\\rscc\\landcover\\savanna_re\\For report\\Issah_17_21122020_point.shp" }, "geometry": { "type": "Point", "coordinates": [ -0.291466083333334, 9.616282783333334 ] } },
{ "type": "Feature", "properties": { "fid": 10126.0, "CropType": "Pigeon Pea", "Photo1": "DCIM/JPEG_20201220095723278.jpg", "Photo2": "DCIM/JPEG_20201220095759378.jpg", "Photo3": "DCIM/JPEG_20201220095825210.jpg", "Photo4": "DCIM/JPEG_20201220095842028.jpg", "Irrigation": "TRUE", "District": "YEND", "Region": "NORT", "Zone": "sava", "Date": "2020-12-20", "Technician": "STAB", "path": "I:\\GSSTI\\rscc\\landcover\\savanna_re\\For report\\Issah_17_21122020_point.shp" }, "geometry": { "type": "Point", "coordinates": [ -0.3251817, 9.353865199999989 ] } },
{ "type": "Feature", "properties": { "fid": 10127.0, "CropType": "yams", "Photo1": "DCIM/JPEG_20201220100123162.jpg", "Photo2": "DCIM/JPEG_20201220100143657.jpg", "Photo3": "DCIM/JPEG_20201220100205427.jpg", "Photo4": "DCIM/JPEG_20201220100224256.jpg", "Irrigation": "TRUE", "District": "YEND", "Region": "NORT", "Zone": "sava", "Date": "2020-12-20", "Technician": "STAB", "path": "I:\\GSSTI\\rscc\\landcover\\savanna_re\\For report\\Issah_17_21122020_point.shp" }, "geometry": { "type": "Point", "coordinates": [ -0.324722283333327, 9.354154283333319 ] } },
{ "type": "Feature", "properties": { "fid": 10128.0, "CropType": "cass", "Photo1": "DCIM/JPEG_20201220100806407.jpg", "Photo2": "DCIM/JPEG_20201220100829615.jpg", "Photo3": "DCIM/JPEG_20201220100916955.jpg", "Photo4": "DCIM/JPEG_20201220100952009.jpg", "Irrigation": "TRUE", "District": "YEND", "Region": "NORT", "Zone": "sava", "Date": "2020-12-20", "Technician": "STAB", "path": "I:\\GSSTI\\rscc\\landcover\\savanna_re\\For report\\Issah_17_21122020_point.shp" }, "geometry": { "type": "Point", "coordinates": [ -0.326006533333336, 9.352542183333322 ] } },
{ "type": "Feature", "properties": { "fid": 10129.0, "CropType": "Pigeon Pea", "Photo1": "DCIM/JPEG_20201220101429259.jpg", "Photo2": "DCIM/JPEG_20201220101500637.jpg", "Photo3": "DCIM/JPEG_20201220101518179.jpg", "Photo4": "DCIM/JPEG_20201220101715019.jpg", "Irrigation": "TRUE", "District": "YEND", "Region": "NORT", "Zone": "sava", "Date": "2020-12-20", "Technician": "STAB", "path": "I:\\GSSTI\\rscc\\landcover\\savanna_re\\For report\\Issah_17_21122020_point.shp" }, "geometry": { "type": "Point", "coordinates": [ -0.326369600000011, 9.350499433333329 ] } },
{ "type": "Feature", "properties": { "fid": 10130.0, "CropType": "grou", "Photo1": "DCIM/JPEG_20201220102322589.jpg", "Photo2": "DCIM/JPEG_20201220102339179.jpg", "Photo3": "DCIM/JPEG_20201220102634164.jpg", "Photo4": "DCIM/JPEG_20201220102700309.jpg", "Irrigation": "TRUE", "District": "YEND", "Region": "NORT", "Zone": "sava", "Date": "2020-12-20", "Technician": "STAB", "path": "I:\\GSSTI\\rscc\\landcover\\savanna_re\\For report\\Issah_17_21122020_point.shp" }, "geometry": { "type": "Point", "coordinates": [ -0.329258066666662, 9.340817416666649 ] } },
{ "type": "Feature", "properties": { "fid": 10131.0, "CropType": "grou", "Photo1": "DCIM/JPEG_20201220103030954.jpg", "Photo2": "DCIM/JPEG_20201220103100040.jpg", "Photo3": "DCIM/JPEG_20201220103135839.jpg", "Photo4": "DCIM/JPEG_20201220103205351.jpg", "Irrigation": "TRUE", "District": "YEND", "Region": "NORT", "Zone": "sava", "Date": "2020-12-20", "Technician": "STAB", "path": "I:\\GSSTI\\rscc\\landcover\\savanna_re\\For report\\Issah_17_21122020_point.shp" }, "geometry": { "type": "Point", "coordinates": [ -0.329811633333341, 9.33792913333334 ] } },
{ "type": "Feature", "properties": { "fid": 10132.0, "CropType": "yams", "Photo1": "DCIM/JPEG_20201220103528925.jpg", "Photo2": "DCIM/JPEG_20201220103604682.jpg", "Photo3": "DCIM/JPEG_20201220103630760.jpg", "Photo4": "DCIM/JPEG_20201220103650937.jpg", "Irrigation": "TRUE", "District": "YEND", "Region": "NORT", "Zone": "sava", "Date": "2020-12-20", "Technician": "STAB", "path": "I:\\GSSTI\\rscc\\landcover\\savanna_re\\For report\\Issah_17_21122020_point.shp" }, "geometry": { "type": "Point", "coordinates": [ -0.330366166666665, 9.337577966666663 ] } },
{ "type": "Feature", "properties": { "fid": 10133.0, "CropType": "yams", "Photo1": "DCIM/JPEG_20201220104012097.jpg", "Photo2": "DCIM/JPEG_20201220104035132.jpg", "Photo3": "DCIM/JPEG_20201220104058412.jpg", "Photo4": "DCIM/JPEG_20201220104130611.jpg", "Irrigation": "TRUE", "District": "YEND", "Region": "NORT", "Zone": "sava", "Date": "2020-12-20", "Technician": "STAB", "path": "I:\\GSSTI\\rscc\\landcover\\savanna_re\\For report\\Issah_17_21122020_point.shp" }, "geometry": { "type": "Point", "coordinates": [ -0.330823033333335, 9.33800485 ] } },
{ "type": "Feature", "properties": { "fid": 10134.0, "CropType": "yams", "Photo1": "DCIM/JPEG_20201220105210389.jpg", "Photo2": "DCIM/JPEG_20201220105229728.jpg", "Photo3": "DCIM/JPEG_20201220105245734.jpg", "Photo4": "DCIM/JPEG_20201220105258492.jpg", "Irrigation": "TRUE", "District": "YEND", "Region": "NORT", "Zone": "sava", "Date": "2020-12-20", "Technician": "STAB", "path": "I:\\GSSTI\\rscc\\landcover\\savanna_re\\For report\\Issah_17_21122020_point.shp" }, "geometry": { "type": "Point", "coordinates": [ -0.32861836666667, 9.33528355 ] } },
{ "type": "Feature", "properties": { "fid": 10135.0, "CropType": "grou", "Photo1": "DCIM/JPEG_20201220112733967.jpg", "Photo2": "DCIM/JPEG_20201220112818367.jpg", "Photo3": "DCIM/JPEG_20201220112844707.jpg", "Photo4": "DCIM/JPEG_20201220112904566.jpg", "Irrigation": "TRUE", "District": "YEND", "Region": "NORT", "Zone": "sava", "Date": "2020-12-20", "Technician": "STAB", "path": "I:\\GSSTI\\rscc\\landcover\\savanna_re\\For report\\Issah_17_21122020_point.shp" }, "geometry": { "type": "Point", "coordinates": [ -0.341130466666676, 9.303541383333339 ] } },
{ "type": "Feature", "properties": { "fid": 10137.0, "CropType": "cass", "Photo1": "DCIM/JPEG_20201220134247507.jpg", "Photo2": "DCIM/JPEG_20201220134308643.jpg", "Photo3": "DCIM/JPEG_20201220134323855.jpg", "Photo4": "DCIM/JPEG_20201220134338557.jpg", "Irrigation": "TRUE", "District": "YEND", "Region": "NORT", "Zone": "sava", "Date": "2020-12-20", "Technician": "STAB", "path": "I:\\GSSTI\\rscc\\landcover\\savanna_re\\For report\\Issah_17_21122020_point.shp" }, "geometry": { "type": "Point", "coordinates": [ -0.40088805, 9.345145349999985 ] } },
{ "type": "Feature", "properties": { "fid": 10138.0, "CropType": "grou", "Photo1": "DCIM/JPEG_20201220135224054.jpg", "Photo2": "DCIM/JPEG_20201220135249664.jpg", "Photo3": "DCIM/JPEG_20201220135305037.jpg", "Photo4": "DCIM/JPEG_20201220135319908.jpg", "Irrigation": "TRUE", "District": "YEND", "Region": "NORT", "Zone": "sava", "Date": "2020-12-20", "Technician": "STAB", "path": "I:\\GSSTI\\rscc\\landcover\\savanna_re\\For report\\Issah_17_21122020_point.shp" }, "geometry": { "type": "Point", "coordinates": [ -0.4101187, 9.344101716666662 ] } },
{ "type": "Feature", "properties": { "fid": 10140.0, "CropType": "cass", "Photo1": "DCIM/JPEG_20201221100910652.jpg", "Photo2": "DCIM/JPEG_20201221100956014.jpg", "Photo3": "DCIM/JPEG_20201221101040165.jpg", "Photo4": "DCIM/JPEG_20201221101102325.jpg", "Irrigation": "TRUE", "District": "YEND", "Region": "NORT", "Zone": "sava", "Date": "2020-12-21", "Technician": "STAB", "path": "I:\\GSSTI\\rscc\\landcover\\savanna_re\\For report\\Issah_17_21122020_point.shp" }, "geometry": { "type": "Point", "coordinates": [ -0.252957683333342, 9.461161383333332 ] } },
{ "type": "Feature", "properties": { "fid": 10141.0, "CropType": "cass", "Photo1": "DCIM/JPEG_20201221100910652.jpg", "Photo2": "DCIM/JPEG_20201221100956014.jpg", "Photo3": "DCIM/JPEG_20201221101040165.jpg", "Photo4": "DCIM/JPEG_20201221101102325.jpg", "Irrigation": "TRUE", "District": "YEND", "Region": "NORT", "Zone": "sava", "Date": "2020-12-21", "Technician": "STAB", "path": "I:\\GSSTI\\rscc\\landcover\\savanna_re\\For report\\Issah_17_21122020_point.shp" }, "geometry": { "type": "Point", "coordinates": [ -0.251612833333338, 9.459320383333317 ] } },
{ "type": "Feature", "properties": { "fid": 10147.0, "CropType": "mill", "Photo1": "DCIM/JPEG_20201221165215153.jpg", "Photo2": "DCIM/JPEG_20201221165256115.jpg", "Photo3": "DCIM/JPEG_20201221165317847.jpg", "Photo4": "DCIM/JPEG_20201221165333086.jpg", "Irrigation": "TRUE", "District": "GUSH", "Region": "NORT", "Zone": "sava", "Date": "2020-12-21", "Technician": "STAB", "path": "I:\\GSSTI\\rscc\\landcover\\savanna_re\\For report\\Issah_17_21122020_point.shp" }, "geometry": { "type": "Point", "coordinates": [ -0.243753833333331, 9.715927583333329 ] } },
{ "type": "Feature", "properties": { "fid": 10148.0, "CropType": "mill", "Photo1": "DCIM/JPEG_20201221170201225.jpg", "Photo2": "DCIM/JPEG_20201221170226575.jpg", "Photo3": "DCIM/JPEG_20201221170253015.jpg", "Photo4": "DCIM/JPEG_20201221170306674.jpg", "Irrigation": "TRUE", "District": "GUSH", "Region": "NORT", "Zone": "sava", "Date": "2020-12-21", "Technician": "STAB", "path": "I:\\GSSTI\\rscc\\landcover\\savanna_re\\For report\\Issah_17_21122020_point.shp" }, "geometry": { "type": "Point", "coordinates": [ -0.240769433333322, 9.712329566666646 ] } },
{ "type": "Feature", "properties": { "fid": 10149.0, "CropType": "mill", "Photo1": "DCIM/JPEG_20201221171144490.jpg", "Photo2": "DCIM/JPEG_20201221171223430.jpg", "Photo3": "DCIM/JPEG_20201221171242722.jpg", "Photo4": "DCIM/JPEG_20201221171302721.jpg", "Irrigation": "TRUE", "District": "GUSH", "Region": "NORT", "Zone": "sava", "Date": "2020-12-21", "Technician": "STAB", "path": "I:\\GSSTI\\rscc\\landcover\\savanna_re\\For report\\Issah_17_21122020_point.shp" }, "geometry": { "type": "Point", "coordinates": [ -0.240954766666667, 9.7092352 ] } },
{ "type": "Feature", "properties": { "fid": 10150.0, "CropType": "mill", "Photo1": "DCIM/JPEG_20201221172154360.jpg", "Photo2": "DCIM/JPEG_20201221172209783.jpg", "Photo3": "DCIM/JPEG_20201221172225985.jpg", "Photo4": "DCIM/JPEG_20201221172252570.jpg", "Irrigation": "TRUE", "District": "GUSH", "Region": "NORT", "Zone": "sava", "Date": "2020-12-21", "Technician": "STAB", "path": "I:\\GSSTI\\rscc\\landcover\\savanna_re\\For report\\Issah_17_21122020_point.shp" }, "geometry": { "type": "Point", "coordinates": [ -0.238622983333345, 9.70880425 ] } },
{ "type": "Feature", "properties": { "fid": 10151.0, "CropType": "mill", "Photo1": "DCIM/JPEG_20201221172619880.jpg", "Photo2": "DCIM/JPEG_20201221172635486.jpg", "Photo3": "DCIM/JPEG_20201221172649098.jpg", "Photo4": "DCIM/JPEG_20201221172722552.jpg", "Irrigation": "TRUE", "District": "GUSH", "Region": "NORT", "Zone": "sava", "Date": "2020-12-21", "Technician": "STAB", "path": "I:\\GSSTI\\rscc\\landcover\\savanna_re\\For report\\Issah_17_21122020_point.shp" }, "geometry": { "type": "Point", "coordinates": [ -0.237479666666669, 9.708388466666664 ] } },
{ "type": "Feature", "properties": { "fid": 10321.0, "CropType": "Pigeon Pea", "Photo1": "DCIM/JPEG_20201219071541125.jpg", "Photo2": "DCIM/JPEG_20201219071602712.jpg", "Photo3": "DCIM/JPEG_20201219071619804.jpg", "Photo4": "DCIM/JPEG_20201219071637763.jpg", "Irrigation": "TRUE", "District": "YEND", "Region": "NORT", "Zone": "sava", "Date": "2020-12-19", "Technician": "STAB", "path": "I:\\GSSTI\\rscc\\landcover\\savanna_re\\For report\\Issah_17_21122020_point.shp" }, "geometry": { "type": "Point", "coordinates": [ -0.306079383333323, 9.498087466666657 ] } },
{ "type": "Feature", "properties": { "fid": 10323.0, "CropType": "Pigeon Pea", "Photo1": "DCIM/JPEG_20201219072526925.jpg", "Photo2": "DCIM/JPEG_20201219072622926.jpg", "Photo3": "DCIM/JPEG_20201219072644590.jpg", "Photo4": "DCIM/JPEG_20201219072808192.jpg", "Irrigation": "TRUE", "District": "YEND", "Region": "NORT", "Zone": "sava", "Date": "2020-12-19", "Technician": "STAB", "path": "I:\\GSSTI\\rscc\\landcover\\savanna_re\\For report\\Issah_17_21122020_point.shp" }, "geometry": { "type": "Point", "coordinates": [ -0.302636550000011, 9.5046314 ] } },
{ "type": "Feature", "properties": { "fid": 10324.0, "CropType": "grou", "Photo1": "DCIM/JPEG_20201219073730436.jpg", "Photo2": "DCIM/JPEG_20201219073808107.jpg", "Photo3": "DCIM/JPEG_20201219073828533.jpg", "Photo4": "DCIM/JPEG_20201219073856169.jpg", "Irrigation": "TRUE", "District": "YEND", "Region": "NORT", "Zone": "sava", "Date": "2020-12-19", "Technician": "STAB", "path": "I:\\GSSTI\\rscc\\landcover\\savanna_re\\For report\\Issah_17_21122020_point.shp" }, "geometry": { "type": "Point", "coordinates": [ -0.297212383333326, 9.507955749999983 ] } },
{ "type": "Feature", "properties": { "fid": 101010.0, "CropType": "Pigeon Pea", "Photo1": "DCIM/JPEG_20201218122313411.jpg", "Photo2": "DCIM/JPEG_20201218122336911.jpg", "Photo3": "DCIM/JPEG_20201218122353804.jpg", "Photo4": "DCIM/JPEG_20201218122434171.jpg", "Irrigation": "TRUE", "District": "YEND", "Region": "NORT", "Zone": "sava", "Date": "2020-12-18", "Technician": "STAB", "path": "I:\\GSSTI\\rscc\\landcover\\savanna_re\\For report\\Issah_17_21122020_point.shp" }, "geometry": { "type": "Point", "coordinates": [ -0.473242547695985, 9.465683841522226 ] } },
{ "type": "Feature", "properties": { "fid": 101011.0, "CropType": "soyb", "Photo1": "DCIM/JPEG_20201218135105398.jpg", "Photo2": "DCIM/JPEG_20201218135122174.jpg", "Photo3": "DCIM/JPEG_20201218135148201.jpg", "Photo4": "DCIM/JPEG_20201218135203850.jpg", "Irrigation": "TRUE", "District": "YEND", "Region": "NORT", "Zone": "sava", "Date": "2020-12-18", "Technician": "STAB", "path": "I:\\GSSTI\\rscc\\landcover\\savanna_re\\For report\\Issah_17_21122020_point.shp" }, "geometry": { "type": "Point", "coordinates": [ -0.273173366666669, 9.603691266666651 ] } },
{ "type": "Feature", "properties": { "fid": 1010113.0, "CropType": "mill", "Photo1": "DCIM/JPEG_20201218135846932.jpg", "Photo2": "DCIM/JPEG_20201218135908080.jpg", "Photo3": "DCIM/JPEG_20201218135924826.jpg", "Photo4": "DCIM/JPEG_20201218135948926.jpg", "Irrigation": "TRUE", "District": "YEND", "Region": "NORT", "Zone": "sava", "Date": "2020-12-18", "Technician": "STAB", "path": "I:\\GSSTI\\rscc\\landcover\\savanna_re\\For report\\Issah_17_21122020_point.shp" }, "geometry": { "type": "Point", "coordinates": [ -0.273173366666669, 9.603691266666651 ] } },
{ "type": "Feature", "properties": { "fid": 1010114.0, "CropType": "grou", "Photo1": "DCIM/JPEG_20201218140349172.jpg", "Photo2": "DCIM/JPEG_20201218140405073.jpg", "Photo3": "DCIM/JPEG_20201218140424734.jpg", "Photo4": "DCIM/JPEG_20201218140442599.jpg", "Irrigation": "TRUE", "District": "YEND", "Region": "NORT", "Zone": "sava", "Date": "2020-12-18", "Technician": "STAB", "path": "I:\\GSSTI\\rscc\\landcover\\savanna_re\\For report\\Issah_17_21122020_point.shp" }, "geometry": { "type": "Point", "coordinates": [ -0.27448521666667, 9.6082269 ] } },
{ "type": "Feature", "properties": { "fid": 1010116.0, "CropType": "sorg", "Photo1": "DCIM/JPEG_20201219093805411.jpg", "Photo2": "DCIM/JPEG_20201219093835945.jpg", "Photo3": "DCIM/JPEG_20201219094024977.jpg", "Photo4": "DCIM/JPEG_20201219094052076.jpg", "Irrigation": "TRUE", "District": "YEND", "Region": "NORT", "Zone": "sava", "Date": "2020-12-19", "Technician": "STAB", "path": "I:\\GSSTI\\rscc\\landcover\\savanna_re\\For report\\Issah_17_21122020_point.shp" }, "geometry": { "type": "Point", "coordinates": [ -0.279804766666672, 9.63354368333332 ] } },
{ "type": "Feature", "properties": { "fid": 1010117.0, "CropType": "grou", "Photo1": "DCIM/JPEG_20201220084631670.jpg", "Photo2": "DCIM/JPEG_20201220084718028.jpg", "Photo3": "DCIM/JPEG_20201220084740826.jpg", "Photo4": "DCIM/JPEG_20201220084821077.jpg", "Irrigation": "TRUE", "District": "YEND", "Region": "NORT", "Zone": "sava", "Date": "2020-12-20", "Technician": "STAB", "path": "I:\\GSSTI\\rscc\\landcover\\savanna_re\\For report\\Issah_17_21122020_point.shp" }, "geometry": { "type": "Point", "coordinates": [ -0.31118201672539, 9.37702428962219 ] } },
{ "type": "Feature", "properties": { "fid": 1010118.0, "CropType": "grou", "Photo1": "DCIM/JPEG_20201220112733967.jpg", "Photo2": "DCIM/JPEG_20201220112818367.jpg", "Photo3": "DCIM/JPEG_20201220112844707.jpg", "Photo4": "DCIM/JPEG_20201220112904566.jpg", "Irrigation": "TRUE", "District": "YEND", "Region": "NORT", "Zone": "sava", "Date": "2020-12-20", "Technician": "STAB", "path": "I:\\GSSTI\\rscc\\landcover\\savanna_re\\For report\\Issah_17_21122020_point.shp" }, "geometry": { "type": "Point", "coordinates": [ -0.392648398919482, 9.297561812623419 ] } },
{ "type": "Feature", "properties": { "fid": 1010119.0, "CropType": "mill", "Photo1": "DCIM/JPEG_20201221171144490.jpg", "Photo2": "DCIM/JPEG_20201221171223430.jpg", "Photo3": "DCIM/JPEG_20201221171242722.jpg", "Photo4": "DCIM/JPEG_20201221171302721.jpg", "Irrigation": "TRUE", "District": "GUSH", "Region": "NORT", "Zone": "sava", "Date": "2020-12-21", "Technician": "STAB", "path": "I:\\GSSTI\\rscc\\landcover\\savanna_re\\For report\\Issah_17_21122020_point.shp" }, "geometry": { "type": "Point", "coordinates": [ -0.471959897307483, 6.468176628162317 ] } },
{ "type": "Feature", "properties": { "fid": 102.0, "CropType": "mill", "Photo1": "DCIM/JPEG_20201213163512789.jpg", "Photo2": "DCIM/JPEG_20201213163557599.jpg", "Photo3": "DCIM/JPEG_20201213163616737.jpg", "Photo4": "DCIM/JPEG_20201213163632315.jpg", "Irrigation": "TRUE", "District": "SANA", "Region": "NORT", "Zone": "sava", "Date": "2020-12-13", "Technician": "KOAS", "path": "I:\\GSSTI\\rscc\\landcover\\savanna_re\\For report\\Rahman_13_14_point.shp" }, "geometry": { "type": "Point", "coordinates": [ -0.70771710000001, 9.561138149999984 ] } },
{ "type": "Feature", "properties": { "fid": 103.0, "CropType": "mill", "Photo1": "DCIM/JPEG_20201213163512789.jpg", "Photo2": "DCIM/JPEG_20201213163557599.jpg", "Photo3": "DCIM/JPEG_20201213163616737.jpg", "Photo4": "DCIM/JPEG_20201213163632315.jpg", "Irrigation": "TRUE", "District": "SANA", "Region": "NORT", "Zone": "sava", "Date": "2020-12-13", "Technician": "STAB", "path": "I:\\GSSTI\\rscc\\landcover\\savanna_re\\For report\\Rahman_13_14_point.shp" }, "geometry": { "type": "Point", "coordinates": [ -0.70771710000001, 9.561138149999984 ] } },
{ "type": "Feature", "properties": { "fid": 104.0, "CropType": "mill", "Photo1": "DCIM/JPEG_20201213163512789.jpg", "Photo2": "DCIM/JPEG_20201213163557599.jpg", "Photo3": "DCIM/JPEG_20201213163616737.jpg", "Photo4": "DCIM/JPEG_20201213163632315.jpg", "Irrigation": "TRUE", "District": "SANA", "Region": "NORT", "Zone": "sava", "Date": "2020-12-13", "Technician": "STAB", "path": "I:\\GSSTI\\rscc\\landcover\\savanna_re\\For report\\Rahman_13_14_point.shp" }, "geometry": { "type": "Point", "coordinates": [ -0.70771710000001, 9.561138149999984 ] } },
{ "type": "Feature", "properties": { "fid": 105.0, "CropType": "mill", "Photo1": "DCIM/JPEG_20201213163512789.jpg", "Photo2": "DCIM/JPEG_20201213163557599.jpg", "Photo3": "DCIM/JPEG_20201213163616737.jpg", "Photo4": "DCIM/JPEG_20201213163632315.jpg", "Irrigation": "TRUE", "District": "SANA", "Region": "NORT", "Zone": "sava", "Date": "2020-12-13", "Technician": "STAB", "path": "I:\\GSSTI\\rscc\\landcover\\savanna_re\\For report\\Rahman_13_14_point.shp" }, "geometry": { "type": "Point", "coordinates": [ -0.696662333333341, 9.567272449999983 ] } },
{ "type": "Feature", "properties": { "fid": 106.0, "CropType": "maiz", "Photo1": "DCIM/JPEG_20201213171533267.jpg", "Photo2": "DCIM/JPEG_20201213171611115.jpg", "Photo3": "DCIM/JPEG_20201213171633343.jpg", "Photo4": "DCIM/JPEG_20201213171655870.jpg", "Irrigation": "TRUE", "District": "SANA", "Region": "NORT", "Zone": "sava", "Date": "2020-12-13", "Technician": "KOAS", "path": "I:\\GSSTI\\rscc\\landcover\\savanna_re\\For report\\Rahman_13_14_point.shp" }, "geometry": { "type": "Point", "coordinates": [ -0.696662333333341, 9.567272449999983 ] } },
{ "type": "Feature", "properties": { "fid": 107.0, "CropType": "maiz", "Photo1": "DCIM/JPEG_20201213171533267.jpg", "Photo2": "DCIM/JPEG_20201213171611115.jpg", "Photo3": "DCIM/JPEG_20201213171633343.jpg", "Photo4": "DCIM/JPEG_20201213171655870.jpg", "Irrigation": "TRUE", "District": "SANA", "Region": "NORT", "Zone": "sava", "Date": "2020-12-13", "Technician": "KOAS", "path": "I:\\GSSTI\\rscc\\landcover\\savanna_re\\For report\\Rahman_13_14_point.shp" }, "geometry": { "type": "Point", "coordinates": [ -0.695149466666668, 9.566435716666653 ] } },
{ "type": "Feature", "properties": { "fid": 109.0, "CropType": "grou", "Photo1": "DCIM/JPEG_20201213173851679.jpg", "Photo2": "DCIM/JPEG_20201213173908744.jpg", "Photo3": "DCIM/JPEG_20201213173930091.jpg", "Photo4": "DCIM/JPEG_20201213173947194.jpg", "Irrigation": "TRUE", "District": "SANA", "Region": "NORT", "Zone": "sava", "Date": "2020-12-13", "Technician": "KOAS", "path": "I:\\GSSTI\\rscc\\landcover\\savanna_re\\For report\\Rahman_13_14_point.shp" }, "geometry": { "type": "Point", "coordinates": [ -0.695100633333341, 9.565093333333316 ] } },
{ "type": "Feature", "properties": { "fid": 110.0, "CropType": "Bush", "Photo1": "DCIM/JPEG_20201214094048056.jpg", "Photo2": "DCIM/JPEG_20201214094108741.jpg", "Photo3": "DCIM/JPEG_20201214094123720.jpg", "Photo4": "DCIM/JPEG_20201214094137047.jpg", "Irrigation": "TRUE", "District": "SANA", "Region": "NORT", "Zone": "sava", "Date": "2020-12-14", "Technician": "KOAS", "path": "I:\\GSSTI\\rscc\\landcover\\savanna_re\\For report\\Rahman_13_14_point.shp" }, "geometry": { "type": "Point", "coordinates": [ -0.69359005, 9.569411766666652 ] } },
{ "type": "Feature", "properties": { "fid": 112.0, "CropType": "maiz", "Photo1": "DCIM/JPEG_20201214112503798.jpg", "Photo2": "DCIM/JPEG_20201214112536155.jpg", "Photo3": "DCIM/JPEG_20201214112554838.jpg", "Photo4": "DCIM/JPEG_20201214112607083.jpg", "Irrigation": "TRUE", "District": "SANA", "Region": "NORT", "Zone": "sava", "Date": "2020-12-14", "Technician": "KOAS", "path": "I:\\GSSTI\\rscc\\landcover\\savanna_re\\For report\\Rahman_13_14_point.shp" }, "geometry": { "type": "Point", "coordinates": [ -0.686781833333343, 9.576120699999988 ] } },
{ "type": "Feature", "properties": { "fid": 113.0, "CropType": "maiz", "Photo1": "DCIM/JPEG_20201214124148522.jpg", "Photo2": "DCIM/JPEG_20201214124221912.jpg", "Photo3": "DCIM/JPEG_20201214124241489.jpg", "Photo4": "DCIM/JPEG_20201214124305336.jpg", "Irrigation": "TRUE", "District": "SANA", "Region": "NORT", "Zone": "sava", "Date": "2020-12-14", "Technician": "KOAS", "path": "I:\\GSSTI\\rscc\\landcover\\savanna_re\\For report\\Rahman_13_14_point.shp" }, "geometry": { "type": "Point", "coordinates": [ -0.64801755, 9.592612 ] } },
{ "type": "Feature", "properties": { "fid": 114.0, "CropType": "soyb", "Photo1": "DCIM/JPEG_20201214141745795.jpg", "Photo2": "DCIM/JPEG_20201214141803794.jpg", "Photo3": "DCIM/JPEG_20201214141818982.jpg", "Photo4": "DCIM/JPEG_20201214141834636.jpg", "Irrigation": "TRUE", "District": "GUSH", "Region": "NORT", "Zone": "sava", "Date": "2020-12-14", "Technician": "KOAS", "path": "I:\\GSSTI\\rscc\\landcover\\savanna_re\\For report\\Rahman_13_14_point.shp" }, "geometry": { "type": "Point", "coordinates": [ -0.579902633333329, 9.617605066666661 ] } },
{ "type": "Feature", "properties": { "fid": 115.0, "CropType": "maiz", "Photo1": "DCIM/JPEG_20201214154141911.jpg", "Photo2": "DCIM/JPEG_20201214154159229.jpg", "Photo3": "DCIM/JPEG_20201214154220501.jpg", "Photo4": "DCIM/JPEG_20201214154234887.jpg", "Irrigation": "TRUE", "District": "GUSH", "Region": "NORT", "Zone": "sava", "Date": "2020-12-14", "Technician": "KOAS", "path": "I:\\GSSTI\\rscc\\landcover\\savanna_re\\For report\\Rahman_13_14_point.shp" }, "geometry": { "type": "Point", "coordinates": [ -0.534718450000013, 9.635216633333332 ] } },
{ "type": "Feature", "properties": { "fid": 116.0, "CropType": "maiz", "Photo1": "DCIM/JPEG_20201214160532020.jpg", "Photo2": "DCIM/JPEG_20201214160548098.jpg", "Photo3": "DCIM/JPEG_20201214160603765.jpg", "Photo4": "DCIM/JPEG_20201214160625583.jpg", "Irrigation": "TRUE", "District": "GUSH", "Region": "NORT", "Zone": "sava", "Date": "2020-12-14", "Technician": "KOAS", "path": "I:\\GSSTI\\rscc\\landcover\\savanna_re\\For report\\Rahman_13_14_point.shp" }, "geometry": { "type": "Point", "coordinates": [ -0.508301016666659, 9.664726916666654 ] } },
{ "type": "Feature", "properties": { "fid": 100.0, "CropType": "Pigeon Pea", "Photo1": "DCIM/JPEG_20201215103310307.jpg", "Photo2": "DCIM/JPEG_20201215103336368.jpg", "Photo3": "DCIM/JPEG_20201215103401145.jpg", "Photo4": "DCIM/JPEG_20201215103421915.jpg", "Irrigation": "TRUE", "District": "TAMA", "Region": "NORT", "Zone": "sava", "Date": "2020-12-15", "Technician": "KOAS", "path": "I:\\GSSTI\\rscc\\landcover\\savanna_re\\For report\\Rahman_16_122020_point.shp" }, "geometry": { "type": "Point", "coordinates": [ -0.701291866666671, 9.398930399999985 ] } },
{ "type": "Feature", "properties": { "fid": 1001.0, "CropType": "grou", "Photo1": "DCIM/JPEG_20201215094204130.jpg", "Photo2": "DCIM/JPEG_20201215094218279.jpg", "Photo3": "DCIM/JPEG_20201215094234894.jpg", "Photo4": "DCIM/JPEG_20201215094248465.jpg", "Irrigation": "TRUE", "District": "TAMA", "Region": "NORT", "Zone": "sava", "Date": "2020-12-15", "Technician": "KOAS", "path": "I:\\GSSTI\\rscc\\landcover\\savanna_re\\For report\\Rahman_16_122020_point.shp" }, "geometry": { "type": "Point", "coordinates": [ -0.703041216666658, 9.39144905 ] } },
{ "type": "Feature", "properties": { "fid": 1002.0, "CropType": "maiz", "Photo1": "DCIM/JPEG_20201215101351584.jpg", "Photo2": "DCIM/JPEG_20201215101409956.jpg", "Photo3": "DCIM/JPEG_20201215101429201.jpg", "Photo4": "DCIM/JPEG_20201215101452158.jpg", "Irrigation": "TRUE", "District": "TAMA", "Region": "NORT", "Zone": "sava", "Date": "2020-12-15", "Technician": "KOAS", "path": "I:\\GSSTI\\rscc\\landcover\\savanna_re\\For report\\Rahman_16_122020_point.shp" }, "geometry": { "type": "Point", "coordinates": [ -0.704175750000011, 9.395385166666673 ] } },
{ "type": "Feature", "properties": { "fid": 1003.0, "CropType": "maiz", "Photo1": "DCIM/JPEG_20201215102032437.jpg", "Photo2": "DCIM/JPEG_20201215102049680.jpg", "Photo3": "DCIM/JPEG_20201215102107001.jpg", "Photo4": "DCIM/JPEG_20201215102126606.jpg", "Irrigation": "TRUE", "District": "TAMA", "Region": "NORT", "Zone": "sava", "Date": "2020-12-15", "Technician": "KOAS", "path": "I:\\GSSTI\\rscc\\landcover\\savanna_re\\For report\\Rahman_16_122020_point.shp" }, "geometry": { "type": "Point", "coordinates": [ -0.702078816666654, 9.398067799999986 ] } },
{ "type": "Feature", "properties": { "fid": 1005.0, "CropType": "rice", "Photo1": "DCIM/JPEG_20201215105626869.jpg", "Photo2": "DCIM/JPEG_20201215105652066.jpg", "Photo3": "DCIM/JPEG_20201215105706868.jpg", "Photo4": "DCIM/JPEG_20201215105719282.jpg", "Irrigation": "TRUE", "District": "TAMA", "Region": "NORT", "Zone": "sava", "Date": "2020-12-15", "Technician": "KOAS", "path": "I:\\GSSTI\\rscc\\landcover\\savanna_re\\For report\\Rahman_16_122020_point.shp" }, "geometry": { "type": "Point", "coordinates": [ -0.701320533333332, 9.400598233333314 ] } },
{ "type": "Feature", "properties": { "fid": 1006.0, "CropType": "maiz", "Photo1": "DCIM/JPEG_20201215113337821.jpg", "Photo2": "DCIM/JPEG_20201215113354131.jpg", "Photo3": "DCIM/JPEG_20201215113408698.jpg", "Photo4": "DCIM/JPEG_20201215113422124.jpg", "Irrigation": "TRUE", "District": "TAMA", "Region": "NORT", "Zone": "sava", "Date": "2020-12-15", "Technician": "KOAS", "path": "I:\\GSSTI\\rscc\\landcover\\savanna_re\\For report\\Rahman_16_122020_point.shp" }, "geometry": { "type": "Point", "coordinates": [ -0.708116316666672, 9.387339866666649 ] } },
{ "type": "Feature", "properties": { "fid": 1007.0, "CropType": "cowp", "Photo1": "DCIM/JPEG_20201215113853356.jpg", "Photo2": "DCIM/JPEG_20201215113912860.jpg", "Photo3": "DCIM/JPEG_20201215113931325.jpg", "Photo4": "DCIM/JPEG_20201215113945344.jpg", "Irrigation": "TRUE", "District": "TAMA", "Region": "NORT", "Zone": "sava", "Date": "2020-12-15", "Technician": "KOAS", "path": "I:\\GSSTI\\rscc\\landcover\\savanna_re\\For report\\Rahman_16_122020_point.shp" }, "geometry": { "type": "Point", "coordinates": [ -0.70849633333334, 9.383596966666667 ] } },
{ "type": "Feature", "properties": { "fid": 1008.0, "CropType": "Pigeon Pea", "Photo1": "DCIM/JPEG_20201215131236685.jpg", "Photo2": "DCIM/JPEG_20201215131311432.jpg", "Photo3": "DCIM/JPEG_20201215131450444.jpg", "Photo4": "DCIM/JPEG_20201215131509128.jpg", "Irrigation": "TRUE", "District": "TAMA", "Region": "NORT", "Zone": "sava", "Date": "2020-12-15", "Technician": "KOAS", "path": "I:\\GSSTI\\rscc\\landcover\\savanna_re\\For report\\Rahman_16_122020_point.shp" }, "geometry": { "type": "Point", "coordinates": [ -0.639190166666677, 9.37318255 ] } },
{ "type": "Feature", "properties": { "fid": 1009.0, "CropType": "Pigeon Pea", "Photo1": "DCIM/JPEG_20201215140309217.jpg", "Photo2": "DCIM/JPEG_20201215140338819.jpg", "Photo3": "DCIM/JPEG_20201215140415628.jpg", "Photo4": "DCIM/JPEG_20201215140434263.jpg", "Irrigation": "TRUE", "District": "TAMA", "Region": "NORT", "Zone": "sava", "Date": "2020-12-15", "Technician": "KOAS", "path": "I:\\GSSTI\\rscc\\landcover\\savanna_re\\For report\\Rahman_16_122020_point.shp" }, "geometry": { "type": "Point", "coordinates": [ -0.6310925, 9.371227416666652 ] } },
{ "type": "Feature", "properties": { "fid": 1010.0, "CropType": "rice", "Photo1": "DCIM/JPEG_20201215141228366.jpg", "Photo2": "DCIM/JPEG_20201215141241715.jpg", "Photo3": "DCIM/JPEG_20201215141255779.jpg", "Photo4": "DCIM/JPEG_20201215141308412.jpg", "Irrigation": "TRUE", "District": "TAMA", "Region": "NORT", "Zone": "sava", "Date": "2020-12-15", "Technician": "KOAS", "path": "I:\\GSSTI\\rscc\\landcover\\savanna_re\\For report\\Rahman_16_122020_point.shp" }, "geometry": { "type": "Point", "coordinates": [ -0.625310816666666, 9.36646606666665 ] } },
{ "type": "Feature", "properties": { "fid": 1011.0, "CropType": "maiz", "Photo1": "DCIM/JPEG_20201215141919739.jpg", "Photo2": "DCIM/JPEG_20201215141935680.jpg", "Photo3": "DCIM/JPEG_20201215141949867.jpg", "Photo4": "DCIM/JPEG_20201215142004794.jpg", "Irrigation": "TRUE", "District": "TAMA", "Region": "NORT", "Zone": "sava", "Date": "2020-12-15", "Technician": "KOAS", "path": "I:\\GSSTI\\rscc\\landcover\\savanna_re\\For report\\Rahman_16_122020_point.shp" }, "geometry": { "type": "Point", "coordinates": [ -0.624361866666678, 9.363525783333339 ] } },
{ "type": "Feature", "properties": { "fid": 1012.0, "CropType": "soyb", "Photo1": "DCIM/JPEG_20201215142317074.jpg", "Photo2": "DCIM/JPEG_20201215142332318.jpg", "Photo3": "DCIM/JPEG_20201215142345933.jpg", "Photo4": "DCIM/JPEG_20201215142358541.jpg", "Irrigation": "TRUE", "District": "TAMA", "Region": "NORT", "Zone": "sava", "Date": "2020-12-15", "Technician": "KOAS", "path": "I:\\GSSTI\\rscc\\landcover\\savanna_re\\For report\\Rahman_16_122020_point.shp" }, "geometry": { "type": "Point", "coordinates": [ -0.625664166666654, 9.362806033333337 ] } },
{ "type": "Feature", "properties": { "fid": 1013.0, "CropType": "Pigeon Pea", "Photo1": "DCIM/JPEG_20201215142738644.jpg", "Photo2": "DCIM/JPEG_20201215142755879.jpg", "Photo3": "DCIM/JPEG_20201215142814281.jpg", "Photo4": "DCIM/JPEG_20201215142850339.jpg", "Irrigation": "TRUE", "District": "TAMA", "Region": "NORT", "Zone": "sava", "Date": "2020-12-15", "Technician": "KOAS", "path": "I:\\GSSTI\\rscc\\landcover\\savanna_re\\For report\\Rahman_16_122020_point.shp" }, "geometry": { "type": "Point", "coordinates": [ -0.627682466666663, 9.36310585 ] } },
{ "type": "Feature", "properties": { "fid": 1014.0, "CropType": "sorg", "Photo1": "DCIM/JPEG_20201215143144411.jpg", "Photo2": "DCIM/JPEG_20201215143213335.jpg", "Photo3": "DCIM/JPEG_20201215143231676.jpg", "Photo4": "DCIM/JPEG_20201215143251771.jpg", "Irrigation": "TRUE", "District": "TAMA", "Region": "NORT", "Zone": "sava", "Date": "2020-12-15", "Technician": "KOAS", "path": "I:\\GSSTI\\rscc\\landcover\\savanna_re\\For report\\Rahman_16_122020_point.shp" }, "geometry": { "type": "Point", "coordinates": [ -0.628731783333323, 9.362651533333336 ] } },
{ "type": "Feature", "properties": { "fid": 1015.0, "CropType": "maiz", "Photo1": "DCIM/JPEG_20201215144254350.jpg", "Photo2": "DCIM/JPEG_20201215144310418.jpg", "Photo3": "DCIM/JPEG_20201215144326611.jpg", "Photo4": "DCIM/JPEG_20201215144340488.jpg", "Irrigation": "TRUE", "District": "TAMA", "Region": "NORT", "Zone": "sava", "Date": "2020-12-15", "Technician": "KOAS", "path": "I:\\GSSTI\\rscc\\landcover\\savanna_re\\For report\\Rahman_16_122020_point.shp" }, "geometry": { "type": "Point", "coordinates": [ -0.623893033333344, 9.361263966666655 ] } },
{ "type": "Feature", "properties": { "fid": 1016.0, "CropType": "maiz", "Photo1": "DCIM/JPEG_20201215144254350.jpg", "Photo2": "DCIM/JPEG_20201215144310418.jpg", "Photo3": "DCIM/JPEG_20201215144326611.jpg", "Photo4": "DCIM/JPEG_20201215144340488.jpg", "Irrigation": "TRUE", "District": "TAMA", "Region": "NORT", "Zone": "sava", "Date": "2020-12-15", "Technician": "KOAS", "path": "I:\\GSSTI\\rscc\\landcover\\savanna_re\\For report\\Rahman_16_122020_point.shp" }, "geometry": { "type": "Point", "coordinates": [ -0.62191478333334, 9.371873083333323 ] } },
{ "type": "Feature", "properties": { "fid": 1017.0, "CropType": "maiz", "Photo1": "DCIM/JPEG_20201215145748620.jpg", "Photo2": "DCIM/JPEG_20201215145804947.jpg", "Photo3": "DCIM/JPEG_20201215145821439.jpg", "Photo4": "DCIM/JPEG_20201215145833417.jpg", "Irrigation": "TRUE", "District": "TAMA", "Region": "NORT", "Zone": "sava", "Date": "2020-12-15", "Technician": "KOAS", "path": "I:\\GSSTI\\rscc\\landcover\\savanna_re\\For report\\Rahman_16_122020_point.shp" }, "geometry": { "type": "Point", "coordinates": [ -0.621922083333336, 9.371878666666664 ] } },
{ "type": "Feature", "properties": { "fid": 1018.0, "CropType": "maiz", "Photo1": "DCIM/JPEG_20201215154640085.jpg", "Photo2": "DCIM/JPEG_20201215154656807.jpg", "Photo3": "DCIM/JPEG_20201215154710596.jpg", "Photo4": "DCIM/JPEG_20201215154725337.jpg", "Irrigation": "TRUE", "District": "TAMA", "Region": "NORT", "Zone": "sava", "Date": "2020-12-15", "Technician": "KOAS", "path": "I:\\GSSTI\\rscc\\landcover\\savanna_re\\For report\\Rahman_16_122020_point.shp" }, "geometry": { "type": "Point", "coordinates": [ -0.673136066666657, 9.386883283333319 ] } },
{ "type": "Feature", "properties": { "fid": 1019.0, "CropType": "maiz", "Photo1": "DCIM/JPEG_20201215155231952.jpg", "Photo2": "DCIM/JPEG_20201215155246473.jpg", "Photo3": "DCIM/JPEG_20201215155257504.jpg", "Photo4": "DCIM/JPEG_20201215155308914.jpg", "Irrigation": "TRUE", "District": "TAMA", "Region": "NORT", "Zone": "sava", "Date": "2020-12-15", "Technician": "KOAS", "path": "I:\\GSSTI\\rscc\\landcover\\savanna_re\\For report\\Rahman_16_122020_point.shp" }, "geometry": { "type": "Point", "coordinates": [ -0.6716828, 9.393276066666669 ] } },
{ "type": "Feature", "properties": { "fid": 1020.0, "CropType": "Pigeon Pea", "Photo1": "DCIM/JPEG_20201216081501878.jpg", "Photo2": "DCIM/JPEG_20201216081523587.jpg", "Photo3": "DCIM/JPEG_20201216081556979.jpg", "Photo4": "DCIM/JPEG_20201216081630715.jpg", "Irrigation": "TRUE", "District": "TAMA", "Region": "NORT", "Zone": "sava", "Date": "2020-12-16", "Technician": "KOAS", "path": "I:\\GSSTI\\rscc\\landcover\\savanna_re\\For report\\Rahman_16_122020_point.shp" }, "geometry": { "type": "Point", "coordinates": [ -0.7082683, 9.360966866666654 ] } },
{ "type": "Feature", "properties": { "fid": 1022.0, "CropType": "rice", "Photo1": "DCIM/JPEG_20201216083907246.jpg", "Photo2": "DCIM/JPEG_20201216083920908.jpg", "Photo3": "DCIM/JPEG_20201216083934534.jpg", "Photo4": "DCIM/JPEG_20201216083944638.jpg", "Irrigation": "TRUE", "District": "TAMA", "Region": "NORT", "Zone": "sava", "Date": "2020-12-16", "Technician": "KOAS", "path": "I:\\GSSTI\\rscc\\landcover\\savanna_re\\For report\\Rahman_16_122020_point.shp" }, "geometry": { "type": "Point", "coordinates": [ -0.704494211414438, 9.362456816666656 ] } },
{ "type": "Feature", "properties": { "fid": 1023.0, "CropType": "sorg", "Photo1": "DCIM/JPEG_20201216092222508.jpg", "Photo2": "DCIM/JPEG_20201216092236204.jpg", "Photo3": "DCIM/JPEG_20201216092248057.jpg", "Photo4": "DCIM/JPEG_20201216092301436.jpg", "Irrigation": "TRUE", "District": "TAMA", "Region": "NORT", "Zone": "sava", "Date": "2020-12-16", "Technician": "KOAS", "path": "I:\\GSSTI\\rscc\\landcover\\savanna_re\\For report\\Rahman_16_122020_point.shp" }, "geometry": { "type": "Point", "coordinates": [ -0.71491875, 9.360476533333324 ] } },
{ "type": "Feature", "properties": { "fid": 1024.0, "CropType": "sorg", "Photo1": "DCIM/JPEG_20201216092222508.jpg", "Photo2": "DCIM/JPEG_20201216092236204.jpg", "Photo3": "DCIM/JPEG_20201216092248057.jpg", "Photo4": "DCIM/JPEG_20201216092301436.jpg", "Irrigation": "TRUE", "District": "TAMA", "Region": "NORT", "Zone": "sava", "Date": "2020-12-16", "Technician": "KOAS", "path": "I:\\GSSTI\\rscc\\landcover\\savanna_re\\For report\\Rahman_16_122020_point.shp" }, "geometry": { "type": "Point", "coordinates": [ -0.7134601, 9.360559416666657 ] } },
{ "type": "Feature", "properties": { "fid": 1025.0, "CropType": "Pigeon Pea", "Photo1": "DCIM/JPEG_20201216110100007.jpg", "Photo2": "DCIM/JPEG_20201216110113789.jpg", "Photo3": "DCIM/JPEG_20201216110126152.jpg", "Photo4": "DCIM/JPEG_20201216110136091.jpg", "Irrigation": "TRUE", "District": "NORT", "Region": "NORT", "Zone": "sava", "Date": "2020-12-16", "Technician": "KOAS", "path": "I:\\GSSTI\\rscc\\landcover\\savanna_re\\For report\\Rahman_16_122020_point.shp" }, "geometry": { "type": "Point", "coordinates": [ -0.6391918, 9.35869935 ] } },
{ "type": "Feature", "properties": { "fid": 1026.0, "CropType": "rice", "Photo1": "DCIM/JPEG_20201216111404230.jpg", "Photo2": "DCIM/JPEG_20201216111420121.jpg", "Photo3": "DCIM/JPEG_20201216111436947.jpg", "Photo4": "DCIM/JPEG_20201216111452290.jpg", "Irrigation": "TRUE", "District": "NORT", "Region": "NORT", "Zone": "sava", "Date": "2020-12-16", "Technician": "KOAS", "path": "I:\\GSSTI\\rscc\\landcover\\savanna_re\\For report\\Rahman_16_122020_point.shp" }, "geometry": { "type": "Point", "coordinates": [ -0.63780730000001, 9.358718616666652 ] } },
{ "type": "Feature", "properties": { "fid": 1027.0, "CropType": "cass", "Photo1": "DCIM/JPEG_20201216122117060.jpg", "Photo2": "DCIM/JPEG_20201216122132447.jpg", "Photo3": "DCIM/JPEG_20201216122145164.jpg", "Photo4": "DCIM/JPEG_20201216122209244.jpg", "Irrigation": "TRUE", "District": "TAMA", "Region": "NORT", "Zone": "sava", "Date": "2020-12-16", "Technician": "KOAS", "path": "I:\\GSSTI\\rscc\\landcover\\savanna_re\\For report\\Rahman_16_122020_point.shp" }, "geometry": { "type": "Point", "coordinates": [ -0.607895666666662, 9.356128233333338 ] } },
{ "type": "Feature", "properties": { "fid": 1028.0, "CropType": "sorg", "Photo1": "DCIM/JPEG_20201216123858583.jpg", "Photo2": "DCIM/JPEG_20201216123923094.jpg", "Photo3": "DCIM/JPEG_20201216123952943.jpg", "Photo4": "DCIM/JPEG_20201216124011868.jpg", "Irrigation": "TRUE", "District": "TAMA", "Region": "NORT", "Zone": "sava", "Date": "2020-12-16", "Technician": "KOAS", "path": "I:\\GSSTI\\rscc\\landcover\\savanna_re\\For report\\Rahman_16_122020_point.shp" }, "geometry": { "type": "Point", "coordinates": [ -0.607368633333332, 9.360456699999984 ] } },
{ "type": "Feature", "properties": { "fid": 1030.0, "CropType": "rice", "Photo1": "DCIM/JPEG_20201216142436254.jpg", "Photo2": "DCIM/JPEG_20201216142452491.jpg", "Photo3": "DCIM/JPEG_20201216142505579.jpg", "Photo4": "DCIM/JPEG_20201216142520248.jpg", "Irrigation": "TRUE", "District": "TAMA", "Region": "NORT", "Zone": "sava", "Date": "2020-12-16", "Technician": "KOAS", "path": "I:\\GSSTI\\rscc\\landcover\\savanna_re\\For report\\Rahman_16_122020_point.shp" }, "geometry": { "type": "Point", "coordinates": [ -0.59266585, 9.374109799999985 ] } },
{ "type": "Feature", "properties": { "fid": 1031.0, "CropType": "rice", "Photo1": "DCIM/JPEG_20201216143118785.jpg", "Photo2": "DCIM/JPEG_20201216143136330.jpg", "Photo3": "DCIM/JPEG_20201216143150506.jpg", "Photo4": "DCIM/JPEG_20201216143208520.jpg", "Irrigation": "TRUE", "District": "TAMA", "Region": "NORT", "Zone": "sava", "Date": "2020-12-16", "Technician": "KOAS", "path": "I:\\GSSTI\\rscc\\landcover\\savanna_re\\For report\\Rahman_16_122020_point.shp" }, "geometry": { "type": "Point", "coordinates": [ -0.5835278, 9.374962433333316 ] } },
{ "type": "Feature", "properties": { "fid": 1032.0, "CropType": "rice", "Photo1": "DCIM/JPEG_20201216143118785.jpg", "Photo2": "DCIM/JPEG_20201216143136330.jpg", "Photo3": "DCIM/JPEG_20201216143150506.jpg", "Photo4": "DCIM/JPEG_20201216143208520.jpg", "Irrigation": "TRUE", "District": "TAMA", "Region": "NORT", "Zone": "sava", "Date": "2020-12-16", "Technician": "KOAS", "path": "I:\\GSSTI\\rscc\\landcover\\savanna_re\\For report\\Rahman_16_122020_point.shp" }, "geometry": { "type": "Point", "coordinates": [ -0.5663703, 9.365421549999988 ] } },
{ "type": "Feature", "properties": { "fid": 1033.0, "CropType": "soyb", "Photo1": "DCIM/JPEG_20201216150614282.jpg", "Photo2": "DCIM/JPEG_20201216150634643.jpg", "Photo3": "DCIM/JPEG_20201216150653635.jpg", "Photo4": "DCIM/JPEG_20201216150709891.jpg", "Irrigation": "TRUE", "District": "TAMA", "Region": "NORT", "Zone": "sava", "Date": "2020-12-16", "Technician": "KOAS", "path": "I:\\GSSTI\\rscc\\landcover\\savanna_re\\For report\\Rahman_16_122020_point.shp" }, "geometry": { "type": "Point", "coordinates": [ -0.5663604, 9.365417333333324 ] } },
{ "type": "Feature", "properties": { "fid": 1034.0, "CropType": "maiz", "Photo1": "DCIM/JPEG_20201216151713648.jpg", "Photo2": "DCIM/JPEG_20201216151729456.jpg", "Photo3": "DCIM/JPEG_20201216151742550.jpg", "Photo4": "DCIM/JPEG_20201216151753359.jpg", "Irrigation": "TRUE", "District": "TAMA", "Region": "NORT", "Zone": "sava", "Date": "2020-12-16", "Technician": "KOAS", "path": "I:\\GSSTI\\rscc\\landcover\\savanna_re\\For report\\Rahman_16_122020_point.shp" }, "geometry": { "type": "Point", "coordinates": [ -0.56792405, 9.36162065 ] } },
{ "type": "Feature", "properties": { "fid": 1035.0, "CropType": "maiz", "Photo1": "DCIM/JPEG_20201216153414840.jpg", "Photo2": "DCIM/JPEG_20201216153431211.jpg", "Photo3": "DCIM/JPEG_20201216153448127.jpg", "Photo4": "DCIM/JPEG_20201216153503178.jpg", "Irrigation": "TRUE", "District": "TAMA", "Region": "NORT", "Zone": "sava", "Date": "2020-12-16", "Technician": "KOAS", "path": "I:\\GSSTI\\rscc\\landcover\\savanna_re\\For report\\Rahman_16_122020_point.shp" }, "geometry": { "type": "Point", "coordinates": [ -0.5700005, 9.348524316666667 ] } },
{ "type": "Feature", "properties": { "fid": 1036.0, "CropType": "soyb", "Photo1": "DCIM/JPEG_20201216154901629.jpg", "Photo2": "DCIM/JPEG_20201216154923317.jpg", "Photo3": "DCIM/JPEG_20201216154947431.jpg", "Photo4": "DCIM/JPEG_20201216155011538.jpg", "Irrigation": "TRUE", "District": "TAMA", "Region": "NORT", "Zone": "sava", "Date": "2020-12-16", "Technician": "KOAS", "path": "I:\\GSSTI\\rscc\\landcover\\savanna_re\\For report\\Rahman_16_122020_point.shp" }, "geometry": { "type": "Point", "coordinates": [ -0.558944266666674, 9.337374383333314 ] } },
{ "type": "Feature", "properties": { "fid": 1037.0, "CropType": "sorg", "Photo1": "DCIM/JPEG_20201216155243915.jpg", "Photo2": "DCIM/JPEG_20201216155305445.jpg", "Photo3": "DCIM/JPEG_20201216155332765.jpg", "Photo4": "DCIM/JPEG_20201216155354019.jpg", "Irrigation": "TRUE", "District": "TAMA", "Region": "NORT", "Zone": "sava", "Date": "2020-12-16", "Technician": "KOAS", "path": "I:\\GSSTI\\rscc\\landcover\\savanna_re\\For report\\Rahman_16_122020_point.shp" }, "geometry": { "type": "Point", "coordinates": [ -0.558669866666668, 9.336643133333331 ] } },
{ "type": "Feature", "properties": { "fid": 1038.0, "CropType": "Pigeon Pea", "Photo1": "DCIM/JPEG_20201216162638195.jpg", "Photo2": "DCIM/JPEG_20201216162655193.jpg", "Photo3": "DCIM/JPEG_20201216162707463.jpg", "Photo4": "DCIM/JPEG_20201216162718870.jpg", "Irrigation": "TRUE", "District": "TAMA", "Region": "NORT", "Zone": "sava", "Date": "2020-12-16", "Technician": "KOAS", "path": "I:\\GSSTI\\rscc\\landcover\\savanna_re\\For report\\Rahman_16_122020_point.shp" }, "geometry": { "type": "Point", "coordinates": [ -0.557173816666657, 9.358258583333331 ] } },
{ "type": "Feature", "properties": { "fid": 1039.0, "CropType": "rice", "Photo1": "DCIM/JPEG_20201216163331659.jpg", "Photo2": "DCIM/JPEG_20201216163348273.jpg", "Photo3": "DCIM/JPEG_20201216163400941.jpg", "Photo4": "DCIM/JPEG_20201216163414947.jpg", "Irrigation": "TRUE", "District": "TAMA", "Region": "NORT", "Zone": "sava", "Date": "2020-12-16", "Technician": "KOAS", "path": "I:\\GSSTI\\rscc\\landcover\\savanna_re\\For report\\Rahman_16_122020_point.shp" }, "geometry": { "type": "Point", "coordinates": [ -0.5581838, 9.362660233333328 ] } },
{ "type": "Feature", "properties": { "fid": 1040.0, "CropType": "maiz", "Photo1": "DCIM/JPEG_20201216164302657.jpg", "Photo2": "DCIM/JPEG_20201216164321350.jpg", "Photo3": "DCIM/JPEG_20201216164339641.jpg", "Photo4": "DCIM/JPEG_20201216164352087.jpg", "Irrigation": "TRUE", "District": "TAMA", "Region": "NORT", "Zone": "sava", "Date": "2020-12-16", "Technician": "KOAS", "path": "I:\\GSSTI\\rscc\\landcover\\savanna_re\\For report\\Rahman_16_122020_point.shp" }, "geometry": { "type": "Point", "coordinates": [ -0.559856633333326, 9.368246666666666 ] } },
{ "type": "Feature", "properties": { "fid": 1041.0, "CropType": "soyb", "Photo1": "DCIM/JPEG_20201216164617570.jpg", "Photo2": "DCIM/JPEG_20201216164633776.jpg", "Photo3": "DCIM/JPEG_20201216164646514.jpg", "Photo4": "DCIM/JPEG_20201216164700931.jpg", "Irrigation": "TRUE", "District": "TAMA", "Region": "NORT", "Zone": "sava", "Date": "2020-12-16", "Technician": "KOAS", "path": "I:\\GSSTI\\rscc\\landcover\\savanna_re\\For report\\Rahman_16_122020_point.shp" }, "geometry": { "type": "Point", "coordinates": [ -0.561047783333325, 9.367948 ] } },
{ "type": "Feature", "properties": { "fid": 121.0, "CropType": "mill", "Photo1": "DCIM/JPEG_20201221165312308.jpg", "Photo2": "DCIM/JPEG_20201221165324825.jpg", "Photo3": "DCIM/JPEG_20201221165338728.jpg", "Photo4": "DCIM/JPEG_20201221165354712.jpg", "Irrigation": "TRUE", "District": "GUSH", "Region": "NORT", "Zone": "sava", "Date": "2020-12-21", "Technician": "KOAS", "path": "I:\\GSSTI\\rscc\\landcover\\savanna_re\\For report\\Rahman_17_21122020_point.shp" }, "geometry": { "type": "Point", "coordinates": [ -0.242261116666658, 9.715158716666672 ] } },
{ "type": "Feature", "properties": { "fid": 122.0, "CropType": "yams", "Photo1": "DCIM/JPEG_20201221165840665.jpg", "Photo2": "DCIM/JPEG_20201221165853855.jpg", "Photo3": "DCIM/JPEG_20201221165904564.jpg", "Photo4": "DCIM/JPEG_20201221165917253.jpg", "Irrigation": "TRUE", "District": "GUSH", "Region": "NORT", "Zone": "sava", "Date": "2020-12-21", "Technician": "KOAS", "path": "I:\\GSSTI\\rscc\\landcover\\savanna_re\\For report\\Rahman_17_21122020_point.shp" }, "geometry": { "type": "Point", "coordinates": [ -0.2420524, 9.7135444 ] } },
{ "type": "Feature", "properties": { "fid": 123.0, "CropType": "mill", "Photo1": "DCIM/JPEG_20201221170506871.jpg", "Photo2": "DCIM/JPEG_20201221170533690.jpg", "Photo3": "DCIM/JPEG_20201221170548485.jpg", "Photo4": "DCIM/JPEG_20201221170601905.jpg", "Irrigation": "TRUE", "District": "GUSH", "Region": "NORT", "Zone": "sava", "Date": "2020-12-21", "Technician": "KOAS", "path": "I:\\GSSTI\\rscc\\landcover\\savanna_re\\For report\\Rahman_17_21122020_point.shp" }, "geometry": { "type": "Point", "coordinates": [ -0.240185466666661, 9.7104748 ] } },
{ "type": "Feature", "properties": { "fid": 124.0, "CropType": "mill", "Photo1": "DCIM/JPEG_20201221171228177.jpg", "Photo2": "DCIM/JPEG_20201221171241939.jpg", "Photo3": "DCIM/JPEG_20201221171255020.jpg", "Photo4": "DCIM/JPEG_20201221171308905.jpg", "Irrigation": "TRUE", "District": "GUSH", "Region": "NORT", "Zone": "sava", "Date": "2020-12-21", "Technician": "KOAS", "path": "I:\\GSSTI\\rscc\\landcover\\savanna_re\\For report\\Rahman_17_21122020_point.shp" }, "geometry": { "type": "Point", "coordinates": [ -0.237459116666678, 9.705950266666658 ] } },
{ "type": "Feature", "properties": { "fid": 125.0, "CropType": "mill", "Photo1": "DCIM/JPEG_20201221171603303.jpg", "Photo2": "DCIM/JPEG_20201221171616624.jpg", "Photo3": "DCIM/JPEG_20201221171632344.jpg", "Photo4": "DCIM/JPEG_20201221171649810.jpg", "Irrigation": "TRUE", "District": "GUSH", "Region": "NORT", "Zone": "sava", "Date": "2020-12-21", "Technician": "KOAS", "path": "I:\\GSSTI\\rscc\\landcover\\savanna_re\\For report\\Rahman_17_21122020_point.shp" }, "geometry": { "type": "Point", "coordinates": [ -0.237538333333322, 9.7046982 ] } },
{ "type": "Feature", "properties": { "fid": 126.0, "CropType": "mill", "Photo1": "DCIM/JPEG_20201221171858294.jpg", "Photo2": "DCIM/JPEG_20201221171911626.jpg", "Photo3": "DCIM/JPEG_20201221171921477.jpg", "Photo4": "DCIM/JPEG_20201221171933003.jpg", "Irrigation": "TRUE", "District": "GUSH", "Region": "NORT", "Zone": "sava", "Date": "2020-12-21", "Technician": "KOAS", "path": "I:\\GSSTI\\rscc\\landcover\\savanna_re\\For report\\Rahman_17_21122020_point.shp" }, "geometry": { "type": "Point", "coordinates": [ -0.237366033333335, 9.7035561 ] } },
{ "type": "Feature", "properties": { "fid": 159.0, "CropType": "soyb", "Photo1": "DCIM/JPEG_20201217110227453.jpg", "Photo2": "DCIM/JPEG_20201217110242691.jpg", "Photo3": "DCIM/JPEG_20201217110254624.jpg", "Photo4": "DCIM/JPEG_20201217110304759.jpg", "Irrigation": "TRUE", "District": "YEND", "Region": "NORT", "Zone": "sava", "Date": "2020-12-17", "Technician": "KOAS", "path": "I:\\GSSTI\\rscc\\landcover\\savanna_re\\For report\\Rahman_17_21122020_point.shp" }, "geometry": { "type": "Point", "coordinates": [ -0.5065459, 9.393839749999987 ] } },
{ "type": "Feature", "properties": { "fid": 1042.0, "CropType": "soyb", "Photo1": "DCIM/JPEG_20201217074531423.jpg", "Photo2": "DCIM/JPEG_20201217074551303.jpg", "Photo3": "DCIM/JPEG_20201217074611488.jpg", "Photo4": "DCIM/JPEG_20201217074628770.jpg", "Irrigation": "TRUE", "District": "TAMA", "Region": "NORT", "Zone": "sava", "Date": "2020-12-17", "Technician": "KOAS", "path": "I:\\GSSTI\\rscc\\landcover\\savanna_re\\For report\\Rahman_17_21122020_point.shp" }, "geometry": { "type": "Point", "coordinates": [ -0.5644858, 9.3800766 ] } },
{ "type": "Feature", "properties": { "fid": 1043.0, "CropType": "grou", "Photo1": "DCIM/JPEG_20201217075112714.jpg", "Photo2": "DCIM/JPEG_20201217075128485.jpg", "Photo3": "DCIM/JPEG_20201217075146769.jpg", "Photo4": "DCIM/JPEG_20201217075208939.jpg", "Irrigation": "TRUE", "District": "YEND", "Region": "NORT", "Zone": "sava", "Date": "2020-12-17", "Technician": "KOAS", "path": "I:\\GSSTI\\rscc\\landcover\\savanna_re\\For report\\Rahman_17_21122020_point.shp" }, "geometry": { "type": "Point", "coordinates": [ -0.557068133333331, 9.38183441666666 ] } },
{ "type": "Feature", "properties": { "fid": 1044.0, "CropType": "maiz", "Photo1": "DCIM/JPEG_20201217075714611.jpg", "Photo2": "DCIM/JPEG_20201217075735253.jpg", "Photo3": "DCIM/JPEG_20201217075756577.jpg", "Photo4": "DCIM/JPEG_20201217075819383.jpg", "Irrigation": "TRUE", "District": "YEND", "Region": "NORT", "Zone": "sava", "Date": "2020-12-17", "Technician": "KOAS", "path": "I:\\GSSTI\\rscc\\landcover\\savanna_re\\For report\\Rahman_17_21122020_point.shp" }, "geometry": { "type": "Point", "coordinates": [ -0.554879883333336, 9.38160378333332 ] } },
{ "type": "Feature", "properties": { "fid": 1045.0, "CropType": "cass", "Photo1": "DCIM/JPEG_20201217080557087.jpg", "Photo2": "DCIM/JPEG_20201217080613161.jpg", "Photo3": "DCIM/JPEG_20201217080640013.jpg", "Photo4": "DCIM/JPEG_20201217080651616.jpg", "Irrigation": "TRUE", "District": "YEND", "Region": "NORT", "Zone": "sava", "Date": "2020-12-17", "Technician": "KOAS", "path": "I:\\GSSTI\\rscc\\landcover\\savanna_re\\For report\\Rahman_17_21122020_point.shp" }, "geometry": { "type": "Point", "coordinates": [ -0.5504283, 9.377643366666666 ] } },
{ "type": "Feature", "properties": { "fid": 1046.0, "CropType": "yams", "Photo1": "DCIM/JPEG_20201217081304892.jpg", "Photo2": "DCIM/JPEG_20201217081322019.jpg", "Photo3": "DCIM/JPEG_20201217081340189.jpg", "Photo4": "DCIM/JPEG_20201217081400352.jpg", "Irrigation": "TRUE", "District": "YEND", "Region": "NORT", "Zone": "sava", "Date": "2020-12-17", "Technician": "KOAS", "path": "I:\\GSSTI\\rscc\\landcover\\savanna_re\\For report\\Rahman_17_21122020_point.shp" }, "geometry": { "type": "Point", "coordinates": [ -0.549354766666657, 9.377450233333324 ] } },
{ "type": "Feature", "properties": { "fid": 1047.0, "CropType": "rice", "Photo1": "DCIM/JPEG_20201217083922427.jpg", "Photo2": "DCIM/JPEG_20201217083945551.jpg", "Photo3": "DCIM/JPEG_20201217084004861.jpg", "Photo4": "DCIM/JPEG_20201217084024521.jpg", "Irrigation": "TRUE", "District": "YEND", "Region": "NORT", "Zone": "sava", "Date": "2020-12-17", "Technician": "KOAS", "path": "I:\\GSSTI\\rscc\\landcover\\savanna_re\\For report\\Rahman_17_21122020_point.shp" }, "geometry": { "type": "Point", "coordinates": [ -0.52563678333333, 9.390718 ] } },
{ "type": "Feature", "properties": { "fid": 1048.0, "CropType": "soyb", "Photo1": "DCIM/JPEG_20201217085141877.jpg", "Photo2": "DCIM/JPEG_20201217085156026.jpg", "Photo3": "DCIM/JPEG_20201217085208267.jpg", "Photo4": "DCIM/JPEG_20201217085222505.jpg", "Irrigation": "TRUE", "District": "YEND", "Region": "NORT", "Zone": "sava", "Date": "2020-12-17", "Technician": "KOAS", "path": "I:\\GSSTI\\rscc\\landcover\\savanna_re\\For report\\Rahman_17_21122020_point.shp" }, "geometry": { "type": "Point", "coordinates": [ -0.515299966666677, 9.3963809 ] } },
{ "type": "Feature", "properties": { "fid": 1049.0, "CropType": "soyb", "Photo1": "DCIM/JPEG_20201217085656356.jpg", "Photo2": "DCIM/JPEG_20201217085710884.jpg", "Photo3": "DCIM/JPEG_20201217085722026.jpg", "Photo4": "DCIM/JPEG_20201217085734278.jpg", "Irrigation": "TRUE", "District": "YEND", "Region": "NORT", "Zone": "sava", "Date": "2020-12-17", "Technician": "KOAS", "path": "I:\\GSSTI\\rscc\\landcover\\savanna_re\\For report\\Rahman_17_21122020_point.shp" }, "geometry": { "type": "Point", "coordinates": [ -0.514216399999989, 9.39860866666667 ] } },
{ "type": "Feature", "properties": { "fid": 1050.0, "CropType": "grou", "Photo1": "DCIM/JPEG_20201217091228664.jpg", "Photo2": "DCIM/JPEG_20201217091243418.jpg", "Photo3": "DCIM/JPEG_20201217091257141.jpg", "Photo4": "DCIM/JPEG_20201217091314513.jpg", "Irrigation": "TRUE", "District": "YEND", "Region": "NORT", "Zone": "sava", "Date": "2020-12-17", "Technician": "KOAS", "path": "I:\\GSSTI\\rscc\\landcover\\savanna_re\\For report\\Rahman_17_21122020_point.shp" }, "geometry": { "type": "Point", "coordinates": [ -0.515588216666665, 9.403609833333324 ] } },
{ "type": "Feature", "properties": { "fid": 1051.0, "CropType": "maiz", "Photo1": "DCIM/JPEG_20201217091440133.jpg", "Photo2": "DCIM/JPEG_20201217091455824.jpg", "Photo3": "DCIM/JPEG_20201217091509882.jpg", "Photo4": "DCIM/JPEG_20201217091522930.jpg", "Irrigation": "TRUE", "District": "YEND", "Region": "NORT", "Zone": "sava", "Date": "2020-12-17", "Technician": "KOAS", "path": "I:\\GSSTI\\rscc\\landcover\\savanna_re\\For report\\Rahman_17_21122020_point.shp" }, "geometry": { "type": "Point", "coordinates": [ -0.515275833333327, 9.403791416666648 ] } },
{ "type": "Feature", "properties": { "fid": 1052.0, "CropType": "sorg", "Photo1": "DCIM/JPEG_20201217091951216.jpg", "Photo2": "DCIM/JPEG_20201217092005600.jpg", "Photo3": "DCIM/JPEG_20201217092016619.jpg", "Photo4": "DCIM/JPEG_20201217092029645.jpg", "Irrigation": "TRUE", "District": "YEND", "Region": "NORT", "Zone": "sava", "Date": "2020-12-17", "Technician": "KOAS", "path": "I:\\GSSTI\\rscc\\landcover\\savanna_re\\For report\\Rahman_17_21122020_point.shp" }, "geometry": { "type": "Point", "coordinates": [ -0.515624183333322, 9.405125799999981 ] } },
{ "type": "Feature", "properties": { "fid": 1053.0, "CropType": "grou", "Photo1": "DCIM/JPEG_20201217093016318.jpg", "Photo2": "DCIM/JPEG_20201217093029492.jpg", "Photo3": "DCIM/JPEG_20201217093041362.jpg", "Photo4": "DCIM/JPEG_20201217093052038.jpg", "Irrigation": "TRUE", "District": "YEND", "Region": "NORT", "Zone": "sava", "Date": "2020-12-17", "Technician": "KOAS", "path": "I:\\GSSTI\\rscc\\landcover\\savanna_re\\For report\\Rahman_17_21122020_point.shp" }, "geometry": { "type": "Point", "coordinates": [ -0.514854183333331, 9.407640783333322 ] } },
{ "type": "Feature", "properties": { "fid": 1054.0, "CropType": "Pigeon Pea", "Photo1": "DCIM/JPEG_20201217094255924.jpg", "Photo2": "DCIM/JPEG_20201217094311095.jpg", "Photo3": "DCIM/JPEG_20201217094324937.jpg", "Photo4": "DCIM/JPEG_20201217094341749.jpg", "Irrigation": "TRUE", "District": "YEND", "Region": "NORT", "Zone": "sava", "Date": "2020-12-17", "Technician": "KOAS", "path": "I:\\GSSTI\\rscc\\landcover\\savanna_re\\For report\\Rahman_17_21122020_point.shp" }, "geometry": { "type": "Point", "coordinates": [ -0.51435185, 9.41149255 ] } },
{ "type": "Feature", "properties": { "fid": 1055.0, "CropType": "yams", "Photo1": "DCIM/JPEG_20201217094552451.jpg", "Photo2": "DCIM/JPEG_20201217094609235.jpg", "Photo3": "DCIM/JPEG_20201217094622073.jpg", "Photo4": "DCIM/JPEG_20201217094642938.jpg", "Irrigation": "TRUE", "District": "YEND", "Region": "NORT", "Zone": "sava", "Date": "2020-12-17", "Technician": "KOAS", "path": "I:\\GSSTI\\rscc\\landcover\\savanna_re\\For report\\Rahman_17_21122020_point.shp" }, "geometry": { "type": "Point", "coordinates": [ -0.514359566666658, 9.412501383333328 ] } },
{ "type": "Feature", "properties": { "fid": 1056.0, "CropType": "Pigeon Pea", "Photo1": "DCIM/JPEG_20201217094800129.jpg", "Photo2": "DCIM/JPEG_20201217094822350.jpg", "Photo3": "DCIM/JPEG_20201217094837122.jpg", "Photo4": "DCIM/JPEG_20201217094858779.jpg", "Irrigation": "TRUE", "District": "YEND", "Region": "NORT", "Zone": "sava", "Date": "2020-12-17", "Technician": "KOAS", "path": "I:\\GSSTI\\rscc\\landcover\\savanna_re\\For report\\Rahman_17_21122020_point.shp" }, "geometry": { "type": "Point", "coordinates": [ -0.5141959, 9.412266833333319 ] } },
{ "type": "Feature", "properties": { "fid": 1057.0, "CropType": "cass", "Photo1": "DCIM/JPEG_20201217095330543.jpg", "Photo2": "DCIM/JPEG_20201217095353258.jpg", "Photo3": "DCIM/JPEG_20201217095412175.jpg", "Photo4": "DCIM/JPEG_20201217095445484.jpg", "Irrigation": "TRUE", "District": "YEND", "Region": "NORT", "Zone": "sava", "Date": "2020-12-17", "Technician": "KOAS", "path": "I:\\GSSTI\\rscc\\landcover\\savanna_re\\For report\\Rahman_17_21122020_point.shp" }, "geometry": { "type": "Point", "coordinates": [ -0.514083966666677, 9.414037033333315 ] } },
{ "type": "Feature", "properties": { "fid": 1058.0, "CropType": "grou", "Photo1": "DCIM/JPEG_20201217100429891.jpg", "Photo2": "DCIM/JPEG_20201217100443990.jpg", "Photo3": "DCIM/JPEG_20201217100454836.jpg", "Photo4": "DCIM/JPEG_20201217100508435.jpg", "Irrigation": "TRUE", "District": "YEND", "Region": "NORT", "Zone": "sava", "Date": "2020-12-17", "Technician": "KOAS", "path": "I:\\GSSTI\\rscc\\landcover\\savanna_re\\For report\\Rahman_17_21122020_point.shp" }, "geometry": { "type": "Point", "coordinates": [ -0.515221566666657, 9.409799433333317 ] } },
{ "type": "Feature", "properties": { "fid": 1060.0, "CropType": "soyb", "Photo1": "DCIM/JPEG_20201217111043256.jpg", "Photo2": "DCIM/JPEG_20201217111054486.jpg", "Photo3": "DCIM/JPEG_20201217111108181.jpg", "Photo4": "DCIM/JPEG_20201217111116732.jpg", "Irrigation": "TRUE", "District": "YEND", "Region": "NORT", "Zone": "sava", "Date": "2020-12-17", "Technician": "KOAS", "path": "I:\\GSSTI\\rscc\\landcover\\savanna_re\\For report\\Rahman_17_21122020_point.shp" }, "geometry": { "type": "Point", "coordinates": [ -0.49727521666667, 9.396791683333316 ] } },
{ "type": "Feature", "properties": { "fid": 1061.0, "CropType": "sorg", "Photo1": "DCIM/JPEG_20201217111344661.jpg", "Photo2": "DCIM/JPEG_20201217111402292.jpg", "Photo3": "DCIM/JPEG_20201217111415114.jpg", "Photo4": "DCIM/JPEG_20201217111427786.jpg", "Irrigation": "TRUE", "District": "YEND", "Region": "NORT", "Zone": "sava", "Date": "2020-12-17", "Technician": "KOAS", "path": "I:\\GSSTI\\rscc\\landcover\\savanna_re\\For report\\Rahman_17_21122020_point.shp" }, "geometry": { "type": "Point", "coordinates": [ -0.496778083333334, 9.396232683333331 ] } },
{ "type": "Feature", "properties": { "fid": 1062.0, "CropType": "soyb", "Photo1": "DCIM/JPEG_20201217111750882.jpg", "Photo2": "DCIM/JPEG_20201217111809856.jpg", "Photo3": "DCIM/JPEG_20201217111823927.jpg", "Photo4": "DCIM/JPEG_20201217111836163.jpg", "Irrigation": "TRUE", "District": "YEND", "Region": "NORT", "Zone": "sava", "Date": "2020-12-17", "Technician": "KOAS", "path": "I:\\GSSTI\\rscc\\landcover\\savanna_re\\For report\\Rahman_17_21122020_point.shp" }, "geometry": { "type": "Point", "coordinates": [ -0.49445485, 9.396810033333315 ] } },
{ "type": "Feature", "properties": { "fid": 1063.0, "CropType": "rice", "Photo1": "DCIM/JPEG_20201217112309322.jpg", "Photo2": "DCIM/JPEG_20201217112326801.jpg", "Photo3": "DCIM/JPEG_20201217112337533.jpg", "Photo4": "DCIM/JPEG_20201217112349679.jpg", "Irrigation": "TRUE", "District": "YEND", "Region": "NORT", "Zone": "sava", "Date": "2020-12-17", "Technician": "KOAS", "path": "I:\\GSSTI\\rscc\\landcover\\savanna_re\\For report\\Rahman_17_21122020_point.shp" }, "geometry": { "type": "Point", "coordinates": [ -0.489115716666658, 9.398340899999981 ] } },
{ "type": "Feature", "properties": { "fid": 1064.0, "CropType": "grou", "Photo1": "DCIM/JPEG_20201217114605108.jpg", "Photo2": "DCIM/JPEG_20201217114718487.jpg", "Photo3": "DCIM/JPEG_20201217114707701.jpg", "Photo4": "DCIM/JPEG_20201217114654855.jpg", "Irrigation": "TRUE", "District": "YEND", "Region": "NORT", "Zone": "sava", "Date": "2020-12-17", "Technician": "KOAS", "path": "I:\\GSSTI\\rscc\\landcover\\savanna_re\\For report\\Rahman_17_21122020_point.shp" }, "geometry": { "type": "Point", "coordinates": [ -0.482508533333336, 9.407521449999985 ] } },
{ "type": "Feature", "properties": { "fid": 1065.0, "CropType": "soyb", "Photo1": "DCIM/JPEG_20201217125753035.jpg", "Photo2": "DCIM/JPEG_20201217125807751.jpg", "Photo3": "DCIM/JPEG_20201217125820375.jpg", "Photo4": "DCIM/JPEG_20201217125834385.jpg", "Irrigation": "TRUE", "District": "YEND", "Region": "NORT", "Zone": "sava", "Date": "2020-12-17", "Technician": "KOAS", "path": "I:\\GSSTI\\rscc\\landcover\\savanna_re\\For report\\Rahman_17_21122020_point.shp" }, "geometry": { "type": "Point", "coordinates": [ -0.483625433333328, 9.410509616666657 ] } },
{ "type": "Feature", "properties": { "fid": 1066.0, "CropType": "sorg", "Photo1": "DCIM/JPEG_20201217131357592.jpg", "Photo2": "DCIM/JPEG_20201217131347311.jpg", "Photo3": "DCIM/JPEG_20201217131334175.jpg", "Photo4": "DCIM/JPEG_20201217131320742.jpg", "Irrigation": "TRUE", "District": "YEND", "Region": "NORT", "Zone": "sava", "Date": "2020-12-17", "Technician": "KOAS", "path": "I:\\GSSTI\\rscc\\landcover\\savanna_re\\For report\\Rahman_17_21122020_point.shp" }, "geometry": { "type": "Point", "coordinates": [ -0.484845216666655, 9.4150277 ] } },
{ "type": "Feature", "properties": { "fid": 1067.0, "CropType": "grou", "Photo1": "DCIM/JPEG_20201217131728911.jpg", "Photo2": "DCIM/JPEG_20201217131714318.jpg", "Photo3": "DCIM/JPEG_20201217131659415.jpg", "Photo4": "DCIM/JPEG_20201217131644937.jpg", "Irrigation": "TRUE", "District": "YEND", "Region": "NORT", "Zone": "sava", "Date": "2020-12-17", "Technician": "KOAS", "path": "I:\\GSSTI\\rscc\\landcover\\savanna_re\\For report\\Rahman_17_21122020_point.shp" }, "geometry": { "type": "Point", "coordinates": [ -0.485984166666656, 9.41682288333333 ] } },
{ "type": "Feature", "properties": { "fid": 1068.0, "CropType": "sorg", "Photo1": "DCIM/JPEG_20201217133044569.jpg", "Photo2": "DCIM/JPEG_20201217133033056.jpg", "Photo3": "DCIM/JPEG_20201217133017229.jpg", "Photo4": "DCIM/JPEG_20201217133001092.jpg", "Irrigation": "TRUE", "District": "YEND", "Region": "NORT", "Zone": "sava", "Date": "2020-12-17", "Technician": "KOAS", "path": "I:\\GSSTI\\rscc\\landcover\\savanna_re\\For report\\Rahman_17_21122020_point.shp" }, "geometry": { "type": "Point", "coordinates": [ -0.487063883333325, 9.41904476666666 ] } },
{ "type": "Feature", "properties": { "fid": 1069.0, "CropType": "soyb", "Photo1": "DCIM/JPEG_20201217133403886.jpg", "Photo2": "DCIM/JPEG_20201217133420903.jpg", "Photo3": "DCIM/JPEG_20201217133435220.jpg", "Photo4": "DCIM/JPEG_20201217133448123.jpg", "Irrigation": "TRUE", "District": "YEND", "Region": "NORT", "Zone": "sava", "Date": "2020-12-17", "Technician": "KOAS", "path": "I:\\GSSTI\\rscc\\landcover\\savanna_re\\For report\\Rahman_17_21122020_point.shp" }, "geometry": { "type": "Point", "coordinates": [ -0.48714736666667, 9.419675033333332 ] } },
{ "type": "Feature", "properties": { "fid": 1070.0, "CropType": "sorg", "Photo1": "DCIM/JPEG_20201217134005122.jpg", "Photo2": "DCIM/JPEG_20201217133954850.jpg", "Photo3": "DCIM/JPEG_20201217133942659.jpg", "Photo4": "DCIM/JPEG_20201217133931231.jpg", "Irrigation": "TRUE", "District": "YEND", "Region": "NORT", "Zone": "sava", "Date": "2020-12-17", "Technician": "KOAS", "path": "I:\\GSSTI\\rscc\\landcover\\savanna_re\\For report\\Rahman_17_21122020_point.shp" }, "geometry": { "type": "Point", "coordinates": [ -0.488980066666673, 9.419065033333325 ] } },
{ "type": "Feature", "properties": { "fid": 1071.0, "CropType": "maiz", "Photo1": "DCIM/JPEG_20201217134443465.jpg", "Photo2": "DCIM/JPEG_20201217134459542.jpg", "Photo3": "DCIM/JPEG_20201217134509827.jpg", "Photo4": "DCIM/JPEG_20201217134521860.jpg", "Irrigation": "TRUE", "District": "YEND", "Region": "NORT", "Zone": "sava", "Date": "2020-12-17", "Technician": "KOAS", "path": "I:\\GSSTI\\rscc\\landcover\\savanna_re\\For report\\Rahman_17_21122020_point.shp" }, "geometry": { "type": "Point", "coordinates": [ -0.489180216666672, 9.419878 ] } },
{ "type": "Feature", "properties": { "fid": 1072.0, "CropType": "Pigeon Pea", "Photo1": "DCIM/JPEG_20201217135008500.jpg", "Photo2": "DCIM/JPEG_20201217135032538.jpg", "Photo3": "DCIM/JPEG_20201217135050467.jpg", "Photo4": "DCIM/JPEG_20201217135110248.jpg", "Irrigation": "TRUE", "District": "YEND", "Region": "NORT", "Zone": "sava", "Date": "2020-12-17", "Technician": "KOAS", "path": "I:\\GSSTI\\rscc\\landcover\\savanna_re\\For report\\Rahman_17_21122020_point.shp" }, "geometry": { "type": "Point", "coordinates": [ -0.49206685, 9.41910975 ] } },
{ "type": "Feature", "properties": { "fid": 1073.0, "CropType": "sorg", "Photo1": "DCIM/JPEG_20201217135446491.jpg", "Photo2": "DCIM/JPEG_20201217135515308.jpg", "Photo3": "DCIM/JPEG_20201217135528115.jpg", "Photo4": "DCIM/JPEG_20201217135544109.jpg", "Irrigation": "TRUE", "District": "YEND", "Region": "NORT", "Zone": "sava", "Date": "2020-12-17", "Technician": "KOAS", "path": "I:\\GSSTI\\rscc\\landcover\\savanna_re\\For report\\Rahman_17_21122020_point.shp" }, "geometry": { "type": "Point", "coordinates": [ -0.491801233333345, 9.418093883333318 ] } },
{ "type": "Feature", "properties": { "fid": 1074.0, "CropType": "sorg", "Photo1": "DCIM/JPEG_20201217140101439.jpg", "Photo2": "DCIM/JPEG_20201217140117593.jpg", "Photo3": "DCIM/JPEG_20201217140139678.jpg", "Photo4": "DCIM/JPEG_20201217140202606.jpg", "Irrigation": "TRUE", "District": "YEND", "Region": "NORT", "Zone": "sava", "Date": "2020-12-17", "Technician": "KOAS", "path": "I:\\GSSTI\\rscc\\landcover\\savanna_re\\For report\\Rahman_17_21122020_point.shp" }, "geometry": { "type": "Point", "coordinates": [ -0.487866, 9.422935616666654 ] } },
{ "type": "Feature", "properties": { "fid": 1075.0, "CropType": "rice", "Photo1": "DCIM/JPEG_20201217151430395.jpg", "Photo2": "DCIM/JPEG_20201217151421190.jpg", "Photo3": "DCIM/JPEG_20201217151411438.jpg", "Photo4": "DCIM/JPEG_20201217151400343.jpg", "Irrigation": "TRUE", "District": "YEND", "Region": "NORT", "Zone": "sava", "Date": "2020-12-17", "Technician": "KOAS", "path": "I:\\GSSTI\\rscc\\landcover\\savanna_re\\For report\\Rahman_17_21122020_point.shp" }, "geometry": { "type": "Point", "coordinates": [ -0.449080716666675, 9.407855883333331 ] } },
{ "type": "Feature", "properties": { "fid": 1076.0, "CropType": "rice", "Photo1": "DCIM/JPEG_20201217152322109.jpg", "Photo2": "DCIM/JPEG_20201217152336880.jpg", "Photo3": "DCIM/JPEG_20201217152347352.jpg", "Photo4": "DCIM/JPEG_20201217152359131.jpg", "Irrigation": "TRUE", "District": "YEND", "Region": "NORT", "Zone": "sava", "Date": "2020-12-17", "Technician": "KOAS", "path": "I:\\GSSTI\\rscc\\landcover\\savanna_re\\For report\\Rahman_17_21122020_point.shp" }, "geometry": { "type": "Point", "coordinates": [ -0.4356546, 9.412657566666651 ] } },
{ "type": "Feature", "properties": { "fid": 1077.0, "CropType": "Pigeon Pea", "Photo1": "DCIM/JPEG_20201217153304237.jpg", "Photo2": "DCIM/JPEG_20201217153316892.jpg", "Photo3": "DCIM/JPEG_20201217153326928.jpg", "Photo4": "DCIM/JPEG_20201217153337633.jpg", "Irrigation": "TRUE", "District": "YEND", "Region": "NORT", "Zone": "sava", "Date": "2020-12-17", "Technician": "KOAS", "path": "I:\\GSSTI\\rscc\\landcover\\savanna_re\\For report\\Rahman_17_21122020_point.shp" }, "geometry": { "type": "Point", "coordinates": [ -0.408066033333344, 9.42183238333333 ] } },
{ "type": "Feature", "properties": { "fid": 1078.0, "CropType": "Pigeon Pea", "Photo1": "DCIM/JPEG_20201217153749696.jpg", "Photo2": "DCIM/JPEG_20201217153804069.jpg", "Photo3": "DCIM/JPEG_20201217153818189.jpg", "Photo4": "DCIM/JPEG_20201217153833093.jpg", "Irrigation": "TRUE", "District": "YEND", "Region": "NORT", "Zone": "sava", "Date": "2020-12-17", "Technician": "KOAS", "path": "I:\\GSSTI\\rscc\\landcover\\savanna_re\\For report\\Rahman_17_21122020_point.shp" }, "geometry": { "type": "Point", "coordinates": [ -0.403888866666679, 9.424367033333334 ] } },
{ "type": "Feature", "properties": { "fid": 1079.0, "CropType": "Pigeon Pea", "Photo1": "DCIM/JPEG_20201217154640235.jpg", "Photo2": "DCIM/JPEG_20201217154658089.jpg", "Photo3": "DCIM/JPEG_20201217154712217.jpg", "Photo4": "DCIM/JPEG_20201217154755346.jpg", "Irrigation": "TRUE", "District": "YEND", "Region": "NORT", "Zone": "sava", "Date": "2020-12-17", "Technician": "KOAS", "path": "I:\\GSSTI\\rscc\\landcover\\savanna_re\\For report\\Rahman_17_21122020_point.shp" }, "geometry": { "type": "Point", "coordinates": [ -0.40073796666666, 9.429498533333319 ] } },
{ "type": "Feature", "properties": { "fid": 1080.0, "CropType": "Pigeon Pea", "Photo1": "DCIM/JPEG_20201217155905526.jpg", "Photo2": "DCIM/JPEG_20201217155922120.jpg", "Photo3": "DCIM/JPEG_20201217155933294.jpg", "Photo4": "DCIM/JPEG_20201217155945786.jpg", "Irrigation": "TRUE", "District": "YEND", "Region": "NORT", "Zone": "sava", "Date": "2020-12-17", "Technician": "KOAS", "path": "I:\\GSSTI\\rscc\\landcover\\savanna_re\\For report\\Rahman_17_21122020_point.shp" }, "geometry": { "type": "Point", "coordinates": [ -0.397233866666674, 9.43091265 ] } },
{ "type": "Feature", "properties": { "fid": 1081.0, "CropType": "sorg", "Photo1": "DCIM/JPEG_20201217161135566.jpg", "Photo2": "DCIM/JPEG_20201217161147613.jpg", "Photo3": "DCIM/JPEG_20201217161158112.jpg", "Photo4": "DCIM/JPEG_20201217161208853.jpg", "Irrigation": "TRUE", "District": "YEND", "Region": "NORT", "Zone": "sava", "Date": "2020-12-17", "Technician": "KOAS", "path": "I:\\GSSTI\\rscc\\landcover\\savanna_re\\For report\\Rahman_17_21122020_point.shp" }, "geometry": { "type": "Point", "coordinates": [ -0.353331299999988, 9.43473815 ] } },
{ "type": "Feature", "properties": { "fid": 1082.0, "CropType": "sorg", "Photo1": "DCIM/JPEG_20201217161541848.jpg", "Photo2": "DCIM/JPEG_20201217161554622.jpg", "Photo3": "DCIM/JPEG_20201217161609303.jpg", "Photo4": "DCIM/JPEG_20201217161624756.jpg", "Irrigation": "TRUE", "District": "YEND", "Region": "NORT", "Zone": "sava", "Date": "2020-12-17", "Technician": "KOAS", "path": "I:\\GSSTI\\rscc\\landcover\\savanna_re\\For report\\Rahman_17_21122020_point.shp" }, "geometry": { "type": "Point", "coordinates": [ -0.3523028, 9.432407716666651 ] } },
{ "type": "Feature", "properties": { "fid": 1083.0, "CropType": "grou", "Photo1": "DCIM/JPEG_20201217163908661.jpg", "Photo2": "DCIM/JPEG_20201217163928525.jpg", "Photo3": "DCIM/JPEG_20201217163942538.jpg", "Photo4": "DCIM/JPEG_20201217163958715.jpg", "Irrigation": "TRUE", "District": "YEND", "Region": "NORT", "Zone": "sava", "Date": "2020-12-17", "Technician": "KOAS", "path": "I:\\GSSTI\\rscc\\landcover\\savanna_re\\For report\\Rahman_17_21122020_point.shp" }, "geometry": { "type": "Point", "coordinates": [ -0.34570225, 9.425817966666656 ] } },
{ "type": "Feature", "properties": { "fid": 1085.0, "CropType": "yams", "Photo1": "DCIM/JPEG_20201217170036753.jpg", "Photo2": "DCIM/JPEG_20201217170054034.jpg", "Photo3": "DCIM/JPEG_20201217170112057.jpg", "Photo4": "DCIM/JPEG_20201217170137217.jpg", "Irrigation": "TRUE", "District": "YEND", "Region": "NORT", "Zone": "sava", "Date": "2020-12-17", "Technician": "KOAS", "path": "I:\\GSSTI\\rscc\\landcover\\savanna_re\\For report\\Rahman_17_21122020_point.shp" }, "geometry": { "type": "Point", "coordinates": [ -0.312949566666667, 9.416008383333315 ] } },
{ "type": "Feature", "properties": { "fid": 1086.0, "CropType": "yams", "Photo1": "DCIM/JPEG_20201217170036753.jpg", "Photo2": "DCIM/JPEG_20201217170054034.jpg", "Photo3": "DCIM/JPEG_20201217170112057.jpg", "Photo4": "DCIM/JPEG_20201217170137217.jpg", "Irrigation": "TRUE", "District": "YEND", "Region": "NORT", "Zone": "sava", "Date": "2020-12-17", "Technician": "KOAS", "path": "I:\\GSSTI\\rscc\\landcover\\savanna_re\\For report\\Rahman_17_21122020_point.shp" }, "geometry": { "type": "Point", "coordinates": [ -0.299756983333321, 9.416084433333323 ] } },
{ "type": "Feature", "properties": { "fid": 1089.0, "CropType": "sorg", "Photo1": "DCIM/JPEG_20201218075730357.jpg", "Photo2": "DCIM/JPEG_20201218075748134.jpg", "Photo3": "DCIM/JPEG_20201218075800069.jpg", "Photo4": "DCIM/JPEG_20201218075810543.jpg", "Irrigation": "TRUE", "District": "YEND", "Region": "NORT", "Zone": "sava", "Date": "2020-12-18", "Technician": "KOAS", "path": "I:\\GSSTI\\rscc\\landcover\\savanna_re\\For report\\Rahman_17_21122020_point.shp" }, "geometry": { "type": "Point", "coordinates": [ -0.30053355, 9.400276033333318 ] } },
{ "type": "Feature", "properties": { "fid": 1090.0, "CropType": "yams", "Photo1": "DCIM/JPEG_20201218075950217.jpg", "Photo2": "DCIM/JPEG_20201218080005848.jpg", "Photo3": "DCIM/JPEG_20201218080024615.jpg", "Photo4": "DCIM/JPEG_20201218080046884.jpg", "Irrigation": "TRUE", "District": "YEND", "Region": "NORT", "Zone": "sava", "Date": "2020-12-18", "Technician": "KOAS", "path": "I:\\GSSTI\\rscc\\landcover\\savanna_re\\For report\\Rahman_17_21122020_point.shp" }, "geometry": { "type": "Point", "coordinates": [ -0.300472716666667, 9.400787899999989 ] } },
{ "type": "Feature", "properties": { "fid": 1091.0, "CropType": "sorg", "Photo1": "DCIM/JPEG_20201218081121238.jpg", "Photo2": "DCIM/JPEG_20201218081133068.jpg", "Photo3": "DCIM/JPEG_20201218081144102.jpg", "Photo4": "DCIM/JPEG_20201218081153510.jpg", "Irrigation": "TRUE", "District": "YEND", "Region": "NORT", "Zone": "sava", "Date": "2020-12-18", "Technician": "KOAS", "path": "I:\\GSSTI\\rscc\\landcover\\savanna_re\\For report\\Rahman_17_21122020_point.shp" }, "geometry": { "type": "Point", "coordinates": [ -0.306542583333343, 9.394130816666658 ] } },
{ "type": "Feature", "properties": { "fid": 1092.0, "CropType": "grou", "Photo1": "DCIM/JPEG_20201218081420064.jpg", "Photo2": "DCIM/JPEG_20201218081436755.jpg", "Photo3": "DCIM/JPEG_20201218081451488.jpg", "Photo4": "DCIM/JPEG_20201218081510100.jpg", "Irrigation": "TRUE", "District": "YEND", "Region": "NORT", "Zone": "sava", "Date": "2020-12-18", "Technician": "KOAS", "path": "I:\\GSSTI\\rscc\\landcover\\savanna_re\\For report\\Rahman_17_21122020_point.shp" }, "geometry": { "type": "Point", "coordinates": [ -0.306624783333332, 9.3932544 ] } },
{ "type": "Feature", "properties": { "fid": 1093.0, "CropType": "grou", "Photo1": "DCIM/JPEG_20201218082318437.jpg", "Photo2": "DCIM/JPEG_20201218082334108.jpg", "Photo3": "DCIM/JPEG_20201218082345116.jpg", "Photo4": "DCIM/JPEG_20201218082358274.jpg", "Irrigation": "TRUE", "District": "YEND", "Region": "NORT", "Zone": "sava", "Date": "2020-12-18", "Technician": "KOAS", "path": "I:\\GSSTI\\rscc\\landcover\\savanna_re\\For report\\Rahman_17_21122020_point.shp" }, "geometry": { "type": "Point", "coordinates": [ -0.308989850000011, 9.394427166666651 ] } },
{ "type": "Feature", "properties": { "fid": 1094.0, "CropType": "yams", "Photo1": "DCIM/JPEG_20201218082728971.jpg", "Photo2": "DCIM/JPEG_20201218082742990.jpg", "Photo3": "DCIM/JPEG_20201218082756242.jpg", "Photo4": "DCIM/JPEG_20201218082809186.jpg", "Irrigation": "TRUE", "District": "YEND", "Region": "NORT", "Zone": "sava", "Date": "2020-12-18", "Technician": "KOAS", "path": "I:\\GSSTI\\rscc\\landcover\\savanna_re\\For report\\Rahman_17_21122020_point.shp" }, "geometry": { "type": "Point", "coordinates": [ -0.309873050000012, 9.393953966666666 ] } },
{ "type": "Feature", "properties": { "fid": 1095.0, "CropType": "yams", "Photo1": "DCIM/JPEG_20201218083323024.jpg", "Photo2": "DCIM/JPEG_20201218083338258.jpg", "Photo3": "DCIM/JPEG_20201218083352678.jpg", "Photo4": "DCIM/JPEG_20201218083408632.jpg", "Irrigation": "TRUE", "District": "YEND", "Region": "NORT", "Zone": "sava", "Date": "2020-12-18", "Technician": "KOAS", "path": "I:\\GSSTI\\rscc\\landcover\\savanna_re\\For report\\Rahman_17_21122020_point.shp" }, "geometry": { "type": "Point", "coordinates": [ -0.311297116666659, 9.393308 ] } },
{ "type": "Feature", "properties": { "fid": 1096.0, "CropType": "grou", "Photo1": "DCIM/JPEG_20201218083612445.jpg", "Photo2": "DCIM/JPEG_20201218083628540.jpg", "Photo3": "DCIM/JPEG_20201218083648749.jpg", "Photo4": "DCIM/JPEG_20201218083727424.jpg", "Irrigation": "TRUE", "District": "YEND", "Region": "NORT", "Zone": "sava", "Date": "2020-12-18", "Technician": "KOAS", "path": "I:\\GSSTI\\rscc\\landcover\\savanna_re\\For report\\Rahman_17_21122020_point.shp" }, "geometry": { "type": "Point", "coordinates": [ -0.312155066666668, 9.393222766666669 ] } },
{ "type": "Feature", "properties": { "fid": 1097.0, "CropType": "yams", "Photo1": "DCIM/JPEG_20201218084122133.jpg", "Photo2": "DCIM/JPEG_20201218084137093.jpg", "Photo3": "DCIM/JPEG_20201218084154775.jpg", "Photo4": "DCIM/JPEG_20201218084205756.jpg", "Irrigation": "TRUE", "District": "YEND", "Region": "NORT", "Zone": "sava", "Date": "2020-12-18", "Technician": "KOAS", "path": "I:\\GSSTI\\rscc\\landcover\\savanna_re\\For report\\Rahman_17_21122020_point.shp" }, "geometry": { "type": "Point", "coordinates": [ -0.3138308, 9.393269749999986 ] } },
{ "type": "Feature", "properties": { "fid": 1098.0, "CropType": "cass", "Photo1": "DCIM/JPEG_20201218084835774.jpg", "Photo2": "DCIM/JPEG_20201218084847876.jpg", "Photo3": "DCIM/JPEG_20201218084900452.jpg", "Photo4": "DCIM/JPEG_20201218084914414.jpg", "Irrigation": "TRUE", "District": "YEND", "Region": "NORT", "Zone": "sava", "Date": "2020-12-18", "Technician": "KOAS", "path": "I:\\GSSTI\\rscc\\landcover\\savanna_re\\For report\\Rahman_17_21122020_point.shp" }, "geometry": { "type": "Point", "coordinates": [ -0.3136243, 9.392777766666665 ] } },
{ "type": "Feature", "properties": { "fid": 1099.0, "CropType": "cass", "Photo1": "DCIM/JPEG_20201218085301724.jpg", "Photo2": "DCIM/JPEG_20201218085318457.jpg", "Photo3": "DCIM/JPEG_20201218085344746.jpg", "Photo4": "DCIM/JPEG_20201218085408626.jpg", "Irrigation": "TRUE", "District": "YEND", "Region": "NORT", "Zone": "sava", "Date": "2020-12-18", "Technician": "KOAS", "path": "I:\\GSSTI\\rscc\\landcover\\savanna_re\\For report\\Rahman_17_21122020_point.shp" }, "geometry": { "type": "Point", "coordinates": [ -0.314921416666656, 9.3939022 ] } },
{ "type": "Feature", "properties": { "fid": 1100.0, "CropType": "yams", "Photo1": "DCIM/JPEG_20201218085603856.jpg", "Photo2": "DCIM/JPEG_20201218085620023.jpg", "Photo3": "DCIM/JPEG_20201218085633041.jpg", "Photo4": "DCIM/JPEG_20201218085700015.jpg", "Irrigation": "TRUE", "District": "YEND", "Region": "NORT", "Zone": "sava", "Date": "2020-12-18", "Technician": "KOAS", "path": "I:\\GSSTI\\rscc\\landcover\\savanna_re\\For report\\Rahman_17_21122020_point.shp" }, "geometry": { "type": "Point", "coordinates": [ -0.3154149, 9.392870249999984 ] } },
{ "type": "Feature", "properties": { "fid": 1101.0, "CropType": "cass", "Photo1": "DCIM/JPEG_20201218085821910.jpg", "Photo2": "DCIM/JPEG_20201218085902985.jpg", "Photo3": "DCIM/JPEG_20201218085843491.jpg", "Photo4": "DCIM/JPEG_20201218085921822.jpg", "Irrigation": "TRUE", "District": "YEND", "Region": "NORT", "Zone": "sava", "Date": "2020-12-18", "Technician": "KOAS", "path": "I:\\GSSTI\\rscc\\landcover\\savanna_re\\For report\\Rahman_17_21122020_point.shp" }, "geometry": { "type": "Point", "coordinates": [ -0.315502, 9.3920902 ] } },
{ "type": "Feature", "properties": { "fid": 1102.0, "CropType": "Pigeon Pea", "Photo1": "DCIM/JPEG_20201218090552996.jpg", "Photo2": "DCIM/JPEG_20201218090614108.jpg", "Photo3": "DCIM/JPEG_20201218090635287.jpg", "Photo4": "DCIM/JPEG_20201218090700769.jpg", "Irrigation": "TRUE", "District": "YEND", "Region": "NORT", "Zone": "sava", "Date": "2020-12-18", "Technician": "KOAS", "path": "I:\\GSSTI\\rscc\\landcover\\savanna_re\\For report\\Rahman_17_21122020_point.shp" }, "geometry": { "type": "Point", "coordinates": [ -0.315682, 9.395393649999988 ] } },
{ "type": "Feature", "properties": { "fid": 1103.0, "CropType": "yams", "Photo1": "DCIM/JPEG_20201218090953391.jpg", "Photo2": "DCIM/JPEG_20201218091016918.jpg", "Photo3": "DCIM/JPEG_20201218091031242.jpg", "Photo4": "DCIM/JPEG_20201218091042688.jpg", "Irrigation": "TRUE", "District": "YEND", "Region": "NORT", "Zone": "sava", "Date": "2020-12-18", "Technician": "KOAS", "path": "I:\\GSSTI\\rscc\\landcover\\savanna_re\\For report\\Rahman_17_21122020_point.shp" }, "geometry": { "type": "Point", "coordinates": [ -0.315484933333325, 9.395659366666658 ] } },
{ "type": "Feature", "properties": { "fid": 1104.0, "CropType": "yams", "Photo1": "DCIM/JPEG_20201218091226952.jpg", "Photo2": "DCIM/JPEG_20201218091246148.jpg", "Photo3": "DCIM/JPEG_20201218091304127.jpg", "Photo4": "DCIM/JPEG_20201218091319415.jpg", "Irrigation": "TRUE", "District": "YEND", "Region": "NORT", "Zone": "sava", "Date": "2020-12-18", "Technician": "KOAS", "path": "I:\\GSSTI\\rscc\\landcover\\savanna_re\\For report\\Rahman_17_21122020_point.shp" }, "geometry": { "type": "Point", "coordinates": [ -0.315117783333327, 9.396090516666654 ] } },
{ "type": "Feature", "properties": { "fid": 1105.0, "CropType": "Pigeon Pea", "Photo1": "DCIM/JPEG_20201218091417530.jpg", "Photo2": "DCIM/JPEG_20201218091432146.jpg", "Photo3": "DCIM/JPEG_20201218091444666.jpg", "Photo4": "DCIM/JPEG_20201218091504130.jpg", "Irrigation": "TRUE", "District": "YEND", "Region": "NORT", "Zone": "sava", "Date": "2020-12-18", "Technician": "KOAS", "path": "I:\\GSSTI\\rscc\\landcover\\savanna_re\\For report\\Rahman_17_21122020_point.shp" }, "geometry": { "type": "Point", "coordinates": [ -0.3153317, 9.39625611666667 ] } },
{ "type": "Feature", "properties": { "fid": 1106.0, "CropType": "sorg", "Photo1": "DCIM/JPEG_20201218091841160.jpg", "Photo2": "DCIM/JPEG_20201218091855492.jpg", "Photo3": "DCIM/JPEG_20201218091910380.jpg", "Photo4": "DCIM/JPEG_20201218091924540.jpg", "Irrigation": "TRUE", "District": "YEND", "Region": "NORT", "Zone": "sava", "Date": "2020-12-18", "Technician": "KOAS", "path": "I:\\GSSTI\\rscc\\landcover\\savanna_re\\For report\\Rahman_17_21122020_point.shp" }, "geometry": { "type": "Point", "coordinates": [ -0.315951333333326, 9.396614833333324 ] } },
{ "type": "Feature", "properties": { "fid": 1107.0, "CropType": "yams", "Photo1": "DCIM/JPEG_20201218092213430.jpg", "Photo2": "DCIM/JPEG_20201218092229314.jpg", "Photo3": "DCIM/JPEG_20201218092243008.jpg", "Photo4": "DCIM/JPEG_20201218092257870.jpg", "Irrigation": "TRUE", "District": "YEND", "Region": "NORT", "Zone": "sava", "Date": "2020-12-18", "Technician": "KOAS", "path": "I:\\GSSTI\\rscc\\landcover\\savanna_re\\For report\\Rahman_17_21122020_point.shp" }, "geometry": { "type": "Point", "coordinates": [ -0.316587966666667, 9.397335633333329 ] } },
{ "type": "Feature", "properties": { "fid": 1108.0, "CropType": "Pigeon Pea", "Photo1": "DCIM/JPEG_20201218092610367.jpg", "Photo2": "DCIM/JPEG_20201218092628787.jpg", "Photo3": "DCIM/JPEG_20201218092732814.jpg", "Photo4": "DCIM/JPEG_20201218092714792.jpg", "Irrigation": "TRUE", "District": "YEND", "Region": "NORT", "Zone": "sava", "Date": "2020-12-18", "Technician": "KOAS", "path": "I:\\GSSTI\\rscc\\landcover\\savanna_re\\For report\\Rahman_17_21122020_point.shp" }, "geometry": { "type": "Point", "coordinates": [ -0.316962483333326, 9.39654295 ] } },
{ "type": "Feature", "properties": { "fid": 1109.0, "CropType": "cass", "Photo1": "DCIM/JPEG_20201218093047777.jpg", "Photo2": "DCIM/JPEG_20201218093107001.jpg", "Photo3": "DCIM/JPEG_20201218093122628.jpg", "Photo4": "DCIM/JPEG_20201218093143714.jpg", "Irrigation": "TRUE", "District": "YEND", "Region": "NORT", "Zone": "sava", "Date": "2020-12-18", "Technician": "KOAS", "path": "I:\\GSSTI\\rscc\\landcover\\savanna_re\\For report\\Rahman_17_21122020_point.shp" }, "geometry": { "type": "Point", "coordinates": [ -0.318352416666661, 9.395572733333328 ] } },
{ "type": "Feature", "properties": { "fid": 1110.0, "CropType": "sorg", "Photo1": "DCIM/JPEG_20201218103756264.jpg", "Photo2": "DCIM/JPEG_20201218103746935.jpg", "Photo3": "DCIM/JPEG_20201218103737136.jpg", "Photo4": "DCIM/JPEG_20201218103725287.jpg", "Irrigation": "TRUE", "District": "YEND", "Region": "NORT", "Zone": "sava", "Date": "2020-12-18", "Technician": "KOAS", "path": "I:\\GSSTI\\rscc\\landcover\\savanna_re\\For report\\Rahman_17_21122020_point.shp" }, "geometry": { "type": "Point", "coordinates": [ -0.342319633333333, 9.426642083333322 ] } },
{ "type": "Feature", "properties": { "fid": 1111.0, "CropType": "cowp", "Photo1": "DCIM/JPEG_20201218105510484.jpg", "Photo2": "DCIM/JPEG_20201218105524918.jpg", "Photo3": "DCIM/JPEG_20201218105535706.jpg", "Photo4": "DCIM/JPEG_20201218105546484.jpg", "Irrigation": "TRUE", "District": "YEND", "Region": "NORT", "Zone": "sava", "Date": "2020-12-18", "Technician": "KOAS", "path": "I:\\GSSTI\\rscc\\landcover\\savanna_re\\For report\\Rahman_17_21122020_point.shp" }, "geometry": { "type": "Point", "coordinates": [ -0.352391066666658, 9.445796116666655 ] } },
{ "type": "Feature", "properties": { "fid": 1112.0, "CropType": "grou", "Photo1": "DCIM/JPEG_20201218110454825.jpg", "Photo2": "DCIM/JPEG_20201218110507481.jpg", "Photo3": "DCIM/JPEG_20201218110517351.jpg", "Photo4": "DCIM/JPEG_20201218110527916.jpg", "Irrigation": "TRUE", "District": "YEND", "Region": "NORT", "Zone": "sava", "Date": "2020-12-18", "Technician": "KOAS", "path": "I:\\GSSTI\\rscc\\landcover\\savanna_re\\For report\\Rahman_17_21122020_point.shp" }, "geometry": { "type": "Point", "coordinates": [ -0.33999341666666, 9.450659899999989 ] } },
{ "type": "Feature", "properties": { "fid": 1113.0, "CropType": "grou", "Photo1": "DCIM/JPEG_20201218112749408.jpg", "Photo2": "DCIM/JPEG_20201218112804957.jpg", "Photo3": "DCIM/JPEG_20201218112825188.jpg", "Photo4": "DCIM/JPEG_20201218112845579.jpg", "Irrigation": "TRUE", "District": "YEND", "Region": "NORT", "Zone": "sava", "Date": "2020-12-18", "Technician": "KOAS", "path": "I:\\GSSTI\\rscc\\landcover\\savanna_re\\For report\\Rahman_17_21122020_point.shp" }, "geometry": { "type": "Point", "coordinates": [ -0.309785966666667, 9.478805849999985 ] } },
{ "type": "Feature", "properties": { "fid": 1114.0, "CropType": "grou", "Photo1": "DCIM/JPEG_20201218113801867.jpg", "Photo2": "DCIM/JPEG_20201218113819459.jpg", "Photo3": "DCIM/JPEG_20201218113833519.jpg", "Photo4": "DCIM/JPEG_20201218113846347.jpg", "Irrigation": "TRUE", "District": "YEND", "Region": "NORT", "Zone": "sava", "Date": "2020-12-18", "Technician": "KOAS", "path": "I:\\GSSTI\\rscc\\landcover\\savanna_re\\For report\\Rahman_17_21122020_point.shp" }, "geometry": { "type": "Point", "coordinates": [ -0.307477433333328, 9.479428116666663 ] } },
{ "type": "Feature", "properties": { "fid": 1115.0, "CropType": "cowp", "Photo1": "DCIM/JPEG_20201218113801867.jpg", "Photo2": "DCIM/JPEG_20201218114328770.jpg", "Photo3": "DCIM/JPEG_20201218114346376.jpg", "Photo4": "DCIM/JPEG_20201218114359794.jpg", "Irrigation": "TRUE", "District": "YEND", "Region": "NORT", "Zone": "sava", "Date": "2020-12-18", "Technician": "KOAS", "path": "I:\\GSSTI\\rscc\\landcover\\savanna_re\\For report\\Rahman_17_21122020_point.shp" }, "geometry": { "type": "Point", "coordinates": [ -0.30518755, 9.478366966666655 ] } },
{ "type": "Feature", "properties": { "fid": 1116.0, "CropType": "grou", "Photo1": "DCIM/JPEG_20201218114752230.jpg", "Photo2": "DCIM/JPEG_20201218114806582.jpg", "Photo3": "DCIM/JPEG_20201218114817807.jpg", "Photo4": "DCIM/JPEG_20201218114827879.jpg", "Irrigation": "TRUE", "District": "YEND", "Region": "NORT", "Zone": "sava", "Date": "2020-12-18", "Technician": "KOAS", "path": "I:\\GSSTI\\rscc\\landcover\\savanna_re\\For report\\Rahman_17_21122020_point.shp" }, "geometry": { "type": "Point", "coordinates": [ -0.3040616, 9.478773816666653 ] } },
{ "type": "Feature", "properties": { "fid": 1117.0, "CropType": "grou", "Photo1": "DCIM/JPEG_20201218115137892.jpg", "Photo2": "DCIM/JPEG_20201218115151389.jpg", "Photo3": "DCIM/JPEG_20201218115205428.jpg", "Photo4": "DCIM/JPEG_20201218115221690.jpg", "Irrigation": "TRUE", "District": "YEND", "Region": "NORT", "Zone": "sava", "Date": "2020-12-18", "Technician": "KOAS", "path": "I:\\GSSTI\\rscc\\landcover\\savanna_re\\For report\\Rahman_17_21122020_point.shp" }, "geometry": { "type": "Point", "coordinates": [ -0.301883466666679, 9.477792883333333 ] } },
{ "type": "Feature", "properties": { "fid": 1118.0, "CropType": "Pigeon Pea", "Photo1": "DCIM/JPEG_20201218115834385.jpg", "Photo2": "DCIM/JPEG_20201218115853096.jpg", "Photo3": "DCIM/JPEG_20201218115913767.jpg", "Photo4": "DCIM/JPEG_20201218115931182.jpg", "Irrigation": "TRUE", "District": "YEND", "Region": "NORT", "Zone": "sava", "Date": "2020-12-18", "Technician": "KOAS", "path": "I:\\GSSTI\\rscc\\landcover\\savanna_re\\For report\\Rahman_17_21122020_point.shp" }, "geometry": { "type": "Point", "coordinates": [ -0.3108402, 9.483412433333338 ] } },
{ "type": "Feature", "properties": { "fid": 1119.0, "CropType": "grou", "Photo1": "DCIM/JPEG_20201218120416283.jpg", "Photo2": "DCIM/JPEG_20201218120427421.jpg", "Photo3": "DCIM/JPEG_20201218120438011.jpg", "Photo4": "DCIM/JPEG_20201218120450117.jpg", "Irrigation": "TRUE", "District": "YEND", "Region": "NORT", "Zone": "sava", "Date": "2020-12-18", "Technician": "KOAS", "path": "I:\\GSSTI\\rscc\\landcover\\savanna_re\\For report\\Rahman_17_21122020_point.shp" }, "geometry": { "type": "Point", "coordinates": [ -0.309797250000012, 9.48445436666667 ] } },
{ "type": "Feature", "properties": { "fid": 1120.0, "CropType": "Pigeon Pea", "Photo1": "DCIM/JPEG_20201218121244285.jpg", "Photo2": "DCIM/JPEG_20201218121256564.jpg", "Photo3": "DCIM/JPEG_20201218121306537.jpg", "Photo4": "DCIM/JPEG_20201218121317974.jpg", "Irrigation": "TRUE", "District": "YEND", "Region": "NORT", "Zone": "sava", "Date": "2020-12-18", "Technician": "KOAS", "path": "I:\\GSSTI\\rscc\\landcover\\savanna_re\\For report\\Rahman_17_21122020_point.shp" }, "geometry": { "type": "Point", "coordinates": [ -0.302425483333326, 9.5047669 ] } },
{ "type": "Feature", "properties": { "fid": 1121.0, "CropType": "cass", "Photo1": "DCIM/JPEG_20201218122039111.jpg", "Photo2": "DCIM/JPEG_20201218122103361.jpg", "Photo3": "DCIM/JPEG_20201218122124136.jpg", "Photo4": "DCIM/JPEG_20201218122151439.jpg", "Irrigation": "TRUE", "District": "YEND", "Region": "NORT", "Zone": "sava", "Date": "2020-12-18", "Technician": "KOAS", "path": "I:\\GSSTI\\rscc\\landcover\\savanna_re\\For report\\Rahman_17_21122020_point.shp" }, "geometry": { "type": "Point", "coordinates": [ -0.296462683333331, 9.505531483333318 ] } },
{ "type": "Feature", "properties": { "fid": 1122.0, "CropType": "yams", "Photo1": "DCIM/JPEG_20201218122241484.jpg", "Photo2": "DCIM/JPEG_20201218122257888.jpg", "Photo3": "DCIM/JPEG_20201218122326177.jpg", "Photo4": "DCIM/JPEG_20201218122312616.jpg", "Irrigation": "TRUE", "District": "YEND", "Region": "NORT", "Zone": "sava", "Date": "2020-12-18", "Technician": "KOAS", "path": "I:\\GSSTI\\rscc\\landcover\\savanna_re\\For report\\Rahman_17_21122020_point.shp" }, "geometry": { "type": "Point", "coordinates": [ -0.2964588, 9.505088533333334 ] } },
{ "type": "Feature", "properties": { "fid": 1123.0, "CropType": "grou", "Photo1": "DCIM/JPEG_20201218122828995.jpg", "Photo2": "DCIM/JPEG_20201218122845807.jpg", "Photo3": "DCIM/JPEG_20201218122904406.jpg", "Photo4": "DCIM/JPEG_20201218122920624.jpg", "Irrigation": "TRUE", "District": "YEND", "Region": "NORT", "Zone": "sava", "Date": "2020-12-18", "Technician": "KOAS", "path": "I:\\GSSTI\\rscc\\landcover\\savanna_re\\For report\\Rahman_17_21122020_point.shp" }, "geometry": { "type": "Point", "coordinates": [ -0.29879705, 9.50758595 ] } },
{ "type": "Feature", "properties": { "fid": 1124.0, "CropType": "grou", "Photo1": "DCIM/JPEG_20201218135244308.jpg", "Photo2": "DCIM/JPEG_20201218135256899.jpg", "Photo3": "DCIM/JPEG_20201218135308141.jpg", "Photo4": "DCIM/JPEG_20201218135320377.jpg", "Irrigation": "TRUE", "District": "YEND", "Region": "NORT", "Zone": "sava", "Date": "2020-12-18", "Technician": "KOAS", "path": "I:\\GSSTI\\rscc\\landcover\\savanna_re\\For report\\Rahman_17_21122020_point.shp" }, "geometry": { "type": "Point", "coordinates": [ -0.273016283333328, 9.600296149999984 ] } },
{ "type": "Feature", "properties": { "fid": 1125.0, "CropType": "soyb", "Photo1": "DCIM/JPEG_20201218135905307.jpg", "Photo2": "DCIM/JPEG_20201218135927326.jpg", "Photo3": "DCIM/JPEG_20201218135945669.jpg", "Photo4": "DCIM/JPEG_20201218140003083.jpg", "Irrigation": "TRUE", "District": "YEND", "Region": "NORT", "Zone": "sava", "Date": "2020-12-18", "Technician": "KOAS", "path": "I:\\GSSTI\\rscc\\landcover\\savanna_re\\For report\\Rahman_17_21122020_point.shp" }, "geometry": { "type": "Point", "coordinates": [ -0.274045716666675, 9.606255066666666 ] } },
{ "type": "Feature", "properties": { "fid": 1126.0, "CropType": "sorg", "Photo1": "DCIM/JPEG_20201218140428684.jpg", "Photo2": "DCIM/JPEG_20201218140445609.jpg", "Photo3": "DCIM/JPEG_20201218140500736.jpg", "Photo4": "DCIM/JPEG_20201218140519409.jpg", "Irrigation": "TRUE", "District": "YEND", "Region": "NORT", "Zone": "sava", "Date": "2020-12-18", "Technician": "KOAS", "path": "I:\\GSSTI\\rscc\\landcover\\savanna_re\\For report\\Rahman_17_21122020_point.shp" }, "geometry": { "type": "Point", "coordinates": [ -0.27490298333334, 9.61055665 ] } },
{ "type": "Feature", "properties": { "fid": 1127.0, "CropType": "Pigeon Pea", "Photo1": "DCIM/JPEG_20201218140817767.jpg", "Photo2": "DCIM/JPEG_20201218140836120.jpg", "Photo3": "DCIM/JPEG_20201218140901129.jpg", "Photo4": "DCIM/JPEG_20201218140922272.jpg", "Irrigation": "TRUE", "District": "YEND", "Region": "NORT", "Zone": "sava", "Date": "2020-12-18", "Technician": "KOAS", "path": "I:\\GSSTI\\rscc\\landcover\\savanna_re\\For report\\Rahman_17_21122020_point.shp" }, "geometry": { "type": "Point", "coordinates": [ -0.275436766666678, 9.613786399999988 ] } },
{ "type": "Feature", "properties": { "fid": 1128.0, "CropType": "mill", "Photo1": "DCIM/JPEG_20201218143922756.jpg", "Photo2": "DCIM/JPEG_20201218143913070.jpg", "Photo3": "DCIM/JPEG_20201218143900596.jpg", "Photo4": "DCIM/JPEG_20201218143848073.jpg", "Irrigation": "TRUE", "District": "YEND", "Region": "NORT", "Zone": "sava", "Date": "2020-12-18", "Technician": "KOAS", "path": "I:\\GSSTI\\rscc\\landcover\\savanna_re\\For report\\Rahman_17_21122020_point.shp" }, "geometry": { "type": "Point", "coordinates": [ -0.275063, 9.589669699999988 ] } },
{ "type": "Feature", "properties": { "fid": 1129.0, "CropType": "mill", "Photo1": "DCIM/JPEG_20201218144239234.jpg", "Photo2": "DCIM/JPEG_20201218144254580.jpg", "Photo3": "DCIM/JPEG_20201218144308808.jpg", "Photo4": "DCIM/JPEG_20201218144321414.jpg", "Irrigation": "TRUE", "District": "YEND", "Region": "NORT", "Zone": "sava", "Date": "2020-12-18", "Technician": "KOAS", "path": "I:\\GSSTI\\rscc\\landcover\\savanna_re\\For report\\Rahman_17_21122020_point.shp" }, "geometry": { "type": "Point", "coordinates": [ -0.284432633333321, 9.625626283333322 ] } },
{ "type": "Feature", "properties": { "fid": 1130.0, "CropType": "sorg", "Photo1": "DCIM/JPEG_20201218144540196.jpg", "Photo2": "DCIM/JPEG_20201218144557294.jpg", "Photo3": "DCIM/JPEG_20201218144612766.jpg", "Photo4": "DCIM/JPEG_20201218144629194.jpg", "Irrigation": "TRUE", "District": "YEND", "Region": "NORT", "Zone": "sava", "Date": "2020-12-18", "Technician": "KOAS", "path": "I:\\GSSTI\\rscc\\landcover\\savanna_re\\For report\\Rahman_17_21122020_point.shp" }, "geometry": { "type": "Point", "coordinates": [ -0.285793100000011, 9.62559575 ] } },
{ "type": "Feature", "properties": { "fid": 1131.0, "CropType": "mill", "Photo1": "DCIM/JPEG_20201218144823035.jpg", "Photo2": "DCIM/JPEG_20201218144843101.jpg", "Photo3": "DCIM/JPEG_20201218144902955.jpg", "Photo4": "DCIM/JPEG_20201218144924364.jpg", "Irrigation": "TRUE", "District": "YEND", "Region": "NORT", "Zone": "sava", "Date": "2020-12-18", "Technician": "KOAS", "path": "I:\\GSSTI\\rscc\\landcover\\savanna_re\\For report\\Rahman_17_21122020_point.shp" }, "geometry": { "type": "Point", "coordinates": [ -0.286244833333331, 9.62566744999998 ] } },
{ "type": "Feature", "properties": { "fid": 1132.0, "CropType": "mill", "Photo1": "DCIM/JPEG_20201218145153586.jpg", "Photo2": "DCIM/JPEG_20201218145208459.jpg", "Photo3": "DCIM/JPEG_20201218145223585.jpg", "Photo4": "DCIM/JPEG_20201218145238317.jpg", "Irrigation": "TRUE", "District": "YEND", "Region": "NORT", "Zone": "sava", "Date": "2020-12-18", "Technician": "KOAS", "path": "I:\\GSSTI\\rscc\\landcover\\savanna_re\\For report\\Rahman_17_21122020_point.shp" }, "geometry": { "type": "Point", "coordinates": [ -0.288284, 9.62542226666665 ] } },
{ "type": "Feature", "properties": { "fid": 1133.0, "CropType": "maiz", "Photo1": "DCIM/JPEG_20201218145354407.jpg", "Photo2": "DCIM/JPEG_20201218145413228.jpg", "Photo3": "DCIM/JPEG_20201218145426520.jpg", "Photo4": "DCIM/JPEG_20201218145438265.jpg", "Irrigation": "TRUE", "District": "YEND", "Region": "NORT", "Zone": "sava", "Date": "2020-12-18", "Technician": "KOAS", "path": "I:\\GSSTI\\rscc\\landcover\\savanna_re\\For report\\Rahman_17_21122020_point.shp" }, "geometry": { "type": "Point", "coordinates": [ -0.288259483333342, 9.6256497 ] } },
{ "type": "Feature", "properties": { "fid": 1134.0, "CropType": "mill", "Photo1": "DCIM/JPEG_20201218145932969.jpg", "Photo2": "DCIM/JPEG_20201218145945230.jpg", "Photo3": "DCIM/JPEG_20201218145956111.jpg", "Photo4": "DCIM/JPEG_20201218150008497.jpg", "Irrigation": "TRUE", "District": "YEND", "Region": "NORT", "Zone": "sava", "Date": "2020-12-18", "Technician": "KOAS", "path": "I:\\GSSTI\\rscc\\landcover\\savanna_re\\For report\\Rahman_17_21122020_point.shp" }, "geometry": { "type": "Point", "coordinates": [ -0.289703416666661, 9.6267524 ] } },
{ "type": "Feature", "properties": { "fid": 1135.0, "CropType": "mill", "Photo1": "DCIM/JPEG_20201218150322206.jpg", "Photo2": "DCIM/JPEG_20201218150337891.jpg", "Photo3": "DCIM/JPEG_20201218150353977.jpg", "Photo4": "DCIM/JPEG_20201218150412147.jpg", "Irrigation": "TRUE", "District": "YEND", "Region": "NORT", "Zone": "sava", "Date": "2020-12-18", "Technician": "KOAS", "path": "I:\\GSSTI\\rscc\\landcover\\savanna_re\\For report\\Rahman_17_21122020_point.shp" }, "geometry": { "type": "Point", "coordinates": [ -0.29042686666666, 9.627724266666656 ] } },
{ "type": "Feature", "properties": { "fid": 1136.0, "CropType": "sorg", "Photo1": "DCIM/JPEG_20201218150602440.jpg", "Photo2": "DCIM/JPEG_20201218150616552.jpg", "Photo3": "DCIM/JPEG_20201218150631218.jpg", "Photo4": "DCIM/JPEG_20201218150649388.jpg", "Irrigation": "TRUE", "District": "YEND", "Region": "NORT", "Zone": "sava", "Date": "2020-12-18", "Technician": "KOAS", "path": "I:\\GSSTI\\rscc\\landcover\\savanna_re\\For report\\Rahman_17_21122020_point.shp" }, "geometry": { "type": "Point", "coordinates": [ -0.28991665, 9.627671583333335 ] } },
{ "type": "Feature", "properties": { "fid": 1137.0, "CropType": "mill", "Photo1": "DCIM/JPEG_20201218151755422.jpg", "Photo2": "DCIM/JPEG_20201218151810376.jpg", "Photo3": "DCIM/JPEG_20201218151823234.jpg", "Photo4": "DCIM/JPEG_20201218151849897.jpg", "Irrigation": "TRUE", "District": "YEND", "Region": "NORT", "Zone": "sava", "Date": "2020-12-18", "Technician": "KOAS", "path": "I:\\GSSTI\\rscc\\landcover\\savanna_re\\For report\\Rahman_17_21122020_point.shp" }, "geometry": { "type": "Point", "coordinates": [ -0.29071555, 9.62459178333334 ] } },
{ "type": "Feature", "properties": { "fid": 1138.0, "CropType": "mill", "Photo1": "DCIM/JPEG_20201218152315871.jpg", "Photo2": "DCIM/JPEG_20201218152335076.jpg", "Photo3": "DCIM/JPEG_20201218152401709.jpg", "Photo4": "DCIM/JPEG_20201218152433213.jpg", "Irrigation": "TRUE", "District": "YEND", "Region": "NORT", "Zone": "sava", "Date": "2020-12-18", "Technician": "KOAS", "path": "I:\\GSSTI\\rscc\\landcover\\savanna_re\\For report\\Rahman_17_21122020_point.shp" }, "geometry": { "type": "Point", "coordinates": [ -0.2931727, 9.624668533333319 ] } },
{ "type": "Feature", "properties": { "fid": 1139.0, "CropType": "sorg", "Photo1": "DCIM/JPEG_20201218153431031.jpg", "Photo2": "DCIM/JPEG_20201218153444714.jpg", "Photo3": "DCIM/JPEG_20201218153455958.jpg", "Photo4": "DCIM/JPEG_20201218153507918.jpg", "Irrigation": "TRUE", "District": "YEND", "Region": "NORT", "Zone": "sava", "Date": "2020-12-18", "Technician": "KOAS", "path": "I:\\GSSTI\\rscc\\landcover\\savanna_re\\For report\\Rahman_17_21122020_point.shp" }, "geometry": { "type": "Point", "coordinates": [ -0.2977328, 9.625009083333316 ] } },
{ "type": "Feature", "properties": { "fid": 1140.0, "CropType": "mill", "Photo1": "DCIM/JPEG_20201218161117869.jpg", "Photo2": "DCIM/JPEG_20201218161132101.jpg", "Photo3": "DCIM/JPEG_20201218161144490.jpg", "Photo4": "DCIM/JPEG_20201218161157081.jpg", "Irrigation": "TRUE", "District": "YEND", "Region": "NORT", "Zone": "sava", "Date": "2020-12-18", "Technician": "KOAS", "path": "I:\\GSSTI\\rscc\\landcover\\savanna_re\\For report\\Rahman_17_21122020_point.shp" }, "geometry": { "type": "Point", "coordinates": [ -0.2759857, 9.629951333333334 ] } },
{ "type": "Feature", "properties": { "fid": 1142.0, "CropType": "Pigeon Pea", "Photo1": "DCIM/JPEG_20201219070601665.jpg", "Photo2": "DCIM/JPEG_20201219070617885.jpg", "Photo3": "DCIM/JPEG_20201219070642405.jpg", "Photo4": "DCIM/JPEG_20201219070658094.jpg", "Irrigation": "TRUE", "District": "YEND", "Region": "NORT", "Zone": "sava", "Date": "2020-12-19", "Technician": "KOAS", "path": "I:\\GSSTI\\rscc\\landcover\\savanna_re\\For report\\Rahman_17_21122020_point.shp" }, "geometry": { "type": "Point", "coordinates": [ -0.306865649999988, 9.49736725 ] } },
{ "type": "Feature", "properties": { "fid": 1143.0, "CropType": "Pigeon Pea", "Photo1": "DCIM/JPEG_20201219071524757.jpg", "Photo2": "DCIM/JPEG_20201219071541020.jpg", "Photo3": "DCIM/JPEG_20201219071556017.jpg", "Photo4": "DCIM/JPEG_20201219071609620.jpg", "Irrigation": "TRUE", "District": "YEND", "Region": "NORT", "Zone": "sava", "Date": "2020-12-19", "Technician": "KOAS", "path": "I:\\GSSTI\\rscc\\landcover\\savanna_re\\For report\\Rahman_17_21122020_point.shp" }, "geometry": { "type": "Point", "coordinates": [ -0.30633566666667, 9.498599699999987 ] } },
{ "type": "Feature", "properties": { "fid": 1144.0, "CropType": "Pigeon Pea", "Photo1": "DCIM/JPEG_20201219072903356.jpg", "Photo2": "DCIM/JPEG_20201219072849412.jpg", "Photo3": "DCIM/JPEG_20201219072833909.jpg", "Photo4": "DCIM/JPEG_20201219072818280.jpg", "Irrigation": "TRUE", "District": "YEND", "Region": "NORT", "Zone": "sava", "Date": "2020-12-19", "Technician": "KOAS", "path": "I:\\GSSTI\\rscc\\landcover\\savanna_re\\For report\\Rahman_17_21122020_point.shp" }, "geometry": { "type": "Point", "coordinates": [ -0.30145633333334, 9.504153916666663 ] } },
{ "type": "Feature", "properties": { "fid": 1145.0, "CropType": "Pigeon Pea", "Photo1": "DCIM/JPEG_20201219073311188.jpg", "Photo2": "DCIM/JPEG_20201219073324109.jpg", "Photo3": "DCIM/JPEG_20201219073338986.jpg", "Photo4": "DCIM/JPEG_20201219073349704.jpg", "Irrigation": "TRUE", "District": "YEND", "Region": "NORT", "Zone": "sava", "Date": "2020-12-19", "Technician": "KOAS", "path": "I:\\GSSTI\\rscc\\landcover\\savanna_re\\For report\\Rahman_17_21122020_point.shp" }, "geometry": { "type": "Point", "coordinates": [ -0.3020561, 9.505197933333335 ] } },
{ "type": "Feature", "properties": { "fid": 1146.0, "CropType": "grou", "Photo1": "DCIM/JPEG_20201219074316604.jpg", "Photo2": "DCIM/JPEG_20201219074330952.jpg", "Photo3": "DCIM/JPEG_20201219074346550.jpg", "Photo4": "DCIM/JPEG_20201219074358059.jpg", "Irrigation": "TRUE", "District": "YEND", "Region": "NORT", "Zone": "sava", "Date": "2020-12-19", "Technician": "KOAS", "path": "I:\\GSSTI\\rscc\\landcover\\savanna_re\\For report\\Rahman_17_21122020_point.shp" }, "geometry": { "type": "Point", "coordinates": [ -0.282872733333333, 9.548496133333316 ] } },
{ "type": "Feature", "properties": { "fid": 1147.0, "CropType": "soyb", "Photo1": "DCIM/JPEG_20201219074623121.jpg", "Photo2": "DCIM/JPEG_20201219074639348.jpg", "Photo3": "DCIM/JPEG_20201219074652134.jpg", "Photo4": "DCIM/JPEG_20201219074708991.jpg", "Irrigation": "TRUE", "District": "YEND", "Region": "NORT", "Zone": "sava", "Date": "2020-12-19", "Technician": "KOAS", "path": "I:\\GSSTI\\rscc\\landcover\\savanna_re\\For report\\Rahman_17_21122020_point.shp" }, "geometry": { "type": "Point", "coordinates": [ -0.282171300000011, 9.54806965 ] } },
{ "type": "Feature", "properties": { "fid": 1148.0, "CropType": "Pigeon Pea", "Photo1": "DCIM/JPEG_20201219075043092.jpg", "Photo2": "DCIM/JPEG_20201219075059545.jpg", "Photo3": "DCIM/JPEG_20201219075117979.jpg", "Photo4": "DCIM/JPEG_20201219075135328.jpg", "Irrigation": "TRUE", "District": "YEND", "Region": "NORT", "Zone": "sava", "Date": "2020-12-19", "Technician": "KOAS", "path": "I:\\GSSTI\\rscc\\landcover\\savanna_re\\For report\\Rahman_17_21122020_point.shp" }, "geometry": { "type": "Point", "coordinates": [ -0.281278766666673, 9.548685066666661 ] } },
{ "type": "Feature", "properties": { "fid": 1149.0, "CropType": "rice", "Photo1": "DCIM/JPEG_20201219075651100.jpg", "Photo2": "DCIM/JPEG_20201219075706860.jpg", "Photo3": "DCIM/JPEG_20201219075722421.jpg", "Photo4": "DCIM/JPEG_20201219075737857.jpg", "Irrigation": "TRUE", "District": "YEND", "Region": "NORT", "Zone": "sava", "Date": "2020-12-19", "Technician": "KOAS", "path": "I:\\GSSTI\\rscc\\landcover\\savanna_re\\For report\\Rahman_17_21122020_point.shp" }, "geometry": { "type": "Point", "coordinates": [ -0.279453966666679, 9.559617266666663 ] } },
{ "type": "Feature", "properties": { "fid": 1150.0, "CropType": "soyb", "Photo1": "DCIM/JPEG_20201219080214111.jpg", "Photo2": "DCIM/JPEG_20201219080231114.jpg", "Photo3": "DCIM/JPEG_20201219080245020.jpg", "Photo4": "DCIM/JPEG_20201219080301584.jpg", "Irrigation": "TRUE", "District": "YEND", "Region": "NORT", "Zone": "sava", "Date": "2020-12-19", "Technician": "KOAS", "path": "I:\\GSSTI\\rscc\\landcover\\savanna_re\\For report\\Rahman_17_21122020_point.shp" }, "geometry": { "type": "Point", "coordinates": [ -0.27616915, 9.567718099999984 ] } },
{ "type": "Feature", "properties": { "fid": 1151.0, "CropType": "soyb", "Photo1": "DCIM/JPEG_20201219081028241.jpg", "Photo2": "DCIM/JPEG_20201219081043683.jpg", "Photo3": "DCIM/JPEG_20201219081058121.jpg", "Photo4": "DCIM/JPEG_20201219081114339.jpg", "Irrigation": "TRUE", "District": "YEND", "Region": "NORT", "Zone": "sava", "Date": "2020-12-19", "Technician": "KOAS", "path": "I:\\GSSTI\\rscc\\landcover\\savanna_re\\For report\\Rahman_17_21122020_point.shp" }, "geometry": { "type": "Point", "coordinates": [ -0.2616099, 9.58401748333333 ] } },
{ "type": "Feature", "properties": { "fid": 1152.0, "CropType": "sorg", "Photo1": "DCIM/JPEG_20201219082727979.jpg", "Photo2": "DCIM/JPEG_20201219082741900.jpg", "Photo3": "DCIM/JPEG_20201219082757601.jpg", "Photo4": "DCIM/JPEG_20201219082813190.jpg", "Irrigation": "TRUE", "District": "YEND", "Region": "NORT", "Zone": "sava", "Date": "2020-12-19", "Technician": "KOAS", "path": "I:\\GSSTI\\rscc\\landcover\\savanna_re\\For report\\Rahman_17_21122020_point.shp" }, "geometry": { "type": "Point", "coordinates": [ -0.27867461666666, 9.628620216666649 ] } },
{ "type": "Feature", "properties": { "fid": 1154.0, "CropType": "sorg", "Photo1": "DCIM/JPEG_20201219083354623.jpg", "Photo2": "DCIM/JPEG_20201219083410954.jpg", "Photo3": "DCIM/JPEG_20201219083429867.jpg", "Photo4": "DCIM/JPEG_20201219083447051.jpg", "Irrigation": "TRUE", "District": "YEND", "Region": "NORT", "Zone": "sava", "Date": "2020-12-19", "Technician": "KOAS", "path": "I:\\GSSTI\\rscc\\landcover\\savanna_re\\For report\\Rahman_17_21122020_point.shp" }, "geometry": { "type": "Point", "coordinates": [ -0.2784865, 9.633700499999987 ] } },
{ "type": "Feature", "properties": { "fid": 1155.0, "CropType": "soyb", "Photo1": "DCIM/JPEG_20201219083704172.jpg", "Photo2": "DCIM/JPEG_20201219083719230.jpg", "Photo3": "DCIM/JPEG_20201219083733844.jpg", "Photo4": "DCIM/JPEG_20201219083750583.jpg", "Irrigation": "TRUE", "District": "YEND", "Region": "NORT", "Zone": "sava", "Date": "2020-12-19", "Technician": "KOAS", "path": "I:\\GSSTI\\rscc\\landcover\\savanna_re\\For report\\Rahman_17_21122020_point.shp" }, "geometry": { "type": "Point", "coordinates": [ -0.281501066666654, 9.634551833333333 ] } },
{ "type": "Feature", "properties": { "fid": 1156.0, "CropType": "cowp", "Photo1": "DCIM/JPEG_20201219084004753.jpg", "Photo2": "DCIM/JPEG_20201219084024696.jpg", "Photo3": "DCIM/JPEG_20201219084040084.jpg", "Photo4": "DCIM/JPEG_20201219084059794.jpg", "Irrigation": "TRUE", "District": "YEND", "Region": "NORT", "Zone": "sava", "Date": "2020-12-19", "Technician": "KOAS", "path": "I:\\GSSTI\\rscc\\landcover\\savanna_re\\For report\\Rahman_17_21122020_point.shp" }, "geometry": { "type": "Point", "coordinates": [ -0.281935266666661, 9.635467383333339 ] } },
{ "type": "Feature", "properties": { "fid": 1157.0, "CropType": "grou", "Photo1": "DCIM/JPEG_20201219084340694.jpg", "Photo2": "DCIM/JPEG_20201219084355172.jpg", "Photo3": "DCIM/JPEG_20201219084414340.jpg", "Photo4": "DCIM/JPEG_20201219084431551.jpg", "Irrigation": "TRUE", "District": "YEND", "Region": "NORT", "Zone": "sava", "Date": "2020-12-19", "Technician": "KOAS", "path": "I:\\GSSTI\\rscc\\landcover\\savanna_re\\For report\\Rahman_17_21122020_point.shp" }, "geometry": { "type": "Point", "coordinates": [ -0.282498533333335, 9.637309299999988 ] } },
{ "type": "Feature", "properties": { "fid": 1158.0, "CropType": "maiz", "Photo1": "DCIM/JPEG_20201219090321463.jpg", "Photo2": "DCIM/JPEG_20201219090333957.jpg", "Photo3": "DCIM/JPEG_20201219090349458.jpg", "Photo4": "DCIM/JPEG_20201219090358574.jpg", "Irrigation": "TRUE", "District": "YEND", "Region": "NORT", "Zone": "sava", "Date": "2020-12-19", "Technician": "KOAS", "path": "I:\\GSSTI\\rscc\\landcover\\savanna_re\\For report\\Rahman_17_21122020_point.shp" }, "geometry": { "type": "Point", "coordinates": [ -0.260879716666676, 9.6471119 ] } },
{ "type": "Feature", "properties": { "fid": 1159.0, "CropType": "mill", "Photo1": "DCIM/JPEG_20201219090703678.jpg", "Photo2": "DCIM/JPEG_20201219090725122.jpg", "Photo3": "DCIM/JPEG_20201219090745520.jpg", "Photo4": "DCIM/JPEG_20201219090802967.jpg", "Irrigation": "TRUE", "District": "YEND", "Region": "NORT", "Zone": "sava", "Date": "2020-12-19", "Technician": "KOAS", "path": "I:\\GSSTI\\rscc\\landcover\\savanna_re\\For report\\Rahman_17_21122020_point.shp" }, "geometry": { "type": "Point", "coordinates": [ -0.260792416666669, 9.646297883333327 ] } },
{ "type": "Feature", "properties": { "fid": 1160.0, "CropType": "grou", "Photo1": "DCIM/JPEG_20201219092215163.jpg", "Photo2": "DCIM/JPEG_20201219092232036.jpg", "Photo3": "DCIM/JPEG_20201219092244423.jpg", "Photo4": "DCIM/JPEG_20201219092255894.jpg", "Irrigation": "TRUE", "District": "YEND", "Region": "NORT", "Zone": "sava", "Date": "2020-12-19", "Technician": "KOAS", "path": "I:\\GSSTI\\rscc\\landcover\\savanna_re\\For report\\Rahman_17_21122020_point.shp" }, "geometry": { "type": "Point", "coordinates": [ -0.256979083333329, 9.647241416666649 ] } },
{ "type": "Feature", "properties": { "fid": 1161.0, "CropType": "grou", "Photo1": "DCIM/JPEG_20201219092551899.jpg", "Photo2": "DCIM/JPEG_20201219092615350.jpg", "Photo3": "DCIM/JPEG_20201219092634534.jpg", "Photo4": "DCIM/JPEG_20201219092652989.jpg", "Irrigation": "TRUE", "District": "YEND", "Region": "NORT", "Zone": "sava", "Date": "2020-12-19", "Technician": "KOAS", "path": "I:\\GSSTI\\rscc\\landcover\\savanna_re\\For report\\Rahman_17_21122020_point.shp" }, "geometry": { "type": "Point", "coordinates": [ -0.255985616666665, 9.647305799999986 ] } },
{ "type": "Feature", "properties": { "fid": 1162.0, "CropType": "grou", "Photo1": "DCIM/JPEG_20201219093039791.jpg", "Photo2": "DCIM/JPEG_20201219093052784.jpg", "Photo3": "DCIM/JPEG_20201219093106480.jpg", "Photo4": "DCIM/JPEG_20201219093117025.jpg", "Irrigation": "TRUE", "District": "YEND", "Region": "NORT", "Zone": "sava", "Date": "2020-12-19", "Technician": "KOAS", "path": "I:\\GSSTI\\rscc\\landcover\\savanna_re\\For report\\Rahman_17_21122020_point.shp" }, "geometry": { "type": "Point", "coordinates": [ -0.259867033333325, 9.649318233333339 ] } },
{ "type": "Feature", "properties": { "fid": 1163.0, "CropType": "cass", "Photo1": "DCIM/JPEG_20201219093847877.jpg", "Photo2": "DCIM/JPEG_20201219093901812.jpg", "Photo3": "DCIM/JPEG_20201219093914513.jpg", "Photo4": "DCIM/JPEG_20201219093926442.jpg", "Irrigation": "TRUE", "District": "YEND", "Region": "NORT", "Zone": "sava", "Date": "2020-12-19", "Technician": "KOAS", "path": "I:\\GSSTI\\rscc\\landcover\\savanna_re\\For report\\Rahman_17_21122020_point.shp" }, "geometry": { "type": "Point", "coordinates": [ -0.2584759, 9.65494785 ] } },
{ "type": "Feature", "properties": { "fid": 1165.0, "CropType": "mill", "Photo1": "DCIM/JPEG_20201219095723328.jpg", "Photo2": "DCIM/JPEG_20201219095738594.jpg", "Photo3": "DCIM/JPEG_20201219095752861.jpg", "Photo4": "DCIM/JPEG_20201219095810413.jpg", "Irrigation": "TRUE", "District": "YEND", "Region": "NORT", "Zone": "sava", "Date": "2020-12-19", "Technician": "KOAS", "path": "I:\\GSSTI\\rscc\\landcover\\savanna_re\\For report\\Rahman_17_21122020_point.shp" }, "geometry": { "type": "Point", "coordinates": [ -0.26267745, 9.650217399999981 ] } },
{ "type": "Feature", "properties": { "fid": 1166.0, "CropType": "mill", "Photo1": "DCIM/JPEG_20201219100733446.jpg", "Photo2": "DCIM/JPEG_20201219100753780.jpg", "Photo3": "DCIM/JPEG_20201219100814062.jpg", "Photo4": "DCIM/JPEG_20201219100829698.jpg", "Irrigation": "TRUE", "District": "YEND", "Region": "NORT", "Zone": "sava", "Date": "2020-12-19", "Technician": "KOAS", "path": "I:\\GSSTI\\rscc\\landcover\\savanna_re\\For report\\Rahman_17_21122020_point.shp" }, "geometry": { "type": "Point", "coordinates": [ -0.2622241, 9.643018549999987 ] } },
{ "type": "Feature", "properties": { "fid": 1167.0, "CropType": "mill", "Photo1": "DCIM/JPEG_20201219102040438.jpg", "Photo2": "DCIM/JPEG_20201219102055583.jpg", "Photo3": "DCIM/JPEG_20201219102110557.jpg", "Photo4": "DCIM/JPEG_20201219102121614.jpg", "Irrigation": "TRUE", "District": "YEND", "Region": "NORT", "Zone": "sava", "Date": "2020-12-19", "Technician": "KOAS", "path": "I:\\GSSTI\\rscc\\landcover\\savanna_re\\For report\\Rahman_17_21122020_point.shp" }, "geometry": { "type": "Point", "coordinates": [ -0.266591983333327, 9.663626466666653 ] } },
{ "type": "Feature", "properties": { "fid": 1168.0, "CropType": "mill", "Photo1": "DCIM/JPEG_20201219102040438.jpg", "Photo2": "DCIM/JPEG_20201219102055583.jpg", "Photo3": "DCIM/JPEG_20201219102110557.jpg", "Photo4": "DCIM/JPEG_20201219102121614.jpg", "Irrigation": "TRUE", "District": "YEND", "Region": "NORT", "Zone": "sava", "Date": "2020-12-19", "Technician": "KOAS", "path": "I:\\GSSTI\\rscc\\landcover\\savanna_re\\For report\\Rahman_17_21122020_point.shp" }, "geometry": { "type": "Point", "coordinates": [ -0.258346766666659, 9.68540145 ] } },
{ "type": "Feature", "properties": { "fid": 1169.0, "CropType": "maiz", "Photo1": "DCIM/JPEG_20201219103043602.jpg", "Photo2": "DCIM/JPEG_20201219103058916.jpg", "Photo3": "DCIM/JPEG_20201219103112656.jpg", "Photo4": "DCIM/JPEG_20201219103124921.jpg", "Irrigation": "TRUE", "District": "YEND", "Region": "NORT", "Zone": "sava", "Date": "2020-12-19", "Technician": "KOAS", "path": "I:\\GSSTI\\rscc\\landcover\\savanna_re\\For report\\Rahman_17_21122020_point.shp" }, "geometry": { "type": "Point", "coordinates": [ -0.258306716666654, 9.685398216666666 ] } },
{ "type": "Feature", "properties": { "fid": 1170.0, "CropType": "maiz", "Photo1": "DCIM/JPEG_20201219103043602.jpg", "Photo2": "DCIM/JPEG_20201219103058916.jpg", "Photo3": "DCIM/JPEG_20201219103112656.jpg", "Photo4": "DCIM/JPEG_20201219103124921.jpg", "Irrigation": "TRUE", "District": "YEND", "Region": "NORT", "Zone": "sava", "Date": "2020-12-19", "Technician": "KOAS", "path": "I:\\GSSTI\\rscc\\landcover\\savanna_re\\For report\\Rahman_17_21122020_point.shp" }, "geometry": { "type": "Point", "coordinates": [ -0.260657933333325, 9.691299849999986 ] } },
{ "type": "Feature", "properties": { "fid": 1171.0, "CropType": "mill", "Photo1": "DCIM/JPEG_20201219103438319.jpg", "Photo2": "DCIM/JPEG_20201219103452615.jpg", "Photo3": "DCIM/JPEG_20201219103503511.jpg", "Photo4": "DCIM/JPEG_20201219103518573.jpg", "Irrigation": "TRUE", "District": "YEND", "Region": "NORT", "Zone": "sava", "Date": "2020-12-19", "Technician": "KOAS", "path": "I:\\GSSTI\\rscc\\landcover\\savanna_re\\For report\\Rahman_17_21122020_point.shp" }, "geometry": { "type": "Point", "coordinates": [ -0.260653349999988, 9.691306916666667 ] } },
{ "type": "Feature", "properties": { "fid": 1172.0, "CropType": "mill", "Photo1": "DCIM/JPEG_20201219104003496.jpg", "Photo2": "DCIM/JPEG_20201219104018942.jpg", "Photo3": "DCIM/JPEG_20201219104036083.jpg", "Photo4": "DCIM/JPEG_20201219104058985.jpg", "Irrigation": "TRUE", "District": "YEND", "Region": "NORT", "Zone": "sava", "Date": "2020-12-19", "Technician": "KOAS", "path": "I:\\GSSTI\\rscc\\landcover\\savanna_re\\For report\\Rahman_17_21122020_point.shp" }, "geometry": { "type": "Point", "coordinates": [ -0.26085275, 9.700273516666648 ] } },
{ "type": "Feature", "properties": { "fid": 1173.0, "CropType": "mill", "Photo1": "DCIM/JPEG_20201219104340170.jpg", "Photo2": "DCIM/JPEG_20201219104400705.jpg", "Photo3": "DCIM/JPEG_20201219104422095.jpg", "Photo4": "DCIM/JPEG_20201219104445575.jpg", "Irrigation": "TRUE", "District": "YEND", "Region": "NORT", "Zone": "sava", "Date": "2020-12-19", "Technician": "KOAS", "path": "I:\\GSSTI\\rscc\\landcover\\savanna_re\\For report\\Rahman_17_21122020_point.shp" }, "geometry": { "type": "Point", "coordinates": [ -0.261407816666675, 9.700496533333318 ] } },
{ "type": "Feature", "properties": { "fid": 1174.0, "CropType": "cass", "Photo1": "DCIM/JPEG_20201219105027863.jpg", "Photo2": "DCIM/JPEG_20201219105048137.jpg", "Photo3": "DCIM/JPEG_20201219105105764.jpg", "Photo4": "DCIM/JPEG_20201219105127659.jpg", "Irrigation": "TRUE", "District": "YEND", "Region": "NORT", "Zone": "sava", "Date": "2020-12-19", "Technician": "KOAS", "path": "I:\\GSSTI\\rscc\\landcover\\savanna_re\\For report\\Rahman_17_21122020_point.shp" }, "geometry": { "type": "Point", "coordinates": [ -0.262664016666675, 9.70074098333332 ] } },
{ "type": "Feature", "properties": { "fid": 1176.0, "CropType": "mill", "Photo1": "DCIM/JPEG_20201219131419440.jpg", "Photo2": "DCIM/JPEG_20201219131432565.jpg", "Photo3": "DCIM/JPEG_20201219131444227.jpg", "Photo4": "DCIM/JPEG_20201219131454607.jpg", "Irrigation": "TRUE", "District": "YEND", "Region": "NORT", "Zone": "sava", "Date": "2020-12-19", "Technician": "KOAS", "path": "I:\\GSSTI\\rscc\\landcover\\savanna_re\\For report\\Rahman_17_21122020_point.shp" }, "geometry": { "type": "Point", "coordinates": [ -0.269123616666655, 9.663757416666662 ] } },
{ "type": "Feature", "properties": { "fid": 1177.0, "CropType": "grou", "Photo1": "DCIM/JPEG_20201219132020883.jpg", "Photo2": "DCIM/JPEG_20201219132036995.jpg", "Photo3": "DCIM/JPEG_20201219132051362.jpg", "Photo4": "DCIM/JPEG_20201219132108849.jpg", "Irrigation": "TRUE", "District": "YEND", "Region": "NORT", "Zone": "sava", "Date": "2020-12-19", "Technician": "KOAS", "path": "I:\\GSSTI\\rscc\\landcover\\savanna_re\\For report\\Rahman_17_21122020_point.shp" }, "geometry": { "type": "Point", "coordinates": [ -0.2725506, 9.662208266666648 ] } },
{ "type": "Feature", "properties": { "fid": 1178.0, "CropType": "sorg", "Photo1": "DCIM/JPEG_20201219134205535.jpg", "Photo2": "DCIM/JPEG_20201219134221039.jpg", "Photo3": "DCIM/JPEG_20201219134232560.jpg", "Photo4": "DCIM/JPEG_20201219134245360.jpg", "Irrigation": "TRUE", "District": "YEND", "Region": "NORT", "Zone": "sava", "Date": "2020-12-19", "Technician": "KOAS", "path": "I:\\GSSTI\\rscc\\landcover\\savanna_re\\For report\\Rahman_17_21122020_point.shp" }, "geometry": { "type": "Point", "coordinates": [ -0.24618533333334, 9.645009316666656 ] } },
{ "type": "Feature", "properties": { "fid": 1179.0, "CropType": "mill", "Photo1": "DCIM/JPEG_20201219135330975.jpg", "Photo2": "DCIM/JPEG_20201219135344282.jpg", "Photo3": "DCIM/JPEG_20201219135358987.jpg", "Photo4": "DCIM/JPEG_20201219135417885.jpg", "Irrigation": "TRUE", "District": "YEND", "Region": "NORT", "Zone": "sava", "Date": "2020-12-19", "Technician": "KOAS", "path": "I:\\GSSTI\\rscc\\landcover\\savanna_re\\For report\\Rahman_17_21122020_point.shp" }, "geometry": { "type": "Point", "coordinates": [ -0.24764105, 9.643873233333336 ] } },
{ "type": "Feature", "properties": { "fid": 1180.0, "CropType": "grou", "Photo1": "DCIM/JPEG_20201220083910090.jpg", "Photo2": "DCIM/JPEG_20201220083929392.jpg", "Photo3": "DCIM/JPEG_20201220083944878.jpg", "Photo4": "DCIM/JPEG_20201220083958330.jpg", "Irrigation": "TRUE", "District": "YEND", "Region": "NORT", "Zone": "sava", "Date": "2020-12-20", "Technician": "KOAS", "path": "I:\\GSSTI\\rscc\\landcover\\savanna_re\\For report\\Rahman_17_21122020_point.shp" }, "geometry": { "type": "Point", "coordinates": [ -0.308403333333328, 9.391120533333325 ] } },
{ "type": "Feature", "properties": { "fid": 1181.0, "CropType": "sorg", "Photo1": "DCIM/JPEG_20201220084552375.jpg", "Photo2": "DCIM/JPEG_20201220084603559.jpg", "Photo3": "DCIM/JPEG_20201220084612696.jpg", "Photo4": "DCIM/JPEG_20201220084622685.jpg", "Irrigation": "TRUE", "District": "YEND", "Region": "NORT", "Zone": "sava", "Date": "2020-12-20", "Technician": "KOAS", "path": "I:\\GSSTI\\rscc\\landcover\\savanna_re\\For report\\Rahman_17_21122020_point.shp" }, "geometry": { "type": "Point", "coordinates": [ -0.314050683333334, 9.385054466666656 ] } },
{ "type": "Feature", "properties": { "fid": 1182.0, "CropType": "Pigeon Pea", "Photo1": "DCIM/JPEG_20201220085306413.jpg", "Photo2": "DCIM/JPEG_20201220085321675.jpg", "Photo3": "DCIM/JPEG_20201220085346046.jpg", "Photo4": "DCIM/JPEG_20201220085404924.jpg", "Irrigation": "TRUE", "District": "YEND", "Region": "NORT", "Zone": "sava", "Date": "2020-12-20", "Technician": "KOAS", "path": "I:\\GSSTI\\rscc\\landcover\\savanna_re\\For report\\Rahman_17_21122020_point.shp" }, "geometry": { "type": "Point", "coordinates": [ -0.319323566666655, 9.379611816666651 ] } },
{ "type": "Feature", "properties": { "fid": 1183.0, "CropType": "yams", "Photo1": "DCIM/JPEG_20201220085832688.jpg", "Photo2": "DCIM/JPEG_20201220085847654.jpg", "Photo3": "DCIM/JPEG_20201220085900367.jpg", "Photo4": "DCIM/JPEG_20201220085912425.jpg", "Irrigation": "TRUE", "District": "YEND", "Region": "NORT", "Zone": "sava", "Date": "2020-12-20", "Technician": "KOAS", "path": "I:\\GSSTI\\rscc\\landcover\\savanna_re\\For report\\Rahman_17_21122020_point.shp" }, "geometry": { "type": "Point", "coordinates": [ -0.32006815, 9.3786777 ] } },
{ "type": "Feature", "properties": { "fid": 1184.0, "CropType": "cass", "Photo1": "DCIM/JPEG_20201220090119860.jpg", "Photo2": "DCIM/JPEG_20201220090147524.jpg", "Photo3": "DCIM/JPEG_20201220090201554.jpg", "Photo4": "DCIM/JPEG_20201220090222851.jpg", "Irrigation": "TRUE", "District": "YEND", "Region": "NORT", "Zone": "sava", "Date": "2020-12-20", "Technician": "KOAS", "path": "I:\\GSSTI\\rscc\\landcover\\savanna_re\\For report\\Rahman_17_21122020_point.shp" }, "geometry": { "type": "Point", "coordinates": [ -0.319496133333328, 9.3788402 ] } },
{ "type": "Feature", "properties": { "fid": 1185.0, "CropType": "cass", "Photo1": "DCIM/JPEG_20201220092123603.jpg", "Photo2": "DCIM/JPEG_20201220092140519.jpg", "Photo3": "DCIM/JPEG_20201220092204501.jpg", "Photo4": "DCIM/JPEG_20201220092223559.jpg", "Irrigation": "TRUE", "District": "YEND", "Region": "NORT", "Zone": "sava", "Date": "2020-12-20", "Technician": "KOAS", "path": "I:\\GSSTI\\rscc\\landcover\\savanna_re\\For report\\Rahman_17_21122020_point.shp" }, "geometry": { "type": "Point", "coordinates": [ -0.320659200000012, 9.3777806 ] } },
{ "type": "Feature", "properties": { "fid": 1186.0, "CropType": "yams", "Photo1": "DCIM/JPEG_20201220092456921.jpg", "Photo2": "DCIM/JPEG_20201220092642964.jpg", "Photo3": "DCIM/JPEG_20201220092704562.jpg", "Photo4": "DCIM/JPEG_20201220092721918.jpg", "Irrigation": "TRUE", "District": "YEND", "Region": "NORT", "Zone": "sava", "Date": "2020-12-20", "Technician": "KOAS", "path": "I:\\GSSTI\\rscc\\landcover\\savanna_re\\For report\\Rahman_17_21122020_point.shp" }, "geometry": { "type": "Point", "coordinates": [ -0.32158835, 9.377781816666667 ] } },
{ "type": "Feature", "properties": { "fid": 1187.0, "CropType": "cowp", "Photo1": "DCIM/JPEG_20201220092902555.jpg", "Photo2": "DCIM/JPEG_20201220092927256.jpg", "Photo3": "DCIM/JPEG_20201220092948170.jpg", "Photo4": "DCIM/JPEG_20201220093008597.jpg", "Irrigation": "TRUE", "District": "YEND", "Region": "NORT", "Zone": "sava", "Date": "2020-12-20", "Technician": "KOAS", "path": "I:\\GSSTI\\rscc\\landcover\\savanna_re\\For report\\Rahman_17_21122020_point.shp" }, "geometry": { "type": "Point", "coordinates": [ -0.321590283333335, 9.37799208333332 ] } },
{ "type": "Feature", "properties": { "fid": 1189.0, "CropType": "Pigeon Pea", "Photo1": "DCIM/JPEG_20201220093941099.jpg", "Photo2": "DCIM/JPEG_20201220093958946.jpg", "Photo3": "DCIM/JPEG_20201220094011649.jpg", "Photo4": "DCIM/JPEG_20201220094028396.jpg", "Irrigation": "TRUE", "District": "YEND", "Region": "NORT", "Zone": "sava", "Date": "2020-12-20", "Technician": "KOAS", "path": "I:\\GSSTI\\rscc\\landcover\\savanna_re\\For report\\Rahman_17_21122020_point.shp" }, "geometry": { "type": "Point", "coordinates": [ -0.323686866666674, 9.378314416666647 ] } },
{ "type": "Feature", "properties": { "fid": 1190.0, "CropType": "yams", "Photo1": "DCIM/JPEG_20201220094222091.jpg", "Photo2": "DCIM/JPEG_20201220094242875.jpg", "Photo3": "DCIM/JPEG_20201220094011649.jpg", "Photo4": "DCIM/JPEG_20201220094327373.jpg", "Irrigation": "TRUE", "District": "YEND", "Region": "NORT", "Zone": "sava", "Date": "2020-12-20", "Technician": "KOAS", "path": "I:\\GSSTI\\rscc\\landcover\\savanna_re\\For report\\Rahman_17_21122020_point.shp" }, "geometry": { "type": "Point", "coordinates": [ -0.324194066666664, 9.378164116666659 ] } },
{ "type": "Feature", "properties": { "fid": 1191.0, "CropType": "Pigeon Pea", "Photo1": "DCIM/JPEG_20201220095123910.jpg", "Photo2": "DCIM/JPEG_20201220095138779.jpg", "Photo3": "DCIM/JPEG_20201220095153888.jpg", "Photo4": "DCIM/JPEG_20201220095215506.jpg", "Irrigation": "TRUE", "District": "YEND", "Region": "NORT", "Zone": "sava", "Date": "2020-12-20", "Technician": "KOAS", "path": "I:\\GSSTI\\rscc\\landcover\\savanna_re\\For report\\Rahman_17_21122020_point.shp" }, "geometry": { "type": "Point", "coordinates": [ -0.325810133333332, 9.376850216666652 ] } },
{ "type": "Feature", "properties": { "fid": 1192.0, "CropType": "yams", "Photo1": "DCIM/JPEG_20201220095418675.jpg", "Photo2": "DCIM/JPEG_20201220095435103.jpg", "Photo3": "DCIM/JPEG_20201220095447625.jpg", "Photo4": "DCIM/JPEG_20201220095500460.jpg", "Irrigation": "TRUE", "District": "YEND", "Region": "NORT", "Zone": "sava", "Date": "2020-12-20", "Technician": "KOAS", "path": "I:\\GSSTI\\rscc\\landcover\\savanna_re\\For report\\Rahman_17_21122020_point.shp" }, "geometry": { "type": "Point", "coordinates": [ -0.32625745, 9.376864766666669 ] } },
{ "type": "Feature", "properties": { "fid": 1193.0, "CropType": "cass", "Photo1": "DCIM/JPEG_20201220095610893.jpg", "Photo2": "DCIM/JPEG_20201220095626501.jpg", "Photo3": "DCIM/JPEG_20201220095640072.jpg", "Photo4": "DCIM/JPEG_20201220095655032.jpg", "Irrigation": "TRUE", "District": "YEND", "Region": "NORT", "Zone": "sava", "Date": "2020-12-20", "Technician": "KOAS", "path": "I:\\GSSTI\\rscc\\landcover\\savanna_re\\For report\\Rahman_17_21122020_point.shp" }, "geometry": { "type": "Point", "coordinates": [ -0.32675845, 9.377040699999988 ] } },
{ "type": "Feature", "properties": { "fid": 1194.0, "CropType": "yams", "Photo1": "DCIM/JPEG_20201220100055961.jpg", "Photo2": "DCIM/JPEG_20201220100110512.jpg", "Photo3": "DCIM/JPEG_20201220100124448.jpg", "Photo4": "DCIM/JPEG_20201220100147534.jpg", "Irrigation": "TRUE", "District": "YEND", "Region": "NORT", "Zone": "sava", "Date": "2020-12-20", "Technician": "KOAS", "path": "I:\\GSSTI\\rscc\\landcover\\savanna_re\\For report\\Rahman_17_21122020_point.shp" }, "geometry": { "type": "Point", "coordinates": [ -0.327831749999987, 9.374881 ] } },
{ "type": "Feature", "properties": { "fid": 1195.0, "CropType": "grou", "Photo1": "DCIM/JPEG_20201220100456605.jpg", "Photo2": "DCIM/JPEG_20201220100511225.jpg", "Photo3": "DCIM/JPEG_20201220100537470.jpg", "Photo4": "DCIM/JPEG_20201220100553869.jpg", "Irrigation": "TRUE", "District": "YEND", "Region": "NORT", "Zone": "sava", "Date": "2020-12-20", "Technician": "KOAS", "path": "I:\\GSSTI\\rscc\\landcover\\savanna_re\\For report\\Rahman_17_21122020_point.shp" }, "geometry": { "type": "Point", "coordinates": [ -0.3278677, 9.372125333333335 ] } },
{ "type": "Feature", "properties": { "fid": 1196.0, "CropType": "cass", "Photo1": "DCIM/JPEG_20201220100855705.jpg", "Photo2": "DCIM/JPEG_20201220100917398.jpg", "Photo3": "DCIM/JPEG_20201220100934271.jpg", "Photo4": "DCIM/JPEG_20201220100950651.jpg", "Irrigation": "TRUE", "District": "YEND", "Region": "NORT", "Zone": "sava", "Date": "2020-12-20", "Technician": "KOAS", "path": "I:\\GSSTI\\rscc\\landcover\\savanna_re\\For report\\Rahman_17_21122020_point.shp" }, "geometry": { "type": "Point", "coordinates": [ -0.328929566666674, 9.370898583333338 ] } },
{ "type": "Feature", "properties": { "fid": 1197.0, "CropType": "mill", "Photo1": "DCIM/JPEG_20201220101321595.jpg", "Photo2": "DCIM/JPEG_20201220101337608.jpg", "Photo3": "DCIM/JPEG_20201220101353260.jpg", "Photo4": "DCIM/JPEG_20201220101407086.jpg", "Irrigation": "TRUE", "District": "YEND", "Region": "NORT", "Zone": "sava", "Date": "2020-12-20", "Technician": "KOAS", "path": "I:\\GSSTI\\rscc\\landcover\\savanna_re\\For report\\Rahman_17_21122020_point.shp" }, "geometry": { "type": "Point", "coordinates": [ -0.327734533333323, 9.37048285 ] } },
{ "type": "Feature", "properties": { "fid": 1198.0, "CropType": "yams", "Photo1": "DCIM/JPEG_20201220102458286.jpg", "Photo2": "DCIM/JPEG_20201220102515389.jpg", "Photo3": "DCIM/JPEG_20201220102528091.jpg", "Photo4": "DCIM/JPEG_20201220102543504.jpg", "Irrigation": "TRUE", "District": "YEND", "Region": "NORT", "Zone": "sava", "Date": "2020-12-20", "Technician": "KOAS", "path": "I:\\GSSTI\\rscc\\landcover\\savanna_re\\For report\\Rahman_17_21122020_point.shp" }, "geometry": { "type": "Point", "coordinates": [ -0.326925633333328, 9.372385883333321 ] } },
{ "type": "Feature", "properties": { "fid": 1199.0, "CropType": "yams", "Photo1": "DCIM/JPEG_20201220103734517.jpg", "Photo2": "DCIM/JPEG_20201220103832425.jpg", "Photo3": "DCIM/JPEG_20201220103844146.jpg", "Photo4": "DCIM/JPEG_20201220103854509.jpg", "Irrigation": "TRUE", "District": "YEND", "Region": "NORT", "Zone": "sava", "Date": "2020-12-20", "Technician": "KOAS", "path": "I:\\GSSTI\\rscc\\landcover\\savanna_re\\For report\\Rahman_17_21122020_point.shp" }, "geometry": { "type": "Point", "coordinates": [ -0.325521866666678, 9.373435066666662 ] } },
{ "type": "Feature", "properties": { "fid": 1200.0, "CropType": "yams", "Photo1": "DCIM/JPEG_20201220104918190.jpg", "Photo2": "DCIM/JPEG_20201220104929886.jpg", "Photo3": "DCIM/JPEG_20201220104943369.jpg", "Photo4": "DCIM/JPEG_20201220104953019.jpg", "Irrigation": "TRUE", "District": "YEND", "Region": "NORT", "Zone": "sava", "Date": "2020-12-20", "Technician": "KOAS", "path": "I:\\GSSTI\\rscc\\landcover\\savanna_re\\For report\\Rahman_17_21122020_point.shp" }, "geometry": { "type": "Point", "coordinates": [ -0.333003433333346, 9.363116066666661 ] } },
{ "type": "Feature", "properties": { "fid": 1201.0, "CropType": "Pigeon Pea", "Photo1": "DCIM/JPEG_20201220105226547.jpg", "Photo2": "DCIM/JPEG_20201220105239248.jpg", "Photo3": "DCIM/JPEG_20201220105250959.jpg", "Photo4": "DCIM/JPEG_20201220105302044.jpg", "Irrigation": "TRUE", "District": "YEND", "Region": "NORT", "Zone": "sava", "Date": "2020-12-20", "Technician": "KOAS", "path": "I:\\GSSTI\\rscc\\landcover\\savanna_re\\For report\\Rahman_17_21122020_point.shp" }, "geometry": { "type": "Point", "coordinates": [ -0.334191383333337, 9.363581333333341 ] } },
{ "type": "Feature", "properties": { "fid": 1202.0, "CropType": "cass", "Photo1": "DCIM/JPEG_20201220105839545.jpg", "Photo2": "DCIM/JPEG_20201220105854232.jpg", "Photo3": "DCIM/JPEG_20201220105910179.jpg", "Photo4": "DCIM/JPEG_20201220105928868.jpg", "Irrigation": "TRUE", "District": "YEND", "Region": "NORT", "Zone": "sava", "Date": "2020-12-20", "Technician": "KOAS", "path": "I:\\GSSTI\\rscc\\landcover\\savanna_re\\For report\\Rahman_17_21122020_point.shp" }, "geometry": { "type": "Point", "coordinates": [ -0.331249016666674, 9.358335166666674 ] } },
{ "type": "Feature", "properties": { "fid": 1203.0, "CropType": "Pigeon Pea", "Photo1": "DCIM/JPEG_20201220111148522.jpg", "Photo2": "DCIM/JPEG_20201220111205711.jpg", "Photo3": "DCIM/JPEG_20201220111226998.jpg", "Photo4": "DCIM/JPEG_20201220111237664.jpg", "Irrigation": "TRUE", "District": "YEND", "Region": "NORT", "Zone": "sava", "Date": "2020-12-20", "Technician": "KOAS", "path": "I:\\GSSTI\\rscc\\landcover\\savanna_re\\For report\\Rahman_17_21122020_point.shp" }, "geometry": { "type": "Point", "coordinates": [ -0.326479666666679, 9.350813666666664 ] } },
{ "type": "Feature", "properties": { "fid": 1204.0, "CropType": "Pigeon Pea", "Photo1": "DCIM/JPEG_20201220111616712.jpg", "Photo2": "DCIM/JPEG_20201220111638885.jpg", "Photo3": "DCIM/JPEG_20201220111656927.jpg", "Photo4": "DCIM/JPEG_20201220111713404.jpg", "Irrigation": "TRUE", "District": "YEND", "Region": "NORT", "Zone": "sava", "Date": "2020-12-20", "Technician": "KOAS", "path": "I:\\GSSTI\\rscc\\landcover\\savanna_re\\For report\\Rahman_17_21122020_point.shp" }, "geometry": { "type": "Point", "coordinates": [ -0.326067083333332, 9.35158161666665 ] } },
{ "type": "Feature", "properties": { "fid": 1205.0, "CropType": "cowp", "Photo1": "DCIM/JPEG_20201220120834591.jpg", "Photo2": "DCIM/JPEG_20201220120849706.jpg", "Photo3": "DCIM/JPEG_20201220120901816.jpg", "Photo4": "DCIM/JPEG_20201220120911240.jpg", "Irrigation": "TRUE", "District": "YEND", "Region": "NORT", "Zone": "sava", "Date": "2020-12-20", "Technician": "KOAS", "path": "I:\\GSSTI\\rscc\\landcover\\savanna_re\\For report\\Rahman_17_21122020_point.shp" }, "geometry": { "type": "Point", "coordinates": [ -0.35981275, 9.347998033333321 ] } },
{ "type": "Feature", "properties": { "fid": 1206.0, "CropType": "yams", "Photo1": "DCIM/JPEG_20201220121151490.jpg", "Photo2": "DCIM/JPEG_20201220121206163.jpg", "Photo3": "DCIM/JPEG_20201220121227683.jpg", "Photo4": "DCIM/JPEG_20201220121240772.jpg", "Irrigation": "TRUE", "District": "YEND", "Region": "NORT", "Zone": "sava", "Date": "2020-12-20", "Technician": "KOAS", "path": "I:\\GSSTI\\rscc\\landcover\\savanna_re\\For report\\Rahman_17_21122020_point.shp" }, "geometry": { "type": "Point", "coordinates": [ -0.3627457, 9.350998533333328 ] } },
{ "type": "Feature", "properties": { "fid": 1207.0, "CropType": "Pigeon Pea", "Photo1": "DCIM/JPEG_20201220121928647.jpg", "Photo2": "DCIM/JPEG_20201220121943933.jpg", "Photo3": "DCIM/JPEG_20201220122001518.jpg", "Photo4": "DCIM/JPEG_20201220122019440.jpg", "Irrigation": "TRUE", "District": "YEND", "Region": "NORT", "Zone": "sava", "Date": "2020-12-20", "Technician": "KOAS", "path": "I:\\GSSTI\\rscc\\landcover\\savanna_re\\For report\\Rahman_17_21122020_point.shp" }, "geometry": { "type": "Point", "coordinates": [ -0.367537066666674, 9.356743083333331 ] } },
{ "type": "Feature", "properties": { "fid": 1208.0, "CropType": "yams", "Photo1": "DCIM/JPEG_20201220123059674.jpg", "Photo2": "DCIM/JPEG_20201220123117357.jpg", "Photo3": "DCIM/JPEG_20201220123131632.jpg", "Photo4": "DCIM/JPEG_20201220123151882.jpg", "Irrigation": "TRUE", "District": "YEND", "Region": "NORT", "Zone": "sava", "Date": "2020-12-20", "Technician": "KOAS", "path": "I:\\GSSTI\\rscc\\landcover\\savanna_re\\For report\\Rahman_17_21122020_point.shp" }, "geometry": { "type": "Point", "coordinates": [ -0.368862633333326, 9.357493833333317 ] } },
{ "type": "Feature", "properties": { "fid": 1209.0, "CropType": "cass", "Photo1": "DCIM/JPEG_20201220123420229.jpg", "Photo2": "DCIM/JPEG_20201220123436071.jpg", "Photo3": "DCIM/JPEG_20201220123451858.jpg", "Photo4": "DCIM/JPEG_20201220123507884.jpg", "Irrigation": "TRUE", "District": "YEND", "Region": "NORT", "Zone": "sava", "Date": "2020-12-20", "Technician": "KOAS", "path": "I:\\GSSTI\\rscc\\landcover\\savanna_re\\For report\\Rahman_17_21122020_point.shp" }, "geometry": { "type": "Point", "coordinates": [ -0.36895745, 9.356826216666672 ] } },
{ "type": "Feature", "properties": { "fid": 1210.0, "CropType": "Pigeon Pea", "Photo1": "DCIM/JPEG_20201220123725389.jpg", "Photo2": "DCIM/JPEG_20201220123739697.jpg", "Photo3": "DCIM/JPEG_20201220123756368.jpg", "Photo4": "DCIM/JPEG_20201220123813476.jpg", "Irrigation": "TRUE", "District": "YEND", "Region": "NORT", "Zone": "sava", "Date": "2020-12-20", "Technician": "KOAS", "path": "I:\\GSSTI\\rscc\\landcover\\savanna_re\\For report\\Rahman_17_21122020_point.shp" }, "geometry": { "type": "Point", "coordinates": [ -0.369503433333346, 9.356980783333325 ] } },
{ "type": "Feature", "properties": { "fid": 1211.0, "CropType": "Pigeon Pea", "Photo1": "DCIM/JPEG_20201220124548184.jpg", "Photo2": "DCIM/JPEG_20201220124603684.jpg", "Photo3": "DCIM/JPEG_20201220124614475.jpg", "Photo4": "DCIM/JPEG_20201220124627973.jpg", "Irrigation": "TRUE", "District": "YEND", "Region": "NORT", "Zone": "sava", "Date": "2020-12-20", "Technician": "KOAS", "path": "I:\\GSSTI\\rscc\\landcover\\savanna_re\\For report\\Rahman_17_21122020_point.shp" }, "geometry": { "type": "Point", "coordinates": [ -0.365536583333331, 9.355354183333333 ] } },
{ "type": "Feature", "properties": { "fid": 1212.0, "CropType": "cowp", "Photo1": "DCIM/JPEG_20201220125154039.jpg", "Photo2": "DCIM/JPEG_20201220125212292.jpg", "Photo3": "DCIM/JPEG_20201220125224183.jpg", "Photo4": "DCIM/JPEG_20201220125240842.jpg", "Irrigation": "TRUE", "District": "YEND", "Region": "NORT", "Zone": "sava", "Date": "2020-12-20", "Technician": "KOAS", "path": "I:\\GSSTI\\rscc\\landcover\\savanna_re\\For report\\Rahman_17_21122020_point.shp" }, "geometry": { "type": "Point", "coordinates": [ -0.3645956, 9.351630766666648 ] } },
{ "type": "Feature", "properties": { "fid": 1213.0, "CropType": "yams", "Photo1": "DCIM/JPEG_20201220125547416.jpg", "Photo2": "DCIM/JPEG_20201220125603088.jpg", "Photo3": "DCIM/JPEG_20201220125615742.jpg", "Photo4": "DCIM/JPEG_20201220125632981.jpg", "Irrigation": "TRUE", "District": "YEND", "Region": "NORT", "Zone": "sava", "Date": "2020-12-20", "Technician": "KOAS", "path": "I:\\GSSTI\\rscc\\landcover\\savanna_re\\For report\\Rahman_17_21122020_point.shp" }, "geometry": { "type": "Point", "coordinates": [ -0.36574871666666, 9.35046055 ] } },
{ "type": "Feature", "properties": { "fid": 1214.0, "CropType": "cowp", "Photo1": "DCIM/JPEG_20201220130723623.jpg", "Photo2": "DCIM/JPEG_20201220130736917.jpg", "Photo3": "DCIM/JPEG_20201220130746262.jpg", "Photo4": "DCIM/JPEG_20201220130802085.jpg", "Irrigation": "TRUE", "District": "YEND", "Region": "NORT", "Zone": "sava", "Date": "2020-12-20", "Technician": "KOAS", "path": "I:\\GSSTI\\rscc\\landcover\\savanna_re\\For report\\Rahman_17_21122020_point.shp" }, "geometry": { "type": "Point", "coordinates": [ -0.3642521, 9.351989083333324 ] } },
{ "type": "Feature", "properties": { "fid": 1215.0, "CropType": "Pigeon Pea", "Photo1": "DCIM/JPEG_20201220134538366.jpg", "Photo2": "DCIM/JPEG_20201220134607835.jpg", "Photo3": "DCIM/JPEG_20201220134713193.jpg", "Photo4": "DCIM/JPEG_20201220134654256.jpg", "Irrigation": "TRUE", "District": "YEND", "Region": "NORT", "Zone": "sava", "Date": "2020-12-20", "Technician": "KOAS", "path": "I:\\GSSTI\\rscc\\landcover\\savanna_re\\For report\\Rahman_17_21122020_point.shp" }, "geometry": { "type": "Point", "coordinates": [ -0.401715583333334, 9.3449203 ] } },
{ "type": "Feature", "properties": { "fid": 1216.0, "CropType": "yams", "Photo1": "DCIM/JPEG_20201221092754999.jpg", "Photo2": "DCIM/JPEG_20201221092809801.jpg", "Photo3": "DCIM/JPEG_20201221092825846.jpg", "Photo4": "DCIM/JPEG_20201221092839138.jpg", "Irrigation": "TRUE", "District": "YEND", "Region": "NORT", "Zone": "sava", "Date": "2020-12-21", "Technician": "KOAS", "path": "I:\\GSSTI\\rscc\\landcover\\savanna_re\\For report\\Rahman_17_21122020_point.shp" }, "geometry": { "type": "Point", "coordinates": [ -0.2710683, 9.438046916666654 ] } },
{ "type": "Feature", "properties": { "fid": 1217.0, "CropType": "sorg", "Photo1": "DCIM/JPEG_20201221100348898.jpg", "Photo2": "DCIM/JPEG_20201221100404205.jpg", "Photo3": "DCIM/JPEG_20201221100417494.jpg", "Photo4": "DCIM/JPEG_20201221100430930.jpg", "Irrigation": "TRUE", "District": "YEND", "Region": "NORT", "Zone": "sava", "Date": "2020-12-21", "Technician": "KOAS", "path": "I:\\GSSTI\\rscc\\landcover\\savanna_re\\For report\\Rahman_17_21122020_point.shp" }, "geometry": { "type": "Point", "coordinates": [ -0.25363498333334, 9.460550933333321 ] } },
{ "type": "Feature", "properties": { "fid": 1219.0, "CropType": "yams", "Photo1": "DCIM/JPEG_20201221114652849.jpg", "Photo2": "DCIM/JPEG_20201221114703322.jpg", "Photo3": "DCIM/JPEG_20201221114714307.jpg", "Photo4": "DCIM/JPEG_20201221114726616.jpg", "Irrigation": "TRUE", "District": "YEND", "Region": "NORT", "Zone": "sava", "Date": "2020-12-21", "Technician": "KOAS", "path": "I:\\GSSTI\\rscc\\landcover\\savanna_re\\For report\\Rahman_17_21122020_point.shp" }, "geometry": { "type": "Point", "coordinates": [ -0.251069383333338, 9.467212133333319 ] } },
{ "type": "Feature", "properties": { "fid": 1220.0, "CropType": "yams", "Photo1": "DCIM/JPEG_20201221130911213.jpg", "Photo2": "DCIM/JPEG_20201221130923988.jpg", "Photo3": "DCIM/JPEG_20201221130934628.jpg", "Photo4": "DCIM/JPEG_20201221130945817.jpg", "Irrigation": "TRUE", "District": "YEND", "Region": "NORT", "Zone": "sava", "Date": "2020-12-21", "Technician": "KOAS", "path": "I:\\GSSTI\\rscc\\landcover\\savanna_re\\For report\\Rahman_17_21122020_point.shp" }, "geometry": { "type": "Point", "coordinates": [ -0.268249416666664, 9.488415316666673 ] } },
{ "type": "Feature", "properties": { "fid": 1010.0, "CropType": "maiz", "Photo1": "DCIM/JPEG_20201217154907804.jpg", "Photo2": "DCIM/JPEG_20201217154938208.jpg", "Photo3": "DCIM/JPEG_20201217154950431.jpg", "Photo4": "DCIM/JPEG_20201217155001625.jpg", "Irrigation": "TRUE", "District": "YEND", "Region": "NORT", "Zone": "sava", "Date": "2020-12-17", "Technician": "STAB", "path": "I:\\GSSTI\\rscc\\landcover\\savanna_re\\For report\\Tablet_points.shp" }, "geometry": { "type": "Point", "coordinates": [ -0.51031503, 9.46760556 ] } },
{ "type": "Feature", "properties": { "fid": 10001.0, "CropType": "soyb", "Photo1": "DCIM/JPEG_20201217093831204.jpg", "Photo2": "DCIM/JPEG_20201217093913133.jpg", "Photo3": "DCIM/JPEG_20201217093927335.jpg", "Photo4": "DCIM/JPEG_20201217093940839.jpg", "Irrigation": "TRUE", "District": "GUSH", "Region": "NORT", "Zone": "sava", "Date": "2020-12-17", "Technician": "KOAS", "path": "I:\\GSSTI\\rscc\\landcover\\savanna_re\\For report\\Tablet_points.shp" }, "geometry": { "type": "Point", "coordinates": [ -0.49987497, 9.63670707 ] } },
{ "type": "Feature", "properties": { "fid": 10002.0, "CropType": "maiz", "Photo1": "DCIM/JPEG_20201217100143319.jpg", "Photo2": "DCIM/JPEG_20201217100213781.jpg", "Photo3": "DCIM/JPEG_20201217100230754.jpg", "Photo4": "DCIM/JPEG_20201217100244792.jpg", "Irrigation": "TRUE", "District": "GUSH", "Region": "NORT", "Zone": "sava", "Date": "2020-12-17", "Technician": "KOAS", "path": "I:\\GSSTI\\rscc\\landcover\\savanna_re\\For report\\Tablet_points.shp" }, "geometry": { "type": "Point", "coordinates": [ -0.497285248425032, 9.639284525007193 ] } },
{ "type": "Feature", "properties": { "fid": 10003.0, "CropType": "soyb", "Photo1": "DCIM/JPEG_20201217102106843.jpg", "Photo2": "DCIM/JPEG_20201217102127734.jpg", "Photo3": "DCIM/JPEG_20201217102145420.jpg", "Photo4": "DCIM/JPEG_20201217102159363.jpg", "Irrigation": "TRUE", "District": "GUSH", "Region": "NORT", "Zone": "sava", "Date": "2020-12-17", "Technician": "KOAS", "path": "I:\\GSSTI\\rscc\\landcover\\savanna_re\\For report\\Tablet_points.shp" }, "geometry": { "type": "Point", "coordinates": [ -0.49778133, 9.63787016 ] } },
{ "type": "Feature", "properties": { "fid": 10005.0, "CropType": "grou", "Photo1": "DCIM/JPEG_20201217115833392.jpg", "Photo2": "DCIM/JPEG_20201217115845097.jpg", "Photo3": "DCIM/JPEG_20201217115910486.jpg", "Photo4": "DCIM/JPEG_20201217115926264.jpg", "Irrigation": "TRUE", "District": "GUSH", "Region": "NORT", "Zone": "sava", "Date": "2020-12-17", "Technician": "KOAS", "path": "I:\\GSSTI\\rscc\\landcover\\savanna_re\\For report\\Tablet_points.shp" }, "geometry": { "type": "Point", "coordinates": [ -0.418781874077583, 9.629360040320387 ] } },
{ "type": "Feature", "properties": { "fid": 10006.0, "CropType": "grou", "Photo1": "DCIM/JPEG_20201217132149770.jpg", "Photo2": "DCIM/JPEG_20201217132201160.jpg", "Photo3": "DCIM/JPEG_20201217132216783.jpg", "Photo4": "DCIM/JPEG_20201217132232221.jpg", "Irrigation": "TRUE", "District": "GUSH", "Region": "NORT", "Zone": "sava", "Date": "2020-12-17", "Technician": "STAB", "path": "I:\\GSSTI\\rscc\\landcover\\savanna_re\\For report\\Tablet_points.shp" }, "geometry": { "type": "Point", "coordinates": [ -0.44649954, 9.60083913 ] } },
{ "type": "Feature", "properties": { "fid": 10007.0, "CropType": "soyb", "Photo1": "DCIM/JPEG_20201217132600937.jpg", "Photo2": "DCIM/JPEG_20201217132620310.jpg", "Photo3": "DCIM/JPEG_20201217132634226.jpg", "Photo4": "DCIM/JPEG_20201217132701493.jpg", "Irrigation": "TRUE", "District": "GUSH", "Region": "NORT", "Zone": "sava", "Date": "2020-12-17", "Technician": "STAB", "path": "I:\\GSSTI\\rscc\\landcover\\savanna_re\\For report\\Tablet_points.shp" }, "geometry": { "type": "Point", "coordinates": [ -0.44713027, 9.599810049999986 ] } },
{ "type": "Feature", "properties": { "fid": 10008.0, "CropType": "soyb", "Photo1": "DCIM/JPEG_20201217134837558.jpg", "Photo2": "DCIM/JPEG_20201217134912481.jpg", "Photo3": "DCIM/JPEG_20201217134939467.jpg", "Photo4": "DCIM/JPEG_20201217135001788.jpg", "Irrigation": "TRUE", "District": "GUSH", "Region": "NORT", "Zone": "sava", "Date": "2020-12-17", "Technician": "STAB", "path": "I:\\GSSTI\\rscc\\landcover\\savanna_re\\For report\\Tablet_points.shp" }, "geometry": { "type": "Point", "coordinates": [ -0.4481431, 9.59681527 ] } },
{ "type": "Feature", "properties": { "fid": 10010.0, "CropType": "soyb", "Photo1": "DCIM/JPEG_20201217140539439.jpg", "Photo2": "DCIM/JPEG_20201217140552419.jpg", "Photo3": "DCIM/JPEG_20201217140608894.jpg", "Photo4": "DCIM/JPEG_20201217140648677.jpg", "Irrigation": "TRUE", "District": "GUSH", "Region": "NORT", "Zone": "sava", "Date": "2020-12-17", "Technician": "STAB", "path": "I:\\GSSTI\\rscc\\landcover\\savanna_re\\For report\\Tablet_points.shp" }, "geometry": { "type": "Point", "coordinates": [ -0.45343094, 9.591697109999986 ] } },
{ "type": "Feature", "properties": { "fid": 10011.0, "CropType": "soyb", "Photo1": "DCIM/JPEG_20201217141219044.jpg", "Photo2": "DCIM/JPEG_20201217141248683.jpg", "Photo3": "DCIM/JPEG_20201217141300545.jpg", "Photo4": "DCIM/JPEG_20201217141317287.jpg", "Irrigation": "TRUE", "District": "GUSH", "Region": "NORT", "Zone": "sava", "Date": "2020-12-17", "Technician": "STAB", "path": "I:\\GSSTI\\rscc\\landcover\\savanna_re\\For report\\Tablet_points.shp" }, "geometry": { "type": "Point", "coordinates": [ -0.46055519, 9.58297225 ] } },
{ "type": "Feature", "properties": { "fid": 10012.0, "CropType": "soyb", "Photo1": "DCIM/JPEG_20201217143036716.jpg", "Photo2": "DCIM/JPEG_20201217143107384.jpg", "Photo3": "DCIM/JPEG_20201217143117248.jpg", "Photo4": "DCIM/JPEG_20201217143134086.jpg", "Irrigation": "TRUE", "District": "GUSH", "Region": "NORT", "Zone": "sava", "Date": "2020-12-17", "Technician": "STAB", "path": "I:\\GSSTI\\rscc\\landcover\\savanna_re\\For report\\Tablet_points.shp" }, "geometry": { "type": "Point", "coordinates": [ -0.4722413, 9.57123412 ] } },
{ "type": "Feature", "properties": { "fid": 10013.0, "CropType": "soyb", "Photo1": "DCIM/JPEG_20201217143705857.jpg", "Photo2": "DCIM/JPEG_20201217143718450.jpg", "Photo3": "DCIM/JPEG_20201217143732000.jpg", "Photo4": "DCIM/JPEG_20201217143815662.jpg", "Irrigation": "TRUE", "District": "GUSH", "Region": "NORT", "Zone": "sava", "Date": "2020-12-17", "Technician": "STAB", "path": "I:\\GSSTI\\rscc\\landcover\\savanna_re\\For report\\Tablet_points.shp" }, "geometry": { "type": "Point", "coordinates": [ -0.47394431, 9.56794335 ] } },
{ "type": "Feature", "properties": { "fid": 10014.0, "CropType": "soyb", "Photo1": "DCIM/JPEG_20201217144419389.jpg", "Photo2": "DCIM/JPEG_20201217144433453.jpg", "Photo3": "DCIM/JPEG_20201217144456998.jpg", "Photo4": "DCIM/JPEG_20201217144513279.jpg", "Irrigation": "TRUE", "District": "GUSH", "Region": "NORT", "Zone": "sava", "Date": "2020-12-17", "Technician": "STAB", "path": "I:\\GSSTI\\rscc\\landcover\\savanna_re\\For report\\Tablet_points.shp" }, "geometry": { "type": "Point", "coordinates": [ -0.48146803, 9.56197299 ] } },
{ "type": "Feature", "properties": { "fid": 10015.0, "CropType": "soyb", "Photo1": "DCIM/JPEG_20201217145250379.jpg", "Photo2": "DCIM/JPEG_20201217145305062.jpg", "Photo3": "DCIM/JPEG_20201217145317991.jpg", "Photo4": "DCIM/JPEG_20201217145331852.jpg", "Irrigation": "TRUE", "District": "GrAc", "Region": "NORT", "Zone": "sava", "Date": "2020-12-17", "Technician": "STAB", "path": "I:\\GSSTI\\rscc\\landcover\\savanna_re\\For report\\Tablet_points.shp" }, "geometry": { "type": "Point", "coordinates": [ -0.487584763918787, 9.553774350921682 ] } },
{ "type": "Feature", "properties": { "fid": 10016.0, "CropType": "rice", "Photo1": "DCIM/JPEG_20201218095301789.jpg", "Photo2": "DCIM/JPEG_20201218095314787.jpg", "Photo3": "DCIM/JPEG_20201218095333100.jpg", "Photo4": "DCIM/JPEG_20201218095354503.jpg", "Irrigation": "TRUE", "District": "EAGO", "Region": "NORT", "Zone": "sava", "Date": "2020-12-18", "Technician": "KOAS", "path": "I:\\GSSTI\\rscc\\landcover\\savanna_re\\For report\\Tablet_points.shp" }, "geometry": { "type": "Point", "coordinates": [ -0.642504623212529, 9.280706415475489 ] } },
{ "type": "Feature", "properties": { "fid": 10017.0, "CropType": "rice", "Photo1": "DCIM/JPEG_20201218103303836.jpg", "Photo2": "DCIM/JPEG_20201218103337921.jpg", "Photo3": "DCIM/JPEG_20201218103354396.jpg", "Photo4": "DCIM/JPEG_20201218103413099.jpg", "Irrigation": "FALSE", "District": "EAST", "Region": "NORT", "Zone": "sava", "Date": "2020-12-18", "Technician": "KOAS", "path": "I:\\GSSTI\\rscc\\landcover\\savanna_re\\For report\\Tablet_points.shp" }, "geometry": { "type": "Point", "coordinates": [ -0.620501140000011, 9.246406389999981 ] } },
{ "type": "Feature", "properties": { "fid": 10018.0, "CropType": "grou", "Photo1": "DCIM/JPEG_20201218105015811.jpg", "Photo2": "DCIM/JPEG_20201218105036778.jpg", "Photo3": "DCIM/JPEG_20201218105050881.jpg", "Photo4": "DCIM/JPEG_20201218105110160.jpg", "Irrigation": "TRUE", "District": "EAGO", "Region": "NORT", "Zone": "sava", "Date": "2020-12-18", "Technician": "KOAS", "path": "I:\\GSSTI\\rscc\\landcover\\savanna_re\\For report\\Tablet_points.shp" }, "geometry": { "type": "Point", "coordinates": [ -0.61534110000001, 9.27628949 ] } },
{ "type": "Feature", "properties": { "fid": 10019.0, "CropType": "rice", "Photo1": "DCIM/JPEG_20201218115755704.jpg", "Photo2": "DCIM/JPEG_20201218115822565.jpg", "Photo3": "DCIM/JPEG_20201218115839835.jpg", "Photo4": "DCIM/JPEG_20201218115935696.jpg", "Irrigation": "TRUE", "District": "EAGO", "Region": "NORT", "Zone": "sava", "Date": "2020-12-18", "Technician": "KOAS", "path": "I:\\GSSTI\\rscc\\landcover\\savanna_re\\For report\\Tablet_points.shp" }, "geometry": { "type": "Point", "coordinates": [ -0.56357925, 9.295066699999985 ] } },
{ "type": "Feature", "properties": { "fid": 10020.0, "CropType": "Pigeon Pea", "Photo1": "DCIM/JPEG_20201218125355400.jpg", "Photo2": "DCIM/JPEG_20201218125425827.jpg", "Photo3": "DCIM/JPEG_20201218125539091.jpg", "Photo4": "DCIM/JPEG_20201218125650855.jpg", "Irrigation": "TRUE", "District": "YEND", "Region": "NORT", "Zone": "sava", "Date": "2020-12-18", "Technician": "KOAS", "path": "I:\\GSSTI\\rscc\\landcover\\savanna_re\\For report\\Tablet_points.shp" }, "geometry": { "type": "Point", "coordinates": [ -0.503293821834427, 9.368761733880845 ] } },
{ "type": "Feature", "properties": { "fid": 10021.0, "CropType": "soyb", "Photo1": "DCIM/JPEG_20201218131209285.jpg", "Photo2": "DCIM/JPEG_20201218131223568.jpg", "Photo3": "DCIM/JPEG_20201218131541658.jpg", "Photo4": "DCIM/JPEG_20201218131250104.jpg", "Irrigation": "TRUE", "District": "YEND", "Region": "NORT", "Zone": "sava", "Date": "2020-12-18", "Technician": "KOAS", "path": "I:\\GSSTI\\rscc\\landcover\\savanna_re\\For report\\Tablet_points.shp" }, "geometry": { "type": "Point", "coordinates": [ -0.493938928814146, 9.386045264999717 ] } },
{ "type": "Feature", "properties": { "fid": 102.0, "CropType": "maiz", "Photo1": "DCIM/JPEG_20201213171742543.jpg", "Photo2": "DCIM/JPEG_20201213171806728.jpg", "Photo3": "DCIM/JPEG_20201213171840536.jpg", "Photo4": "DCIM/JPEG_20201213171908963.jpg", "Irrigation": "TRUE", "District": "SANA", "Region": "NORT", "Zone": "sava", "Date": "2020-12-13", "Technician": "KOAS", "path": "I:\\GSSTI\\rscc\\landcover\\savanna_re\\For report\\point_Huawei.shp" }, "geometry": { "type": "Point", "coordinates": [ -0.695729814518263, 9.567566738596904 ] } },
{ "type": "Feature", "properties": { "fid": 103.0, "CropType": "maiz", "Photo1": "DCIM/JPEG_20201214085816602.jpg", "Photo2": "DCIM/JPEG_20201214085848092.jpg", "Photo3": "DCIM/JPEG_20201214085946297.jpg", "Photo4": "DCIM/JPEG_20201214090010204.jpg", "Irrigation": "TRUE", "District": "SANA", "Region": "NORT", "Zone": "sava", "Date": "2020-12-14", "Technician": "KOAS", "path": "I:\\GSSTI\\rscc\\landcover\\savanna_re\\For report\\point_Huawei.shp" }, "geometry": { "type": "Point", "coordinates": [ -0.693135116848604, 9.57060874141011 ] } },
{ "type": "Feature", "properties": { "fid": 104.0, "CropType": "Bush", "Photo1": "DCIM/JPEG_20201214095219915.jpg", "Photo2": "DCIM/JPEG_20201214095240435.jpg", "Photo3": "DCIM/JPEG_20201214095302762.jpg", "Photo4": "DCIM/JPEG_20201214095333156.jpg", "Irrigation": "TRUE", "District": "SANA", "Region": "NORT", "Zone": "sava", "Date": "2020-12-14", "Technician": "KOAS", "path": "I:\\GSSTI\\rscc\\landcover\\savanna_re\\For report\\point_Huawei.shp" }, "geometry": { "type": "Point", "coordinates": [ -0.692020171604136, 9.568296044277592 ] } },
{ "type": "Feature", "properties": { "fid": 109.0, "CropType": "Pigeon Pea", "Photo1": "DCIM/JPEG_20201214130204472.jpg", "Photo2": "DCIM/JPEG_20201214130257044.jpg", "Photo3": "DCIM/JPEG_20201214130414666.jpg", "Photo4": "DCIM/JPEG_20201214130437609.jpg", "Irrigation": "TRUE", "District": "SANA", "Region": "NORT", "Zone": "sava", "Date": "2020-12-14", "Technician": "KOAS", "path": "I:\\GSSTI\\rscc\\landcover\\savanna_re\\For report\\point_Huawei.shp" }, "geometry": { "type": "Point", "coordinates": [ -0.639203412370812, 9.59707484976113 ] } },
{ "type": "Feature", "properties": { "fid": 110.0, "CropType": "maiz", "Photo1": "DCIM/JPEG_20201214124355344.jpg", "Photo2": "DCIM/JPEG_20201214124454584.jpg", "Photo3": "DCIM/JPEG_20201214124327581.jpg", "Photo4": "DCIM/JPEG_20201214124232418.jpg", "Irrigation": "TRUE", "District": "SANA", "Region": "NORT", "Zone": "sava", "Date": "2020-12-14", "Technician": "KOAS", "path": "I:\\GSSTI\\rscc\\landcover\\savanna_re\\For report\\point_Huawei.shp" }, "geometry": { "type": "Point", "coordinates": [ -0.647180419574682, 9.591395817201716 ] } },
{ "type": "Feature", "properties": { "fid": 111.0, "CropType": "rice", "Photo1": "DCIM/JPEG_20201214130900106.jpg", "Photo2": "DCIM/JPEG_20201214130941930.jpg", "Photo3": "DCIM/JPEG_20201214131007713.jpg", "Photo4": "DCIM/JPEG_20201214131044496.jpg", "Irrigation": "TRUE", "District": "SANA", "Region": "NORT", "Zone": "sava", "Date": "2020-12-14", "Technician": "KOAS", "path": "I:\\GSSTI\\rscc\\landcover\\savanna_re\\For report\\point_Huawei.shp" }, "geometry": { "type": "Point", "coordinates": [ -0.639033507890492, 9.596508466678486 ] } },
{ "type": "Feature", "properties": { "fid": 112.0, "CropType": "maiz", "Photo1": "DCIM/JPEG_20201214131342270.jpg", "Photo2": "DCIM/JPEG_20201214131414548.jpg", "Photo3": "DCIM/JPEG_20201214131505400.jpg", "Photo4": "DCIM/JPEG_20201214131602264.jpg", "Irrigation": "TRUE", "District": "SANA", "Region": "NORT", "Zone": "sava", "Date": "2020-12-14", "Technician": "STAB", "path": "I:\\GSSTI\\rscc\\landcover\\savanna_re\\For report\\point_Huawei.shp" }, "geometry": { "type": "Point", "coordinates": [ -0.639471353634634, 9.596393127040667 ] } },
{ "type": "Feature", "properties": { "fid": 113.0, "CropType": "rice", "Photo1": "DCIM/JPEG_20201214135826911.jpg", "Photo2": "DCIM/JPEG_20201214135845635.jpg", "Photo3": "DCIM/JPEG_20201214135911536.jpg", "Photo4": "DCIM/JPEG_20201214135930222.jpg", "Irrigation": "TRUE", "District": "SANA", "Region": "NORT", "Zone": "sava", "Date": "2020-12-14", "Technician": "KOAS", "path": "I:\\GSSTI\\rscc\\landcover\\savanna_re\\For report\\point_Huawei.shp" }, "geometry": { "type": "Point", "coordinates": [ -0.601063655094642, 9.610783162684957 ] } },
{ "type": "Feature", "properties": { "fid": 115.0, "CropType": "grou", "Photo1": "DCIM/JPEG_20201214151417851.jpg", "Photo2": "DCIM/JPEG_20201214151439394.jpg", "Photo3": "DCIM/JPEG_20201214151456775.jpg", "Photo4": "DCIM/JPEG_20201214151516811.jpg", "Irrigation": "TRUE", "District": "GUSH", "Region": "NORT", "Zone": "sava", "Date": "2020-12-14", "Technician": "KOAS", "path": "I:\\GSSTI\\rscc\\landcover\\savanna_re\\For report\\point_Huawei.shp" }, "geometry": { "type": "Point", "coordinates": [ -0.550941495492428, 9.630316381089839 ] } },
{ "type": "Feature", "properties": { "fid": 116.0, "CropType": "maiz", "Photo1": "DCIM/JPEG_20201214152808221.jpg", "Photo2": "DCIM/JPEG_20201214152950073.jpg", "Photo3": "DCIM/JPEG_20201214153017436.jpg", "Photo4": "DCIM/JPEG_20201214153045748.jpg", "Irrigation": "TRUE", "District": "GUSH", "Region": "NORT", "Zone": "sava", "Date": "2020-12-14", "Technician": "KOAS", "path": "I:\\GSSTI\\rscc\\landcover\\savanna_re\\For report\\point_Huawei.shp" }, "geometry": { "type": "Point", "coordinates": [ -0.535852300237672, 9.636912643082892 ] } },
{ "type": "Feature", "properties": { "fid": 117.0, "CropType": "maiz", "Photo1": "DCIM/JPEG_20201215093115960.jpg", "Photo2": "DCIM/JPEG_20201215093144976.jpg", "Photo3": "DCIM/JPEG_20201215093220026.jpg", "Photo4": "DCIM/JPEG_20201215093255992.jpg", "Irrigation": "TRUE", "District": "TAMA", "Region": "NORT", "Zone": "sava", "Date": "2020-12-15", "Technician": "KOAS", "path": "I:\\GSSTI\\rscc\\landcover\\savanna_re\\For report\\point_Huawei.shp" }, "geometry": { "type": "Point", "coordinates": [ -0.722893678282287, 9.450958482336532 ] } },
{ "type": "Feature", "properties": { "fid": 118.0, "CropType": "rice", "Photo1": "DCIM/JPEG_20201215094400585.jpg", "Photo2": "DCIM/JPEG_20201215093144976.jpg", "Photo3": "DCIM/JPEG_20201215094429633.jpg", "Photo4": "DCIM/JPEG_20201215094457228.jpg", "Irrigation": "TRUE", "District": "TAMA", "Region": "NORT", "Zone": "sava", "Date": "2020-12-15", "Technician": "KOAS", "path": "I:\\GSSTI\\rscc\\landcover\\savanna_re\\For report\\point_Huawei.shp" }, "geometry": { "type": "Point", "coordinates": [ -0.719789843834984, 9.450268574459434 ] } },
{ "type": "Feature", "properties": { "fid": 119.0, "CropType": "sorg", "Photo1": "DCIM/JPEG_20201215103811086.jpg", "Photo2": "DCIM/JPEG_20201215103836976.jpg", "Photo3": "DCIM/JPEG_20201215103907212.jpg", "Photo4": "DCIM/JPEG_20201215103930324.jpg", "Irrigation": "TRUE", "District": "TAMA", "Region": "NORT", "Zone": "sava", "Date": "2020-12-15", "Technician": "KOAS", "path": "I:\\GSSTI\\rscc\\landcover\\savanna_re\\For report\\point_Huawei.shp" }, "geometry": { "type": "Point", "coordinates": [ -0.723606548147699, 9.45242164069043 ] } },
{ "type": "Feature", "properties": { "fid": 120.0, "CropType": "rice", "Photo1": "DCIM/JPEG_20201215105043185.jpg", "Photo2": "DCIM/JPEG_20201215105058371.jpg", "Photo3": "DCIM/JPEG_20201215105205473.jpg", "Photo4": "DCIM/JPEG_20201215103930324.jpg", "Irrigation": "TRUE", "District": "TAMA", "Region": "NORT", "Zone": "sava", "Date": "2020-12-15", "Technician": "STAB", "path": "I:\\GSSTI\\rscc\\landcover\\savanna_re\\For report\\point_Huawei.shp" }, "geometry": { "type": "Point", "coordinates": [ -0.720949114844275, 9.454806605477151 ] } },
{ "type": "Feature", "properties": { "fid": 121.0, "CropType": "rice", "Photo1": "DCIM/JPEG_20201215110125842.jpg", "Photo2": "DCIM/JPEG_20201215110152923.jpg", "Photo3": "DCIM/JPEG_20201215110230871.jpg", "Photo4": "DCIM/JPEG_20201215110253658.jpg", "Irrigation": "TRUE", "District": "TAMA", "Region": "NORT", "Zone": "sava", "Date": "2020-12-15", "Technician": "KOAS", "path": "I:\\GSSTI\\rscc\\landcover\\savanna_re\\For report\\point_Huawei.shp" }, "geometry": { "type": "Point", "coordinates": [ -0.720388815344595, 9.456277542242814 ] } },
{ "type": "Feature", "properties": { "fid": 122.0, "CropType": "rice", "Photo1": "DCIM/JPEG_20201215110808939.jpg", "Photo2": "DCIM/JPEG_20201215110831566.jpg", "Photo3": "DCIM/JPEG_20201215110855471.jpg", "Photo4": "DCIM/JPEG_20201215110919525.jpg", "Irrigation": "TRUE", "District": "TAMA", "Region": "NORT", "Zone": "sava", "Date": "2020-12-15", "Technician": "KOAS", "path": "I:\\GSSTI\\rscc\\landcover\\savanna_re\\For report\\point_Huawei.shp" }, "geometry": { "type": "Point", "coordinates": [ -0.716953507540747, 9.457137225716727 ] } },
{ "type": "Feature", "properties": { "fid": 123.0, "CropType": "grou", "Photo1": "DCIM/JPEG_20201215112705306.jpg", "Photo2": "DCIM/JPEG_20201215112730875.jpg", "Photo3": "DCIM/JPEG_20201215112824193.jpg", "Photo4": "DCIM/JPEG_20201215112846983.jpg", "Irrigation": "TRUE", "District": "SANA", "Region": "NORT", "Zone": "sava", "Date": "2020-12-15", "Technician": "KOAS", "path": "I:\\GSSTI\\rscc\\landcover\\savanna_re\\For report\\point_Huawei.shp" }, "geometry": { "type": "Point", "coordinates": [ -0.709361948533743, 9.465100787253169 ] } },
{ "type": "Feature", "properties": { "fid": 124.0, "CropType": "sorg", "Photo1": "DCIM/JPEG_20201215113629468.jpg", "Photo2": "DCIM/JPEG_20201215113652453.jpg", "Photo3": "DCIM/JPEG_20201215113713061.jpg", "Photo4": "DCIM/JPEG_20201215113733920.jpg", "Irrigation": "TRUE", "District": "SANA", "Region": "NORT", "Zone": "sava", "Date": "2020-12-15", "Technician": "KOAS", "path": "I:\\GSSTI\\rscc\\landcover\\savanna_re\\For report\\point_Huawei.shp" }, "geometry": { "type": "Point", "coordinates": [ -0.706193586419748, 9.467370803672752 ] } },
{ "type": "Feature", "properties": { "fid": 125.0, "CropType": "maiz", "Photo1": "DCIM/JPEG_20201215114818415.jpg", "Photo2": "DCIM/JPEG_20201215114840222.jpg", "Photo3": "DCIM/JPEG_20201215114859993.jpg", "Photo4": "DCIM/JPEG_20201215115014498.jpg", "Irrigation": "TRUE", "District": "SANA", "Region": "NORT", "Zone": "sava", "Date": "2020-12-15", "Technician": "KOAS", "path": "I:\\GSSTI\\rscc\\landcover\\savanna_re\\For report\\point_Huawei.shp" }, "geometry": { "type": "Point", "coordinates": [ -0.6887715772702, 9.476533586731275 ] } },
{ "type": "Feature", "properties": { "fid": 126.0, "CropType": "cowp", "Photo1": "DCIM/JPEG_20201215122138630.jpg", "Photo2": "DCIM/JPEG_20201215122200086.jpg", "Photo3": "DCIM/JPEG_20201215122216545.jpg", "Photo4": "DCIM/JPEG_20201215122234498.jpg", "Irrigation": "TRUE", "District": "SANA", "Region": "NORT", "Zone": "sava", "Date": "2020-12-15", "Technician": "KOAS", "path": "I:\\GSSTI\\rscc\\landcover\\savanna_re\\For report\\point_Huawei.shp" }, "geometry": { "type": "Point", "coordinates": [ -0.691191717909291, 9.476589846451418 ] } },
{ "type": "Feature", "properties": { "fid": 127.0, "CropType": "maiz", "Photo1": "DCIM/JPEG_20201215124922268.jpg", "Photo2": "DCIM/JPEG_20201215124947292.jpg", "Photo3": "DCIM/JPEG_20201215125051752.jpg", "Photo4": "DCIM/JPEG_20201215125122810.jpg", "Irrigation": "TRUE", "District": "SANA", "Region": "NORT", "Zone": "sava", "Date": "2020-12-15", "Technician": "KOAS", "path": "I:\\GSSTI\\rscc\\landcover\\savanna_re\\For report\\point_Huawei.shp" }, "geometry": { "type": "Point", "coordinates": [ -0.68923870134182, 9.479183353171308 ] } },
{ "type": "Feature", "properties": { "fid": 128.0, "CropType": "maiz", "Photo1": "DCIM/JPEG_20201215132221933.jpg", "Photo2": "DCIM/JPEG_20201215132244380.jpg", "Photo3": "DCIM/JPEG_20201215132310125.jpg", "Photo4": "DCIM/JPEG_20201215132336007.jpg", "Irrigation": "TRUE", "District": "SANA", "Region": "NORT", "Zone": "sava", "Date": "2020-12-15", "Technician": "KOAS", "path": "I:\\GSSTI\\rscc\\landcover\\savanna_re\\For report\\point_Huawei.shp" }, "geometry": { "type": "Point", "coordinates": [ -0.693794080223179, 9.485306830797088 ] } },
{ "type": "Feature", "properties": { "fid": 129.0, "CropType": "maiz", "Photo1": "DCIM/JPEG_20201215133432292.jpg", "Photo2": "DCIM/JPEG_20201215133451728.jpg", "Photo3": "DCIM/JPEG_20201215133509675.jpg", "Photo4": "DCIM/JPEG_20201215133532568.jpg", "Irrigation": "TRUE", "District": "SANA", "Region": "NORT", "Zone": "sava", "Date": "2020-12-15", "Technician": "KOAS", "path": "I:\\GSSTI\\rscc\\landcover\\savanna_re\\For report\\point_Huawei.shp" }, "geometry": { "type": "Point", "coordinates": [ -0.694897608811123, 9.488924873290079 ] } },
{ "type": "Feature", "properties": { "fid": 131.0, "CropType": "maiz", "Photo1": "DCIM/JPEG_20201215143254424.jpg", "Photo2": "DCIM/JPEG_20201215143339652.jpg", "Photo3": "DCIM/JPEG_20201215143454801.jpg", "Photo4": "DCIM/JPEG_20201215143519589.jpg", "Irrigation": "TRUE", "District": "SANA", "Region": "NORT", "Zone": "sava", "Date": "2020-12-15", "Technician": "KOAS", "path": "I:\\GSSTI\\rscc\\landcover\\savanna_re\\For report\\point_Huawei.shp" }, "geometry": { "type": "Point", "coordinates": [ -0.695605907329666, 9.494131269958363 ] } },
{ "type": "Feature", "properties": { "fid": 132.0, "CropType": "rice", "Photo1": "DCIM/JPEG_20201215145326606.jpg", "Photo2": "DCIM/JPEG_20201215145345764.jpg", "Photo3": "DCIM/JPEG_20201215145404223.jpg", "Photo4": "DCIM/JPEG_20201215145453441.jpg", "Irrigation": "TRUE", "District": "SANA", "Region": "NORT", "Zone": "sava", "Date": "2020-12-15", "Technician": "KOAS", "path": "I:\\GSSTI\\rscc\\landcover\\savanna_re\\For report\\point_Huawei.shp" }, "geometry": { "type": "Point", "coordinates": [ -0.698068957933226, 9.495869998057342 ] } },
{ "type": "Feature", "properties": { "fid": 133.0, "CropType": "maiz", "Photo1": "DCIM/JPEG_20201215150343684.jpg", "Photo2": "DCIM/JPEG_20201215150403807.jpg", "Photo3": "DCIM/JPEG_20201215150430439.jpg", "Photo4": "DCIM/JPEG_20201215150451271.jpg", "Irrigation": "TRUE", "District": "SANA", "Region": "NORT", "Zone": "sava", "Date": "2020-12-15", "Technician": "KOAS", "path": "I:\\GSSTI\\rscc\\landcover\\savanna_re\\For report\\point_Huawei.shp" }, "geometry": { "type": "Point", "coordinates": [ -0.699391515860771, 9.497822736880547 ] } },
{ "type": "Feature", "properties": { "fid": 136.0, "CropType": "maiz", "Photo1": "DCIM/JPEG_20201215155501977.jpg", "Photo2": "DCIM/JPEG_20201215155522762.jpg", "Photo3": "DCIM/JPEG_20201215155540419.jpg", "Photo4": "DCIM/JPEG_20201215155606295.jpg", "Irrigation": "TRUE", "District": "SANA", "Region": "NORT", "Zone": "sava", "Date": "2020-12-15", "Technician": "KOAS", "path": "I:\\GSSTI\\rscc\\landcover\\savanna_re\\For report\\point_Huawei.shp" }, "geometry": { "type": "Point", "coordinates": [ -0.70334064512082, 9.507591079849858 ] } },
{ "type": "Feature", "properties": { "fid": 137.0, "CropType": "grou", "Photo1": "DCIM/JPEG_20201215161604712.jpg", "Photo2": "DCIM/JPEG_20201215161634139.jpg", "Photo3": "DCIM/JPEG_20201215161652350.jpg", "Photo4": "DCIM/JPEG_20201215161711645.jpg", "Irrigation": "TRUE", "District": "SANA", "Region": "NORT", "Zone": "sava", "Date": "2020-12-15", "Technician": "KOAS", "path": "I:\\GSSTI\\rscc\\landcover\\savanna_re\\For report\\point_Huawei.shp" }, "geometry": { "type": "Point", "coordinates": [ -0.702799417219037, 9.515504710719817 ] } },
{ "type": "Feature", "properties": { "fid": 139.0, "CropType": "cowp", "Photo1": "DCIM/JPEG_20201216081820745.jpg", "Photo2": "DCIM/JPEG_20201216081845940.jpg", "Photo3": "DCIM/JPEG_20201216081934215.jpg", "Photo4": "DCIM/JPEG_20201216082033893.jpg", "Irrigation": "TRUE", "District": "SANA", "Region": "NORT", "Zone": "sava", "Date": "2020-12-16", "Technician": "KOAS", "path": "I:\\GSSTI\\rscc\\landcover\\savanna_re\\For report\\point_Huawei.shp" }, "geometry": { "type": "Point", "coordinates": [ -0.690069252333021, 9.571470151627487 ] } },
{ "type": "Feature", "properties": { "fid": 140.0, "CropType": "sorg", "Photo1": "DCIM/JPEG_20201216083117667.jpg", "Photo2": "DCIM/JPEG_20201216083142633.jpg", "Photo3": "DCIM/JPEG_20201216083159731.jpg", "Photo4": "DCIM/JPEG_20201216083230440.jpg", "Irrigation": "TRUE", "District": "SANA", "Region": "NORT", "Zone": "sava", "Date": "2020-12-16", "Technician": "KOAS", "path": "I:\\GSSTI\\rscc\\landcover\\savanna_re\\For report\\point_Huawei.shp" }, "geometry": { "type": "Point", "coordinates": [ -0.67177504217963, 9.575807311505789 ] } },
{ "type": "Feature", "properties": { "fid": 142.0, "CropType": "maiz", "Photo1": "DCIM/JPEG_20201216085814914.jpg", "Photo2": "DCIM/JPEG_20201216085836852.jpg", "Photo3": "DCIM/JPEG_20201216090226154.jpg", "Photo4": "DCIM/JPEG_20201216090013635.jpg", "Irrigation": "TRUE", "District": "SANA", "Region": "NORT", "Zone": "sava", "Date": "2020-12-16", "Technician": "KOAS", "path": "I:\\GSSTI\\rscc\\landcover\\savanna_re\\For report\\point_Huawei.shp" }, "geometry": { "type": "Point", "coordinates": [ -0.669654315043523, 9.575481995211421 ] } },
{ "type": "Feature", "properties": { "fid": 143.0, "CropType": "grou", "Photo1": "DCIM/JPEG_20201216092836673.jpg", "Photo2": "DCIM/JPEG_20201216092911526.jpg", "Photo3": "DCIM/JPEG_20201216092933812.jpg", "Photo4": "DCIM/JPEG_20201216092949203.jpg", "Irrigation": "TRUE", "District": "SANA", "Region": "NORT", "Zone": "sava", "Date": "2020-12-16", "Technician": "KOAS", "path": "I:\\GSSTI\\rscc\\landcover\\savanna_re\\For report\\point_Huawei.shp" }, "geometry": { "type": "Point", "coordinates": [ -0.660434153977543, 9.567747090553585 ] } },
{ "type": "Feature", "properties": { "fid": 144.0, "CropType": "Bush", "Photo1": "DCIM/JPEG_20201216093759221.jpg", "Photo2": "DCIM/JPEG_20201216093816579.jpg", "Photo3": "DCIM/JPEG_20201216093837764.jpg", "Photo4": "DCIM/JPEG_20201216093922029.jpg", "Irrigation": "TRUE", "District": "SANA", "Region": "NORT", "Zone": "sava", "Date": "2020-12-16", "Technician": "KOAS", "path": "I:\\GSSTI\\rscc\\landcover\\savanna_re\\For report\\point_Huawei.shp" }, "geometry": { "type": "Point", "coordinates": [ -0.654442630388932, 9.565567343382892 ] } },
{ "type": "Feature", "properties": { "fid": 145.0, "CropType": "grou", "Photo1": "DCIM/JPEG_20201216094323743.jpg", "Photo2": "DCIM/JPEG_20201216094348181.jpg", "Photo3": "DCIM/JPEG_20201216094411500.jpg", "Photo4": "DCIM/JPEG_20201216094437134.jpg", "Irrigation": "TRUE", "District": "SANA", "Region": "NORT", "Zone": "sava", "Date": "2020-12-16", "Technician": "KOAS", "path": "I:\\GSSTI\\rscc\\landcover\\savanna_re\\For report\\point_Huawei.shp" }, "geometry": { "type": "Point", "coordinates": [ -0.654716979882672, 9.566167855163879 ] } },
{ "type": "Feature", "properties": { "fid": 146.0, "CropType": "maiz", "Photo1": "DCIM/JPEG_20201216100453187.jpg", "Photo2": "DCIM/JPEG_20201216100526931.jpg", "Photo3": "DCIM/JPEG_20201216100601018.jpg", "Photo4": "DCIM/JPEG_20201216100628499.jpg", "Irrigation": "TRUE", "District": "SANA", "Region": "NORT", "Zone": "sava", "Date": "2020-12-16", "Technician": "KOAS", "path": "I:\\GSSTI\\rscc\\landcover\\savanna_re\\For report\\point_Huawei.shp" }, "geometry": { "type": "Point", "coordinates": [ -0.65346419804929, 9.563555859088368 ] } },
{ "type": "Feature", "properties": { "fid": 208.0, "CropType": "rice", "Photo1": "DCIM/JPEG_20201214114812887.jpg", "Photo2": "DCIM/JPEG_20201214114902180.jpg", "Photo3": "DCIM/JPEG_20201214114741760.jpg", "Photo4": "DCIM/JPEG_20201214114943840.jpg", "Irrigation": "TRUE", "District": "SANA", "Region": "NORT", "Zone": "sava", "Date": "2020-12-14", "Technician": "KOAS", "path": "I:\\GSSTI\\rscc\\landcover\\savanna_re\\For report\\point_Huawei.shp" }, "geometry": { "type": "Point", "coordinates": [ -0.67136302426985, 9.583693425711378 ] } },
{ "type": "Feature", "properties": { "fid": 209.0, "CropType": "soyb", "Photo1": "DCIM/JPEG_20201214145128182.jpg", "Photo2": "DCIM/JPEG_20201214145157871.jpg", "Photo3": "DCIM/JPEG_20201214145224011.jpg", "Photo4": "DCIM/JPEG_20201214145245283.jpg", "Irrigation": "TRUE", "District": "GUSH", "Region": "NORT", "Zone": "sava", "Date": "2020-12-14", "Technician": "KOAS", "path": "I:\\GSSTI\\rscc\\landcover\\savanna_re\\For report\\point_Huawei.shp" }, "geometry": { "type": "Point", "coordinates": [ -0.556214247144068, 9.62684732305231 ] } },
{ "type": "Feature", "properties": { "fid": 210.0, "CropType": "maiz", "Photo1": "DCIM/JPEG_20201215130053541.jpg", "Photo2": "DCIM/JPEG_20201215130151731.jpg", "Photo3": "DCIM/JPEG_20201215122216545.jpg", "Photo4": "DCIM/JPEG_20201215130210981.jpg", "Irrigation": "TRUE", "District": "SANA", "Region": "NORT", "Zone": "sava", "Date": "2020-12-15", "Technician": "KOAS", "path": "I:\\GSSTI\\rscc\\landcover\\savanna_re\\For report\\point_Huawei.shp" }, "geometry": { "type": "Point", "coordinates": [ -0.690689877776463, 9.482753458969183 ] } },
{ "type": "Feature", "properties": { "fid": 1053.0, "CropType": "soyb", "Photo1": "DCIM/JPEG_20201216112549502.jpg", "Photo2": "DCIM/JPEG_20201216112616360.jpg", "Photo3": "DCIM/JPEG_20201216112638712.jpg", "Photo4": "DCIM/JPEG_20201216112703263.jpg", "Irrigation": "TRUE", "District": "SANA", "Region": "NORT", "Zone": "sava", "Date": "2020-12-16", "Technician": "KOAS", "path": "I:\\GSSTI\\rscc\\landcover\\savanna_re\\For report\\point_Huawei.shp" }, "geometry": { "type": "Point", "coordinates": [ -0.638950344778877, 9.552029602386559 ] } },
{ "type": "Feature", "properties": { "fid": 1054.0, "CropType": "sorg", "Photo1": "DCIM/JPEG_20201216113322087.jpg", "Photo2": "DCIM/JPEG_20201216113341604.jpg", "Photo3": "DCIM/JPEG_20201216113405128.jpg", "Photo4": "DCIM/JPEG_20201216113427223.jpg", "Irrigation": "TRUE", "District": "SANA", "Region": "NORT", "Zone": "sava", "Date": "2020-12-16", "Technician": "KOAS", "path": "I:\\GSSTI\\rscc\\landcover\\savanna_re\\For report\\point_Huawei.shp" }, "geometry": { "type": "Point", "coordinates": [ -0.638830483067521, 9.550511718242795 ] } },
{ "type": "Feature", "properties": { "fid": 1055.0, "CropType": "maiz", "Photo1": "DCIM/JPEG_20201216114837211.jpg", "Photo2": "DCIM/JPEG_20201216114854369.jpg", "Photo3": "DCIM/JPEG_20201216114913026.jpg", "Photo4": "DCIM/JPEG_20201216114935906.jpg", "Irrigation": "TRUE", "District": "SANA", "Region": "NORT", "Zone": "sava", "Date": "2020-12-16", "Technician": "KOAS", "path": "I:\\GSSTI\\rscc\\landcover\\savanna_re\\For report\\point_Huawei.shp" }, "geometry": { "type": "Point", "coordinates": [ -0.638466559463005, 9.553616405663849 ] } },
{ "type": "Feature", "properties": { "fid": 1056.0, "CropType": "maiz", "Photo1": "DCIM/JPEG_20201216120101340.jpg", "Photo2": "DCIM/JPEG_20201216120120478.jpg", "Photo3": "DCIM/JPEG_20201216120143644.jpg", "Photo4": "DCIM/JPEG_20201216120210664.jpg", "Irrigation": "FALSE", "District": "SANA", "Region": "NORT", "Zone": "sava", "Date": "2020-12-16", "Technician": "KOAS", "path": "I:\\GSSTI\\rscc\\landcover\\savanna_re\\For report\\point_Huawei.shp" }, "geometry": { "type": "Point", "coordinates": [ -0.636620309559219, 9.556029162444771 ] } },
{ "type": "Feature", "properties": { "fid": 1057.0, "CropType": "rice", "Photo1": "DCIM/JPEG_20201216120837345.jpg", "Photo2": "DCIM/JPEG_20201216120905621.jpg", "Photo3": "DCIM/JPEG_20201216121006003.jpg", "Photo4": "DCIM/JPEG_20201216121031525.jpg", "Irrigation": "TRUE", "District": "SANA", "Region": "NORT", "Zone": "sava", "Date": "2020-12-16", "Technician": "KOAS", "path": "I:\\GSSTI\\rscc\\landcover\\savanna_re\\For report\\point_Huawei.shp" }, "geometry": { "type": "Point", "coordinates": [ -0.637391653779376, 9.556485968003596 ] } },
{ "type": "Feature", "properties": { "fid": 1058.0, "CropType": "maiz", "Photo1": "DCIM/JPEG_20201216122030913.jpg", "Photo2": "DCIM/JPEG_20201216122045172.jpg", "Photo3": "DCIM/JPEG_20201216122100015.jpg", "Photo4": "DCIM/JPEG_20201216122122574.jpg", "Irrigation": "TRUE", "District": "SANA", "Region": "NORT", "Zone": "sava", "Date": "2020-12-16", "Technician": "KOAS", "path": "I:\\GSSTI\\rscc\\landcover\\savanna_re\\For report\\point_Huawei.shp" }, "geometry": { "type": "Point", "coordinates": [ -0.630605926662506, 9.550300421594438 ] } },
{ "type": "Feature", "properties": { "fid": 1059.0, "CropType": "rice", "Photo1": "DCIM/JPEG_20201216122909131.jpg", "Photo2": "DCIM/JPEG_20201216122925848.jpg", "Photo3": "DCIM/JPEG_20201216122942881.jpg", "Photo4": "DCIM/JPEG_20201216123014320.jpg", "Irrigation": "TRUE", "District": "SANA", "Region": "NORT", "Zone": "sava", "Date": "2020-12-16", "Technician": "KOAS", "path": "I:\\GSSTI\\rscc\\landcover\\savanna_re\\For report\\point_Huawei.shp" }, "geometry": { "type": "Point", "coordinates": [ -0.626737757468623, 9.550108488006497 ] } },
{ "type": "Feature", "properties": { "fid": 1060.0, "CropType": "soyb", "Photo1": "DCIM/JPEG_20201216123627283.jpg", "Photo2": "DCIM/JPEG_20201216123707512.jpg", "Photo3": "DCIM/JPEG_20201216122942881.jpg", "Photo4": "DCIM/JPEG_20201216123736666.jpg", "Irrigation": "FALSE", "District": "SANA", "Region": "NORT", "Zone": "sava", "Date": "2020-12-16", "Technician": "KOAS", "path": "I:\\GSSTI\\rscc\\landcover\\savanna_re\\For report\\point_Huawei.shp" }, "geometry": { "type": "Point", "coordinates": [ -0.625094375929199, 9.547686422482457 ] } },
{ "type": "Feature", "properties": { "fid": 1061.0, "CropType": "grou", "Photo1": "DCIM/JPEG_20201216124453143.jpg", "Photo2": "DCIM/JPEG_20201216124511153.jpg", "Photo3": "DCIM/JPEG_20201216124529204.jpg", "Photo4": "DCIM/JPEG_20201216124547761.jpg", "Irrigation": "TRUE", "District": "SANA", "Region": "NORT", "Zone": "sava", "Date": "2020-12-16", "Technician": "KOAS", "path": "I:\\GSSTI\\rscc\\landcover\\savanna_re\\For report\\point_Huawei.shp" }, "geometry": { "type": "Point", "coordinates": [ -0.618361396105231, 9.543871995296211 ] } },
{ "type": "Feature", "properties": { "fid": 1062.0, "CropType": "rice", "Photo1": "DCIM/JPEG_20201216131202425.jpg", "Photo2": "DCIM/JPEG_20201216131230365.jpg", "Photo3": "DCIM/JPEG_20201216131311981.jpg", "Photo4": "DCIM/JPEG_20201216131347366.jpg", "Irrigation": "TRUE", "District": "SANA", "Region": "NORT", "Zone": "sava", "Date": "2020-12-16", "Technician": "KOAS", "path": "I:\\GSSTI\\rscc\\landcover\\savanna_re\\For report\\point_Huawei.shp" }, "geometry": { "type": "Point", "coordinates": [ -0.603315521674927, 9.526926087626878 ] } },
{ "type": "Feature", "properties": { "fid": 1063.0, "CropType": "Pigeon Pea", "Photo1": "DCIM/JPEG_20201216132103239.jpg", "Photo2": "DCIM/JPEG_20201216132431291.jpg", "Photo3": "DCIM/JPEG_20201216132237612.jpg", "Photo4": "DCIM/JPEG_20201216132332903.jpg", "Irrigation": "TRUE", "District": "SANA", "Region": "NORT", "Zone": "sava", "Date": "2020-12-16", "Technician": "KOAS", "path": "I:\\GSSTI\\rscc\\landcover\\savanna_re\\For report\\point_Huawei.shp" }, "geometry": { "type": "Point", "coordinates": [ -0.602515134187891, 9.525701437925933 ] } },
{ "type": "Feature", "properties": { "fid": 1064.0, "CropType": "grou", "Photo1": "DCIM/JPEG_20201216133507098.jpg", "Photo2": "DCIM/JPEG_20201216133532336.jpg", "Photo3": "DCIM/JPEG_20201216133551160.jpg", "Photo4": "DCIM/JPEG_20201216133615066.jpg", "Irrigation": "TRUE", "District": "SANA", "Region": "NORT", "Zone": "sava", "Date": "2020-12-16", "Technician": "KOAS", "path": "I:\\GSSTI\\rscc\\landcover\\savanna_re\\For report\\point_Huawei.shp" }, "geometry": { "type": "Point", "coordinates": [ -0.599462238707624, 9.514950217067742 ] } },
{ "type": "Feature", "properties": { "fid": 1069.0, "CropType": "maiz", "Photo1": "DCIM/JPEG_20201216140518919.jpg", "Photo2": "DCIM/JPEG_20201216140615372.jpg", "Photo3": "DCIM/JPEG_20201216140628958.jpg", "Photo4": "DCIM/JPEG_20201216140652844.jpg", "Irrigation": "TRUE", "District": "SANA", "Region": "NORT", "Zone": "sava", "Date": "2020-12-16", "Technician": "KOAS", "path": "I:\\GSSTI\\rscc\\landcover\\savanna_re\\For report\\point_Huawei.shp" }, "geometry": { "type": "Point", "coordinates": [ -0.59899405694486, 9.508422914824408 ] } },
{ "type": "Feature", "properties": { "fid": 1070.0, "CropType": "soyb", "Photo1": "DCIM/JPEG_20201216141039127.jpg", "Photo2": "DCIM/JPEG_20201216141100591.jpg", "Photo3": "DCIM/JPEG_20201216141122950.jpg", "Photo4": "DCIM/JPEG_20201216141143139.jpg", "Irrigation": "TRUE", "District": "SANA", "Region": "NORT", "Zone": "sava", "Date": "2020-12-16", "Technician": "KOAS", "path": "I:\\GSSTI\\rscc\\landcover\\savanna_re\\For report\\point_Huawei.shp" }, "geometry": { "type": "Point", "coordinates": [ -0.59813825008165, 9.508275640768151 ] } },
{ "type": "Feature", "properties": { "fid": 1071.0, "CropType": "Pigeon Pea", "Photo1": "DCIM/JPEG_20201216141918672.jpg", "Photo2": "DCIM/JPEG_20201216141943816.jpg", "Photo3": "DCIM/JPEG_20201216142239595.jpg", "Photo4": "DCIM/JPEG_20201216142041467.jpg", "Irrigation": "TRUE", "District": "SANA", "Region": "NORT", "Zone": "sava", "Date": "2020-12-16", "Technician": "KOAS", "path": "I:\\GSSTI\\rscc\\landcover\\savanna_re\\For report\\point_Huawei.shp" }, "geometry": { "type": "Point", "coordinates": [ -0.594774046875484, 9.501032218760667 ] } },
{ "type": "Feature", "properties": { "fid": 1072.0, "CropType": "soyb", "Photo1": "DCIM/JPEG_20201216143145520.jpg", "Photo2": "DCIM/JPEG_20201216143211863.jpg", "Photo3": "DCIM/JPEG_20201216143232065.jpg", "Photo4": "DCIM/JPEG_20201216143319431.jpg", "Irrigation": "TRUE", "District": "SANA", "Region": "NORT", "Zone": "sava", "Date": "2020-12-16", "Technician": "KOAS", "path": "I:\\GSSTI\\rscc\\landcover\\savanna_re\\For report\\point_Huawei.shp" }, "geometry": { "type": "Point", "coordinates": [ -0.590202541431089, 9.498498457668113 ] } },
{ "type": "Feature", "properties": { "fid": 1073.0, "CropType": "rice", "Photo1": "DCIM/JPEG_20201216143716673.jpg", "Photo2": "DCIM/JPEG_20201216143751832.jpg", "Photo3": "DCIM/JPEG_20201216143232065.jpg", "Photo4": "DCIM/JPEG_20201216143823137.jpg", "Irrigation": "TRUE", "District": "SANA", "Region": "NORT", "Zone": "sava", "Date": "2020-12-16", "Technician": "KOAS", "path": "I:\\GSSTI\\rscc\\landcover\\savanna_re\\For report\\point_Huawei.shp" }, "geometry": { "type": "Point", "coordinates": [ -0.589614381813518, 9.497779541632474 ] } },
{ "type": "Feature", "properties": { "fid": 1074.0, "CropType": "rice", "Photo1": "DCIM/JPEG_20201216144623968.jpg", "Photo2": "DCIM/JPEG_20201216144643008.jpg", "Photo3": "DCIM/JPEG_20201216144701011.jpg", "Photo4": "DCIM/JPEG_20201216144728886.jpg", "Irrigation": "TRUE", "District": "YEND", "Region": "NORT", "Zone": "sava", "Date": "2020-12-16", "Technician": "STAB", "path": "I:\\GSSTI\\rscc\\landcover\\savanna_re\\For report\\point_Huawei.shp" }, "geometry": { "type": "Point", "coordinates": [ -0.58659016283345, 9.496820698784278 ] } },
{ "type": "Feature", "properties": { "fid": 1075.0, "CropType": "maiz", "Photo1": "DCIM/JPEG_20201216150458136.jpg", "Photo2": "DCIM/JPEG_20201216150515679.jpg", "Photo3": "DCIM/JPEG_20201216150607879.jpg", "Photo4": "DCIM/JPEG_20201216150634962.jpg", "Irrigation": "TRUE", "District": "YEND", "Region": "NORT", "Zone": "sava", "Date": "2020-12-16", "Technician": "KOAS", "path": "I:\\GSSTI\\rscc\\landcover\\savanna_re\\For report\\point_Huawei.shp" }, "geometry": { "type": "Point", "coordinates": [ -0.580918529292624, 9.488833410532919 ] } },
{ "type": "Feature", "properties": { "fid": 1076.0, "CropType": "maiz", "Photo1": "DCIM/JPEG_20201216151812412.jpg", "Photo2": "DCIM/JPEG_20201216151839544.jpg", "Photo3": "DCIM/JPEG_20201216151901398.jpg", "Photo4": "DCIM/JPEG_20201216151926218.jpg", "Irrigation": "TRUE", "District": "YEND", "Region": "NORT", "Zone": "sava", "Date": "2020-12-16", "Technician": "KOAS", "path": "I:\\GSSTI\\rscc\\landcover\\savanna_re\\For report\\point_Huawei.shp" }, "geometry": { "type": "Point", "coordinates": [ -0.588664249987271, 9.491298786007055 ] } },
{ "type": "Feature", "properties": { "fid": 1077.0, "CropType": "soyb", "Photo1": "DCIM/JPEG_20201216152322671.jpg", "Photo2": "DCIM/JPEG_20201216152354435.jpg", "Photo3": "DCIM/JPEG_20201216152416255.jpg", "Photo4": "DCIM/JPEG_20201216152438956.jpg", "Irrigation": "TRUE", "District": "YEND", "Region": "NORT", "Zone": "sava", "Date": "2020-12-16", "Technician": "KOAS", "path": "I:\\GSSTI\\rscc\\landcover\\savanna_re\\For report\\point_Huawei.shp" }, "geometry": { "type": "Point", "coordinates": [ -0.589453430311124, 9.49023038831111 ] } },
{ "type": "Feature", "properties": { "fid": 1078.0, "CropType": "maiz", "Photo1": "DCIM/JPEG_20201217092649886.jpg", "Photo2": "DCIM/JPEG_20201217092709092.jpg", "Photo3": "DCIM/JPEG_20201217092724331.jpg", "Photo4": "DCIM/JPEG_20201217092809637.jpg", "Irrigation": "TRUE", "District": "GUSH", "Region": "NORT", "Zone": "sava", "Date": "2020-12-17", "Technician": "STAB", "path": "I:\\GSSTI\\rscc\\landcover\\savanna_re\\For report\\point_Huawei.shp" }, "geometry": { "type": "Point", "coordinates": [ -0.499193055831568, 9.637806249520226 ] } },
{ "type": "Feature", "properties": { "fid": 1080.0, "CropType": "soyb", "Photo1": "DCIM/JPEG_20201217100012155.jpg", "Photo2": "DCIM/JPEG_20201217100033472.jpg", "Photo3": "DCIM/JPEG_20201217100056778.jpg", "Photo4": "DCIM/JPEG_20201217100222086.jpg", "Irrigation": "TRUE", "District": "GUSH", "Region": "NORT", "Zone": "sava", "Date": "2020-12-17", "Technician": "STAB", "path": "I:\\GSSTI\\rscc\\landcover\\savanna_re\\For report\\point_Huawei.shp" }, "geometry": { "type": "Point", "coordinates": [ -0.497448182270877, 9.639014273983138 ] } },
{ "type": "Feature", "properties": { "fid": 1082.0, "CropType": "soyb", "Photo1": "DCIM/JPEG_20201217101741841.jpg", "Photo2": "DCIM/JPEG_20201217101834144.jpg", "Photo3": "DCIM/JPEG_20201217100056778.jpg", "Photo4": "DCIM/JPEG_20201217101902092.jpg", "Irrigation": "TRUE", "District": "GUSH", "Region": "NORT", "Zone": "sava", "Date": "2020-12-17", "Technician": "STAB", "path": "I:\\GSSTI\\rscc\\landcover\\savanna_re\\For report\\point_Huawei.shp" }, "geometry": { "type": "Point", "coordinates": [ -0.496343213685426, 9.639444795730661 ] } },
{ "type": "Feature", "properties": { "fid": 1083.0, "CropType": "sorg", "Photo1": "DCIM/JPEG_20201217103433408.jpg", "Photo2": "DCIM/JPEG_20201217103457342.jpg", "Photo3": "DCIM/JPEG_20201217103524338.jpg", "Photo4": "DCIM/JPEG_20201217103551382.jpg", "Irrigation": "TRUE", "District": "GUSH", "Region": "NORT", "Zone": "sava", "Date": "2020-12-17", "Technician": "STAB", "path": "I:\\GSSTI\\rscc\\landcover\\savanna_re\\For report\\point_Huawei.shp" }, "geometry": { "type": "Point", "coordinates": [ -0.498134760019566, 9.636750368022934 ] } },
{ "type": "Feature", "properties": { "fid": 1084.0, "CropType": "sorg", "Photo1": "DCIM/JPEG_20201217110902989.jpg", "Photo2": "DCIM/JPEG_20201217110922580.jpg", "Photo3": "DCIM/JPEG_20201217110942685.jpg", "Photo4": "DCIM/JPEG_20201217111015506.jpg", "Irrigation": "TRUE", "District": "GUSH", "Region": "NORT", "Zone": "sava", "Date": "2020-12-17", "Technician": "STAB", "path": "I:\\GSSTI\\rscc\\landcover\\savanna_re\\For report\\point_Huawei.shp" }, "geometry": { "type": "Point", "coordinates": [ -0.456716378409688, 9.62141332719543 ] } },
{ "type": "Feature", "properties": { "fid": 1085.0, "CropType": "sorg", "Photo1": "DCIM/JPEG_20201217111558959.jpg", "Photo2": "DCIM/JPEG_20201217111615126.jpg", "Photo3": "DCIM/JPEG_20201217111645817.jpg", "Photo4": "DCIM/JPEG_20201217111824325.jpg", "Irrigation": "TRUE", "District": "GUSH", "Region": "NORT", "Zone": "sava", "Date": "2020-12-17", "Technician": "STAB", "path": "I:\\GSSTI\\rscc\\landcover\\savanna_re\\For report\\point_Huawei.shp" }, "geometry": { "type": "Point", "coordinates": [ -0.455929088243504, 9.622301475141029 ] } },
{ "type": "Feature", "properties": { "fid": 1086.0, "CropType": "soyb", "Photo1": "DCIM/JPEG_20201217113546467.jpg", "Photo2": "DCIM/JPEG_20201217113605457.jpg", "Photo3": "DCIM/JPEG_20201217113620784.jpg", "Photo4": "DCIM/JPEG_20201217113638582.jpg", "Irrigation": "TRUE", "District": "GUSH", "Region": "NORT", "Zone": "sava", "Date": "2020-12-17", "Technician": "STAB", "path": "I:\\GSSTI\\rscc\\landcover\\savanna_re\\For report\\point_Huawei.shp" }, "geometry": { "type": "Point", "coordinates": [ -0.424030756475624, 9.624592903177815 ] } },
{ "type": "Feature", "properties": { "fid": 1087.0, "CropType": "grou", "Photo1": "DCIM/JPEG_20201217115811791.jpg", "Photo2": "DCIM/JPEG_20201217115829653.jpg", "Photo3": "DCIM/JPEG_20201217115849415.jpg", "Photo4": "DCIM/JPEG_20201217115910923.jpg", "Irrigation": "TRUE", "District": "GUSH", "Region": "NORT", "Zone": "sava", "Date": "2020-12-17", "Technician": "STAB", "path": "I:\\GSSTI\\rscc\\landcover\\savanna_re\\For report\\point_Huawei.shp" }, "geometry": { "type": "Point", "coordinates": [ -0.419431744793455, 9.628731681951132 ] } },
{ "type": "Feature", "properties": { "fid": 1091.0, "CropType": "rice", "Photo1": "DCIM/JPEG_20201217123335055.jpg", "Photo2": "DCIM/JPEG_20201217123349866.jpg", "Photo3": "DCIM/JPEG_20201217123403538.jpg", "Photo4": "DCIM/JPEG_20201217123426933.jpg", "Irrigation": "TRUE", "District": "GUSH", "Region": "NORT", "Zone": "sava", "Date": "2020-12-17", "Technician": "STAB", "path": "I:\\GSSTI\\rscc\\landcover\\savanna_re\\For report\\point_Huawei.shp" }, "geometry": { "type": "Point", "coordinates": [ -0.406794157390125, 9.656195642238151 ] } },
{ "type": "Feature", "properties": { "fid": 1092.0, "CropType": "soyb", "Photo1": "DCIM/JPEG_20201217130948670.jpg", "Photo2": "DCIM/JPEG_20201217131010974.jpg", "Photo3": "DCIM/JPEG_20201217131040374.jpg", "Photo4": "DCIM/JPEG_20201217131108959.jpg", "Irrigation": "TRUE", "District": "GUSH", "Region": "NORT", "Zone": "sava", "Date": "2020-12-17", "Technician": "KOAS", "path": "I:\\GSSTI\\rscc\\landcover\\savanna_re\\For report\\point_Huawei.shp" }, "geometry": { "type": "Point", "coordinates": [ -0.445644357531724, 9.603025031048896 ] } },
{ "type": "Feature", "properties": { "fid": 1098.0, "CropType": "maiz", "Photo1": "DCIM/JPEG_20201217133813589.jpg", "Photo2": "DCIM/JPEG_20201217133857348.jpg", "Photo3": "DCIM/JPEG_20201217133925681.jpg", "Photo4": "DCIM/JPEG_20201217133953375.jpg", "Irrigation": "TRUE", "District": "GUSH", "Region": "NORT", "Zone": "sava", "Date": "2020-12-17", "Technician": "KOAS", "path": "I:\\GSSTI\\rscc\\landcover\\savanna_re\\For report\\point_Huawei.shp" }, "geometry": { "type": "Point", "coordinates": [ -0.447492744041053, 9.600806748897648 ] } },
{ "type": "Feature", "properties": { "fid": 1099.0, "CropType": "soyb", "Photo1": "DCIM/JPEG_20201217135149572.jpg", "Photo2": "DCIM/JPEG_20201217135213383.jpg", "Photo3": "DCIM/JPEG_20201217135242593.jpg", "Photo4": "DCIM/JPEG_20201217135315462.jpg", "Irrigation": "TRUE", "District": "GUSH", "Region": "NORT", "Zone": "sava", "Date": "2020-12-17", "Technician": "KOAS", "path": "I:\\GSSTI\\rscc\\landcover\\savanna_re\\For report\\point_Huawei.shp" }, "geometry": { "type": "Point", "coordinates": [ -0.448923445552622, 9.595835326079316 ] } },
{ "type": "Feature", "properties": { "fid": 1100.0, "CropType": "soyb", "Photo1": "DCIM/JPEG_20201217135724403.jpg", "Photo2": "DCIM/JPEG_20201217135748137.jpg", "Photo3": "DCIM/JPEG_20201217135807192.jpg", "Photo4": "DCIM/JPEG_20201217135825199.jpg", "Irrigation": "TRUE", "District": "GUSH", "Region": "NORT", "Zone": "sava", "Date": "2020-12-17", "Technician": "KOAS", "path": "I:\\GSSTI\\rscc\\landcover\\savanna_re\\For report\\point_Huawei.shp" }, "geometry": { "type": "Point", "coordinates": [ -0.451471617243746, 9.594128042233175 ] } },
{ "type": "Feature", "properties": { "fid": 1101.0, "CropType": "sorg", "Photo1": "DCIM/JPEG_20201217140339932.jpg", "Photo2": "DCIM/JPEG_20201217140406186.jpg", "Photo3": "DCIM/JPEG_20201217140430026.jpg", "Photo4": "DCIM/JPEG_20201217140447211.jpg", "Irrigation": "TRUE", "District": "GUSH", "Region": "NORT", "Zone": "sava", "Date": "2020-12-17", "Technician": "KOAS", "path": "I:\\GSSTI\\rscc\\landcover\\savanna_re\\For report\\point_Huawei.shp" }, "geometry": { "type": "Point", "coordinates": [ -0.45294320307341, 9.591532435500215 ] } },
{ "type": "Feature", "properties": { "fid": 1106.0, "CropType": "maiz", "Photo1": "DCIM/JPEG_20201217143147981.jpg", "Photo2": "DCIM/JPEG_20201217143228340.jpg", "Photo3": "DCIM/JPEG_20201217143259904.jpg", "Photo4": "DCIM/JPEG_20201217143319742.jpg", "Irrigation": "TRUE", "District": "GUSH", "Region": "NORT", "Zone": "sava", "Date": "2020-12-17", "Technician": "KOAS", "path": "I:\\GSSTI\\rscc\\landcover\\savanna_re\\For report\\point_Huawei.shp" }, "geometry": { "type": "Point", "coordinates": [ -0.471361819495723, 9.5711206487883 ] } },
{ "type": "Feature", "properties": { "fid": 1108.0, "CropType": "rice", "Photo1": "DCIM/JPEG_20201217153407221.jpg", "Photo2": "DCIM/JPEG_20201217153425463.jpg", "Photo3": "DCIM/JPEG_20201217153502203.jpg", "Photo4": "DCIM/JPEG_20201217153522105.jpg", "Irrigation": "TRUE", "District": "YEND", "Region": "NORT", "Zone": "sava", "Date": "2020-12-17", "Technician": "KOAS", "path": "I:\\GSSTI\\rscc\\landcover\\savanna_re\\For report\\point_Huawei.shp" }, "geometry": { "type": "Point", "coordinates": [ -0.513849333405254, 9.488757659842497 ] } },
{ "type": "Feature", "properties": { "fid": 1109.0, "CropType": "rice", "Photo1": "DCIM/JPEG_20201217154813688.jpg", "Photo2": "DCIM/JPEG_20201217154841555.jpg", "Photo3": "DCIM/JPEG_20201217154902800.jpg", "Photo4": "DCIM/JPEG_20201217154923215.jpg", "Irrigation": "TRUE", "District": "YEND", "Region": "NORT", "Zone": "sava", "Date": "2020-12-17", "Technician": "KOAS", "path": "I:\\GSSTI\\rscc\\landcover\\savanna_re\\For report\\point_Huawei.shp" }, "geometry": { "type": "Point", "coordinates": [ -0.509120754323477, 9.467575948343955 ] } },
{ "type": "Feature", "properties": { "fid": 1110.0, "CropType": "rice", "Photo1": "DCIM/JPEG_20201217155619947.jpg", "Photo2": "DCIM/JPEG_20201217155636645.jpg", "Photo3": "DCIM/JPEG_20201217155655768.jpg", "Photo4": "DCIM/JPEG_20201217155709796.jpg", "Irrigation": "TRUE", "District": "YEND", "Region": "NORT", "Zone": "sava", "Date": "2020-12-17", "Technician": "KOAS", "path": "I:\\GSSTI\\rscc\\landcover\\savanna_re\\For report\\point_Huawei.shp" }, "geometry": { "type": "Point", "coordinates": [ -0.476971533346505, 9.496093462002682 ] } },
{ "type": "Feature", "properties": { "fid": 1111.0, "CropType": "rice", "Photo1": "DCIM/JPEG_20201218090352235.jpg", "Photo2": "DCIM/JPEG_20201218090411332.jpg", "Photo3": "DCIM/JPEG_20201218090504756.jpg", "Photo4": "DCIM/JPEG_20201218090522358.jpg", "Irrigation": "TRUE", "District": "TAMA", "Region": "NORT", "Zone": "sava", "Date": "2020-12-18", "Technician": "STAB", "path": "I:\\GSSTI\\rscc\\landcover\\savanna_re\\For report\\point_Huawei.shp" }, "geometry": { "type": "Point", "coordinates": [ -0.745137818905848, 9.345463507587905 ] } },
{ "type": "Feature", "properties": { "fid": 1112.0, "CropType": "rice", "Photo1": "DCIM/JPEG_20201218091736519.jpg", "Photo2": "DCIM/JPEG_20201218090411332.jpg", "Photo3": "DCIM/JPEG_20201218091754184.jpg", "Photo4": "DCIM/JPEG_20201218091820923.jpg", "Irrigation": "TRUE", "District": "TAMA", "Region": "NORT", "Zone": "sava", "Date": "2020-12-18", "Technician": "STAB", "path": "I:\\GSSTI\\rscc\\landcover\\savanna_re\\For report\\point_Huawei.shp" }, "geometry": { "type": "Point", "coordinates": [ -0.690599161466212, 9.311755356941475 ] } },
{ "type": "Feature", "properties": { "fid": 1113.0, "CropType": "maiz", "Photo1": "DCIM/JPEG_20201218092637293.jpg", "Photo2": "DCIM/JPEG_20201218092652902.jpg", "Photo3": "DCIM/JPEG_20201218092708373.jpg", "Photo4": "DCIM/JPEG_20201218092729882.jpg", "Irrigation": "TRUE", "District": "TAMA", "Region": "NORT", "Zone": "sava", "Date": "2020-12-18", "Technician": "STAB", "path": "I:\\GSSTI\\rscc\\landcover\\savanna_re\\For report\\point_Huawei.shp" }, "geometry": { "type": "Point", "coordinates": [ -0.689468529812769, 9.310899700101837 ] } },
{ "type": "Feature", "properties": { "fid": 1115.0, "CropType": "rice", "Photo1": "DCIM/JPEG_20201218101440350.jpg", "Photo2": "DCIM/JPEG_20201218101513897.jpg", "Photo3": "DCIM/JPEG_20201218101530434.jpg", "Photo4": "DCIM/JPEG_20201218101546078.jpg", "Irrigation": "TRUE", "District": "VOLTA", "Region": "NORT", "Zone": "sava", "Date": "2020-12-18", "Technician": "STAB", "path": "I:\\GSSTI\\rscc\\landcover\\savanna_re\\For report\\point_Huawei.shp" }, "geometry": { "type": "Point", "coordinates": [ -0.617444736778247, 9.240912601844101 ] } },
{ "type": "Feature", "properties": { "fid": 1116.0, "CropType": "sorg", "Photo1": "DCIM/JPEG_20201218104848329.jpg", "Photo2": "DCIM/JPEG_20201218104909333.jpg", "Photo3": "DCIM/JPEG_20201218104929837.jpg", "Photo4": "DCIM/JPEG_20201218104946529.jpg", "Irrigation": "TRUE", "District": "VOLTA", "Region": "NORT", "Zone": "sava", "Date": "2020-12-18", "Technician": "STAB", "path": "I:\\GSSTI\\rscc\\landcover\\savanna_re\\For report\\point_Huawei.shp" }, "geometry": { "type": "Point", "coordinates": [ -0.614896569799179, 9.277010766726717 ] } },
{ "type": "Feature", "properties": { "fid": 1117.0, "CropType": "maiz", "Photo1": "DCIM/JPEG_20201218110130030.jpg", "Photo2": "DCIM/JPEG_20201218110215036.jpg", "Photo3": "DCIM/JPEG_20201218110242439.jpg", "Photo4": "DCIM/JPEG_20201218110308504.jpg", "Irrigation": "TRUE", "District": "VOLTA", "Region": "NORT", "Zone": "sava", "Date": "2020-12-18", "Technician": "STAB", "path": "I:\\GSSTI\\rscc\\landcover\\savanna_re\\For report\\point_Huawei.shp" }, "geometry": { "type": "Point", "coordinates": [ -0.605594118213224, 9.287348426395864 ] } },
{ "type": "Feature", "properties": { "fid": 1118.0, "CropType": "grou", "Photo1": "DCIM/JPEG_20201218112848843.jpg", "Photo2": "DCIM/JPEG_20201218112933562.jpg", "Photo3": "DCIM/JPEG_20201218113007611.jpg", "Photo4": "DCIM/JPEG_20201218113030670.jpg", "Irrigation": "TRUE", "District": "VOLTA", "Region": "NORT", "Zone": "sava", "Date": "2020-12-18", "Technician": "STAB", "path": "I:\\GSSTI\\rscc\\landcover\\savanna_re\\For report\\point_Huawei.shp" }, "geometry": { "type": "Point", "coordinates": [ -0.566446383150439, 9.317049465494854 ] } },
{ "type": "Feature", "properties": { "fid": 1119.0, "CropType": "rice", "Photo1": "DCIM/JPEG_20201218115719085.jpg", "Photo2": "DCIM/JPEG_20201218115752237.jpg", "Photo3": "DCIM/JPEG_20201218115821969.jpg", "Photo4": "DCIM/JPEG_20201218115840767.jpg", "Irrigation": "TRUE", "District": "VOLTA", "Region": "NORT", "Zone": "sava", "Date": "2020-12-18", "Technician": "STAB", "path": "I:\\GSSTI\\rscc\\landcover\\savanna_re\\For report\\point_Huawei.shp" }, "geometry": { "type": "Point", "coordinates": [ -0.561887418735109, 9.296562963573887 ] } },
{ "type": "Feature", "properties": { "fid": 1120.0, "CropType": "maiz", "Photo1": "DCIM/JPEG_20201218124810532.jpg", "Photo2": "DCIM/JPEG_20201218124825615.jpg", "Photo3": "DCIM/JPEG_20201218124842408.jpg", "Photo4": "DCIM/JPEG_20201218124858177.jpg", "Irrigation": "TRUE", "District": "YEND", "Region": "NORT", "Zone": "sava", "Date": "2020-12-18", "Technician": "STAB", "path": "I:\\GSSTI\\rscc\\landcover\\savanna_re\\For report\\point_Huawei.shp" }, "geometry": { "type": "Point", "coordinates": [ -0.504092997041647, 9.367737048673401 ] } },
{ "type": "Feature", "properties": { "fid": 1121.0, "CropType": "sorg", "Photo1": "DCIM/JPEG_20201218125148732.jpg", "Photo2": "DCIM/JPEG_20201218125218831.jpg", "Photo3": "DCIM/JPEG_20201218125254230.jpg", "Photo4": "DCIM/JPEG_20201218125312548.jpg", "Irrigation": "TRUE", "District": "YEND", "Region": "NORT", "Zone": "sava", "Date": "2020-12-18", "Technician": "STAB", "path": "I:\\GSSTI\\rscc\\landcover\\savanna_re\\For report\\point_Huawei.shp" }, "geometry": { "type": "Point", "coordinates": [ -0.503425882944651, 9.367860176266634 ] } },
{ "type": "Feature", "properties": { "fid": 1122.0, "CropType": "maiz", "Photo1": "DCIM/JPEG_20201218130922434.jpg", "Photo2": "DCIM/JPEG_20201218131002993.jpg", "Photo3": "DCIM/JPEG_20201218131028272.jpg", "Photo4": "DCIM/JPEG_20201218131059348.jpg", "Irrigation": "TRUE", "District": "YEND", "Region": "NORT", "Zone": "sava", "Date": "2020-12-18", "Technician": "STAB", "path": "I:\\GSSTI\\rscc\\landcover\\savanna_re\\For report\\point_Huawei.shp" }, "geometry": { "type": "Point", "coordinates": [ -0.493945648446116, 9.387102419186947 ] } },
{ "type": "Feature", "properties": { "fid": 1408.0, "CropType": "sorg", "Photo1": "DCIM/JPEG_20201216103436192.jpg", "Photo2": "DCIM/JPEG_20201216103508241.jpg", "Photo3": "DCIM/JPEG_20201216100601018.jpg", "Photo4": "DCIM/JPEG_20201216103532228.jpg", "Irrigation": "TRUE", "District": "SANA", "Region": "NORT", "Zone": "sava", "Date": "2020-12-16", "Technician": "KOAS", "path": "I:\\GSSTI\\rscc\\landcover\\savanna_re\\For report\\point_Huawei.shp" }, "geometry": { "type": "Point", "coordinates": [ -0.646142190487412, 9.560114978038982 ] } },
{ "type": "Feature", "properties": { "fid": 1409.0, "CropType": "grou", "Photo1": "DCIM/JPEG_20201216104227378.jpg", "Photo2": "DCIM/JPEG_20201216104255645.jpg", "Photo3": "DCIM/JPEG_20201216104311851.jpg", "Photo4": "DCIM/JPEG_20201216104326505.jpg", "Irrigation": "TRUE", "District": "SANA", "Region": "NORT", "Zone": "sava", "Date": "2020-12-16", "Technician": "KOAS", "path": "I:\\GSSTI\\rscc\\landcover\\savanna_re\\For report\\point_Huawei.shp" }, "geometry": { "type": "Point", "coordinates": [ -0.642783426463298, 9.558374000420494 ] } },
{ "type": "Feature", "properties": { "fid": 10890.0, "CropType": "grou", "Photo1": "DCIM/JPEG_20201217121354872.jpg", "Photo2": "DCIM/JPEG_20201217121413521.jpg", "Photo3": "DCIM/JPEG_20201217121440914.jpg", "Photo4": "DCIM/JPEG_20201217121506281.jpg", "Irrigation": "TRUE", "District": "GUSH", "Region": "NORT", "Zone": "sava", "Date": "2020-12-17", "Technician": "STAB", "path": "I:\\GSSTI\\rscc\\landcover\\savanna_re\\For report\\point_Huawei.shp" }, "geometry": { "type": "Point", "coordinates": [ -0.411720736335717, 9.634874306618254 ] } },
{ "type": "Feature", "properties": { "fid": 14051.0, "CropType": "rice", "Photo1": "DCIM/JPEG_20201216110255486.jpg", "Photo2": "DCIM/JPEG_20201216110316509.jpg", "Photo3": "DCIM/JPEG_20201216110337456.jpg", "Photo4": "DCIM/JPEG_20201216110354853.jpg", "Irrigation": "TRUE", "District": "SANA", "Region": "NORT", "Zone": "sava", "Date": "2020-12-16", "Technician": "KOAS", "path": "I:\\GSSTI\\rscc\\landcover\\savanna_re\\For report\\point_Huawei.shp" }, "geometry": { "type": "Point", "coordinates": [ -0.63866577201133, 9.554797218262044 ] } },
{ "type": "Feature", "properties": { "fid": 14052.0, "CropType": "sorg", "Photo1": "DCIM/JPEG_20201217111558959.jpg", "Photo2": "DCIM/JPEG_20201217111615126.jpg", "Photo3": "DCIM/JPEG_20201217111645817.jpg", "Photo4": "DCIM/JPEG_20201217111824325.jpg", "Irrigation": "TRUE", "District": "GUSH", "Region": "NORT", "Zone": "sava", "Date": "2020-12-17", "Technician": "STAB", "path": "I:\\GSSTI\\rscc\\landcover\\savanna_re\\For report\\point_Huawei.shp" }, "geometry": { "type": "Point", "coordinates": [ -0.429878246874552, 9.619550844235787 ] } },
{ "type": "Feature", "properties": { "fid": 14053.0, "CropType": "soyb", "Photo1": "DCIM/JPEG_20201217130948670.jpg", "Photo2": "DCIM/JPEG_20201217131010974.jpg", "Photo3": "DCIM/JPEG_20201217131040374.jpg", "Photo4": "DCIM/JPEG_20201217131108959.jpg", "Irrigation": "TRUE", "District": "GUSH", "Region": "NORT", "Zone": "sava", "Date": "2020-12-17", "Technician": "KOAS", "path": "I:\\GSSTI\\rscc\\landcover\\savanna_re\\For report\\point_Huawei.shp" }, "geometry": { "type": "Point", "coordinates": [ -0.447525580074074, 9.60082273389636 ] } },
{ "type": "Feature", "properties": { "fid": 14054.0, "CropType": "maiz", "Photo1": "DCIM/JPEG_20201217133813589.jpg", "Photo2": "DCIM/JPEG_20201217133857348.jpg", "Photo3": "DCIM/JPEG_20201217133925681.jpg", "Photo4": "DCIM/JPEG_20201217133953375.jpg", "Irrigation": "TRUE", "District": "GUSH", "Region": "NORT", "Zone": "sava", "Date": "2020-12-17", "Technician": "KOAS", "path": "I:\\GSSTI\\rscc\\landcover\\savanna_re\\For report\\point_Huawei.shp" }, "geometry": { "type": "Point", "coordinates": [ -0.448923445552622, 9.595835326079316 ] } },
{ "type": "Feature", "properties": { "fid": 14055.0, "CropType": "soyb", "Photo1": "DCIM/JPEG_20201217135149572.jpg", "Photo2": "DCIM/JPEG_20201217135213383.jpg", "Photo3": "DCIM/JPEG_20201217135242593.jpg", "Photo4": "DCIM/JPEG_20201217135315462.jpg", "Irrigation": "TRUE", "District": "GUSH", "Region": "NORT", "Zone": "sava", "Date": "2020-12-17", "Technician": "KOAS", "path": "I:\\GSSTI\\rscc\\landcover\\savanna_re\\For report\\point_Huawei.shp" }, "geometry": { "type": "Point", "coordinates": [ -0.451471617243746, 9.594128042233175 ] } },
{ "type": "Feature", "properties": { "fid": 14056.0, "CropType": "rice", "Photo1": "DCIM/JPEG_20201217155619947.jpg", "Photo2": "DCIM/JPEG_20201217155636645.jpg", "Photo3": "DCIM/JPEG_20201217155655768.jpg", "Photo4": "DCIM/JPEG_20201217155709796.jpg", "Irrigation": "TRUE", "District": "YEND", "Region": "NORT", "Zone": "sava", "Date": "2020-12-17", "Technician": "KOAS", "path": "I:\\GSSTI\\rscc\\landcover\\savanna_re\\For report\\point_Huawei.shp" }, "geometry": { "type": "Point", "coordinates": [ -0.509451295171388, 9.460586131815695 ] } }
]
}
