{
"type": "FeatureCollection",
"name": "CropTypes_SemiDeciduous_2020",
"crs": { "type": "name", "properties": { "name": "urn:ogc:def:crs:EPSG::3857" } },
"features": [
{ "type": "Feature", "properties": { "fid": 1007.0, "CropType": "oran", "Photo1": "DCIM/JPEG_20201213124440873.jpg", "Photo2": "DCIM/JPEG_20201213124504974.jpg", "Photo3": "DCIM/JPEG_20201213124521186.jpg", "Photo4": "DCIM/JPEG_20201213124538030.jpg", "Irrigation": "FALSE", "District": "ASNO", "Region": "EAST", "Zone": "deci", "Date": "2020-12-13", "Technician": "PALA", "layer": "pat1_point", "path": "H:\\GSSTI\\rscc\\landcover\\Semi-Dec_East\\final_east-21122020\\shapefiles_east\\pat1_point.shp" }, "geometry": { "type": "Point", "coordinates": [ -78432.321679120635963, 655541.371965164551511 ] } },
{ "type": "Feature", "properties": { "fid": 1605.0, "CropType": "cass", "Photo1": "DCIM/JPEG_20201216142540550.jpg", "Photo2": "DCIM/JPEG_20201216142554367.jpg", "Photo3": "DCIM/JPEG_20201216142607818.jpg", "Photo4": "DCIM/JPEG_20201216142621447.jpg", "Irrigation": "FALSE", "District": "BISO", "Region": "EAST", "Zone": "deci", "Date": "2020-12-16", "Technician": "PALA", "layer": "pat1_point", "path": "H:\\GSSTI\\rscc\\landcover\\Semi-Dec_East\\final_east-21122020\\shapefiles_east\\pat1_point.shp" }, "geometry": { "type": "Point", "coordinates": [ -119010.740699042318738, 685755.775185534730554 ] } },
{ "type": "Feature", "properties": { "fid": 1607.0, "CropType": "coco", "Photo1": "DCIM/JPEG_20201216143032107.jpg", "Photo2": "DCIM/JPEG_20201216143042690.jpg", "Photo3": "DCIM/JPEG_20201216143056463.jpg", "Photo4": "DCIM/JPEG_20201216143124358.jpg", "Irrigation": "FALSE", "District": "BISO", "Region": "EAST", "Zone": "deci", "Date": "2020-12-16", "Technician": "PALA", "layer": "pat1_point", "path": "H:\\GSSTI\\rscc\\landcover\\Semi-Dec_East\\final_east-21122020\\shapefiles_east\\pat1_point.shp" }, "geometry": { "type": "Point", "coordinates": [ -119750.60824229948048, 685953.983601236715913 ] } },
{ "type": "Feature", "properties": { "fid": 1609.0, "CropType": "oilp", "Photo1": "DCIM/JPEG_20201216143454222.jpg", "Photo2": "DCIM/JPEG_20201216143508321.jpg", "Photo3": "DCIM/JPEG_20201216143533469.jpg", "Photo4": "DCIM/JPEG_20201216143548737.jpg", "Irrigation": "FALSE", "District": "BISO", "Region": "EAST", "Zone": "deci", "Date": "2020-12-16", "Technician": "PALA", "layer": "pat1_point", "path": "H:\\GSSTI\\rscc\\landcover\\Semi-Dec_East\\final_east-21122020\\shapefiles_east\\pat1_point.shp" }, "geometry": { "type": "Point", "coordinates": [ -119820.737666174158221, 685899.266868217615411 ] } },
{ "type": "Feature", "properties": { "fid": 1801.0, "CropType": "oilp", "Photo1": "DCIM/JPEG_20201219102345160.jpg", "Photo2": "DCIM/JPEG_20201219102410151.jpg", "Photo3": "DCIM/JPEG_20201219102451546.jpg", "Photo4": "DCIM/JPEG_20201219102519511.jpg", "Irrigation": "FALSE", "District": "BINO", "Region": "EAST", "Zone": "deci", "Date": "2020-12-19", "Technician": "PALA", "layer": "pat1_point", "path": "H:\\GSSTI\\rscc\\landcover\\Semi-Dec_East\\final_east-21122020\\shapefiles_east\\pat1_point.shp" }, "geometry": { "type": "Point", "coordinates": [ -119945.527217512586503, 694183.831342453602701 ] } },
{ "type": "Feature", "properties": { "fid": 1802.0, "CropType": "coco", "Photo1": "DCIM/JPEG_20201219102917699.jpg", "Photo2": "DCIM/JPEG_20201219102933144.jpg", "Photo3": "DCIM/JPEG_20201219102946715.jpg", "Photo4": "DCIM/JPEG_20201219103002022.jpg", "Irrigation": "FALSE", "District": "BINO", "Region": "EAST", "Zone": "deci", "Date": "2020-12-19", "Technician": "PALA", "layer": "pat1_point", "path": "H:\\GSSTI\\rscc\\landcover\\Semi-Dec_East\\final_east-21122020\\shapefiles_east\\pat1_point.shp" }, "geometry": { "type": "Point", "coordinates": [ -120090.830315337123466, 694734.155847901594825 ] } },
{ "type": "Feature", "properties": { "fid": 1803.0, "CropType": "cass", "Photo1": "DCIM/JPEG_20201219103527030.jpg", "Photo2": "DCIM/JPEG_20201219103553514.jpg", "Photo3": "DCIM/JPEG_20201219103604112.jpg", "Photo4": "DCIM/JPEG_20201219103615949.jpg", "Irrigation": "FALSE", "District": "BINO", "Region": "EAST", "Zone": "deci", "Date": "2020-12-19", "Technician": "PALA", "layer": "pat1_point", "path": "H:\\GSSTI\\rscc\\landcover\\Semi-Dec_East\\final_east-21122020\\shapefiles_east\\pat1_point.shp" }, "geometry": { "type": "Point", "coordinates": [ -120106.17841031869466, 696497.747188044129871 ] } },
{ "type": "Feature", "properties": { "fid": 1804.0, "CropType": "coco", "Photo1": "DCIM/JPEG_20201219104650342.jpg", "Photo2": "DCIM/JPEG_20201219104703203.jpg", "Photo3": "DCIM/JPEG_20201219104714756.jpg", "Photo4": "DCIM/JPEG_20201219104726485.jpg", "Irrigation": "FALSE", "District": "BINO", "Region": "EAST", "Zone": "deci", "Date": "2020-12-19", "Technician": "PALA", "layer": "pat1_point", "path": "H:\\GSSTI\\rscc\\landcover\\Semi-Dec_East\\final_east-21122020\\shapefiles_east\\pat1_point.shp" }, "geometry": { "type": "Point", "coordinates": [ -118848.206910319990129, 700099.029891160898842 ] } },
{ "type": "Feature", "properties": { "fid": 1806.0, "CropType": "bush", "Photo1": "DCIM/JPEG_20201219105206200.jpg", "Photo2": "DCIM/JPEG_20201219105216554.jpg", "Photo3": "DCIM/JPEG_20201219105226207.jpg", "Photo4": "DCIM/JPEG_20201219105239285.jpg", "Irrigation": "FALSE", "District": "BINO", "Region": "EAST", "Zone": "deci", "Date": "2020-12-19", "Technician": "PALA", "layer": "pat1_point", "path": "H:\\GSSTI\\rscc\\landcover\\Semi-Dec_East\\final_east-21122020\\shapefiles_east\\pat1_point.shp" }, "geometry": { "type": "Point", "coordinates": [ -118948.655041024932871, 702925.427022888790816 ] } },
{ "type": "Feature", "properties": { "fid": 1807.0, "CropType": "oilp", "Photo1": "DCIM/JPEG_20201219110303724.jpg", "Photo2": "DCIM/JPEG_20201219110318635.jpg", "Photo3": "DCIM/JPEG_20201219110331505.jpg", "Photo4": "DCIM/JPEG_20201219110353317.jpg", "Irrigation": "FALSE", "District": "BINO", "Region": "EAST", "Zone": "deci", "Date": "2020-12-19", "Technician": "PALA", "layer": "pat1_point", "path": "H:\\GSSTI\\rscc\\landcover\\Semi-Dec_East\\final_east-21122020\\shapefiles_east\\pat1_point.shp" }, "geometry": { "type": "Point", "coordinates": [ -120592.918301336525474, 708183.181672009755857 ] } },
{ "type": "Feature", "properties": { "fid": 1809.0, "CropType": "plnt", "Photo1": "DCIM/JPEG_20201219110640154.jpg", "Photo2": "DCIM/JPEG_20201219110653733.jpg", "Photo3": "DCIM/JPEG_20201219110703888.jpg", "Photo4": "DCIM/JPEG_20201219110714250.jpg", "Irrigation": "FALSE", "District": "BINO", "Region": "EAST", "Zone": "deci", "Date": "2020-12-19", "Technician": "PALA", "layer": "pat1_point", "path": "H:\\GSSTI\\rscc\\landcover\\Semi-Dec_East\\final_east-21122020\\shapefiles_east\\pat1_point.shp" }, "geometry": { "type": "Point", "coordinates": [ -120591.94611111516133, 708345.587427715421654 ] } },
{ "type": "Feature", "properties": { "fid": 1811.0, "CropType": "cass", "Photo1": "DCIM/JPEG_20201219111840542.jpg", "Photo2": "DCIM/JPEG_20201219111854001.jpg", "Photo3": "DCIM/JPEG_20201219111907193.jpg", "Photo4": "DCIM/JPEG_20201219111917990.jpg", "Irrigation": "FALSE", "District": "BINO", "Region": "EAST", "Zone": "deci", "Date": "2020-12-19", "Technician": "PALA", "layer": "pat1_point", "path": "H:\\GSSTI\\rscc\\landcover\\Semi-Dec_East\\final_east-21122020\\shapefiles_east\\pat1_point.shp" }, "geometry": { "type": "Point", "coordinates": [ -120430.033767082495615, 710436.949190492043272 ] } },
{ "type": "Feature", "properties": { "fid": 1812.0, "CropType": "maiz", "Photo1": "DCIM/JPEG_20201219112420913.jpg", "Photo2": "DCIM/JPEG_20201219112432864.jpg", "Photo3": "DCIM/JPEG_20201219112442234.jpg", "Photo4": "DCIM/JPEG_20201219112400902.jpg", "Irrigation": "FALSE", "District": "BINO", "Region": "EAST", "Zone": "deci", "Date": "2020-12-19", "Technician": "PALA", "layer": "pat1_point", "path": "H:\\GSSTI\\rscc\\landcover\\Semi-Dec_East\\final_east-21122020\\shapefiles_east\\pat1_point.shp" }, "geometry": { "type": "Point", "coordinates": [ -119283.962502867289004, 711283.74378280795645 ] } },
{ "type": "Feature", "properties": { "fid": 2101.0, "CropType": "oran", "Photo1": "DCIM/JPEG_20201221101415450.jpg", "Photo2": "DCIM/JPEG_20201221101429277.jpg", "Photo3": "DCIM/JPEG_20201221101443539.jpg", "Photo4": "DCIM/JPEG_20201221101455510.jpg", "Irrigation": "FALSE", "District": "KWAE", "Region": "EAST", "Zone": "deci", "Date": "2020-12-21", "Technician": "PALA", "layer": "pat1_point", "path": "H:\\GSSTI\\rscc\\landcover\\Semi-Dec_East\\final_east-21122020\\shapefiles_east\\pat1_point.shp" }, "geometry": { "type": "Point", "coordinates": [ -90376.153753546852386, 676046.791086300974712 ] } },
{ "type": "Feature", "properties": { "fid": 2102.0, "CropType": "cass", "Photo1": "DCIM/JPEG_20201221101738625.jpg", "Photo2": "DCIM/JPEG_20201221101808628.jpg", "Photo3": "DCIM/JPEG_20201221101833369.jpg", "Photo4": "DCIM/JPEG_20201221101845415.jpg", "Irrigation": "FALSE", "District": "KWAE", "Region": "EAST", "Zone": "deci", "Date": "2020-12-21", "Technician": "PALA", "layer": "pat1_point", "path": "H:\\GSSTI\\rscc\\landcover\\Semi-Dec_East\\final_east-21122020\\shapefiles_east\\pat1_point.shp" }, "geometry": { "type": "Point", "coordinates": [ -90040.484470711729955, 675390.970317350351252 ] } },
{ "type": "Feature", "properties": { "fid": 5006.0, "CropType": "coco", "Photo1": "DCIM/JPEG_20201213123838059.jpg", "Photo2": "DCIM/JPEG_20201213123852274.jpg", "Photo3": "DCIM/JPEG_20201213123925024.jpg", "Photo4": "DCIM/JPEG_20201213124038427.jpg", "Irrigation": "FALSE", "District": "ASNO", "Region": "EAST", "Zone": "deci", "Date": "2020-12-13", "Technician": "PALA", "layer": "pat1_point", "path": "H:\\GSSTI\\rscc\\landcover\\Semi-Dec_East\\final_east-21122020\\shapefiles_east\\pat1_point.shp" }, "geometry": { "type": "Point", "coordinates": [ -78361.381478288443759, 655578.857418352272362 ] } },
{ "type": "Feature", "properties": { "fid": 5008.0, "CropType": "coco", "Photo1": "DCIM/JPEG_20201213124831743.jpg", "Photo2": "DCIM/JPEG_20201213124854491.jpg", "Photo3": "DCIM/JPEG_20201213124905740.jpg", "Photo4": "DCIM/JPEG_20201213124920155.jpg", "Irrigation": "FALSE", "District": "ASNO", "Region": "EAST", "Zone": "deci", "Date": "2020-12-13", "Technician": "PALA", "layer": "pat1_point", "path": "H:\\GSSTI\\rscc\\landcover\\Semi-Dec_East\\final_east-21122020\\shapefiles_east\\pat1_point.shp" }, "geometry": { "type": "Point", "coordinates": [ -78459.116280553731485, 655459.531850494793616 ] } },
{ "type": "Feature", "properties": { "fid": 5009.0, "CropType": "oilp", "Photo1": "DCIM/JPEG_20201213125319111.jpg", "Photo2": "DCIM/JPEG_20201213125333224.jpg", "Photo3": "DCIM/JPEG_20201213125345326.jpg", "Photo4": "DCIM/JPEG_20201213125359226.jpg", "Irrigation": "FALSE", "District": "ASNO", "Region": "EAST", "Zone": "deci", "Date": "2020-12-13", "Technician": "PALA", "layer": "pat1_point", "path": "H:\\GSSTI\\rscc\\landcover\\Semi-Dec_East\\final_east-21122020\\shapefiles_east\\pat1_point.shp" }, "geometry": { "type": "Point", "coordinates": [ -78506.471591939189238, 655537.281728754169308 ] } },
{ "type": "Feature", "properties": { "fid": 5014.0, "CropType": "maiz", "Photo1": "DCIM/JPEG_20201213141550493.jpg", "Photo2": "DCIM/JPEG_20201213141606737.jpg", "Photo3": "DCIM/JPEG_20201213141623317.jpg", "Photo4": "DCIM/JPEG_20201213141644775.jpg", "Irrigation": "FALSE", "District": "EAST", "Region": "EAST", "Zone": "deci", "Date": "2020-12-13", "Technician": "PALA", "layer": "pat1_point", "path": "H:\\GSSTI\\rscc\\landcover\\Semi-Dec_East\\final_east-21122020\\shapefiles_east\\pat1_point.shp" }, "geometry": { "type": "Point", "coordinates": [ -81650.256463379686465, 660775.401730954879895 ] } },
{ "type": "Feature", "properties": { "fid": 5016.0, "CropType": "oran", "Photo1": "DCIM/JPEG_20201213143131052.jpg", "Photo2": "DCIM/JPEG_20201213143146566.jpg", "Photo3": "DCIM/JPEG_20201213143203439.jpg", "Photo4": "DCIM/JPEG_20201213143223290.jpg", "Irrigation": "FALSE", "District": "KWAE", "Region": "EAST", "Zone": "deci", "Date": "2020-12-13", "Technician": "PALA", "layer": "pat1_point", "path": "H:\\GSSTI\\rscc\\landcover\\Semi-Dec_East\\final_east-21122020\\shapefiles_east\\pat1_point.shp" }, "geometry": { "type": "Point", "coordinates": [ -87094.094968396224431, 672390.446496833115816 ] } },
{ "type": "Feature", "properties": { "fid": 5017.0, "CropType": "oran", "Photo1": "DCIM/JPEG_20201213143457108.jpg", "Photo2": "DCIM/JPEG_20201213143512198.jpg", "Photo3": "DCIM/JPEG_20201213143527052.jpg", "Photo4": "DCIM/JPEG_20201213143538950.jpg", "Irrigation": "FALSE", "District": "WEAK", "Region": "EAST", "Zone": "deci", "Date": "2020-12-13", "Technician": "PALA", "layer": "pat1_point", "path": "H:\\GSSTI\\rscc\\landcover\\Semi-Dec_East\\final_east-21122020\\shapefiles_east\\pat1_point.shp" }, "geometry": { "type": "Point", "coordinates": [ -87083.449114426053711, 672396.254247139440849 ] } },
{ "type": "Feature", "properties": { "fid": 14003.0, "CropType": "cass", "Photo1": "DCIM/JPEG_20201218110055807.jpg", "Photo2": "DCIM/JPEG_20201218110108599.jpg", "Photo3": "DCIM/JPEG_20201218110119327.jpg", "Photo4": "DCIM/JPEG_20201218110132904.jpg", "Irrigation": "FALSE", "District": "KWAE", "Region": "EAST", "Zone": "deci", "Date": "2020-12-18", "Technician": "PALA", "layer": "pat1_point", "path": "H:\\GSSTI\\rscc\\landcover\\Semi-Dec_East\\final_east-21122020\\shapefiles_east\\pat1_point.shp" }, "geometry": { "type": "Point", "coordinates": [ -96961.059448118088767, 700994.040927325142547 ] } },
{ "type": "Feature", "properties": { "fid": 14006.0, "CropType": "maiz", "Photo1": "DCIM/JPEG_20201214102105350.jpg", "Photo2": "DCIM/JPEG_20201214102121494.jpg", "Photo3": "DCIM/JPEG_20201214102140388.jpg", "Photo4": "DCIM/JPEG_20201214102207576.jpg", "Irrigation": "FALSE", "District": "KWAE", "Region": "EAST", "Zone": "deci", "Date": "2020-12-14", "Technician": "PALA", "layer": "pat1_point", "path": "H:\\GSSTI\\rscc\\landcover\\Semi-Dec_East\\final_east-21122020\\shapefiles_east\\pat1_point.shp" }, "geometry": { "type": "Point", "coordinates": [ -94502.839371376205236, 685527.820663978811353 ] } },
{ "type": "Feature", "properties": { "fid": 14007.0, "CropType": "maiz", "Photo1": "DCIM/JPEG_20201214102850144.jpg", "Photo2": "DCIM/JPEG_20201214102906557.jpg", "Photo3": "DCIM/JPEG_20201214102920898.jpg", "Photo4": "DCIM/JPEG_20201214102932962.jpg", "Irrigation": "FALSE", "District": "KWAE", "Region": "EAST", "Zone": "deci", "Date": "2020-12-14", "Technician": "PALA", "layer": "pat1_point", "path": "H:\\GSSTI\\rscc\\landcover\\Semi-Dec_East\\final_east-21122020\\shapefiles_east\\pat1_point.shp" }, "geometry": { "type": "Point", "coordinates": [ -95486.079905756778317, 686667.373333110706881 ] } },
{ "type": "Feature", "properties": { "fid": 14009.0, "CropType": "maiz", "Photo1": "DCIM/JPEG_20201214104427346.jpg", "Photo2": "DCIM/JPEG_20201214104441513.jpg", "Photo3": "DCIM/JPEG_20201214104454855.jpg", "Photo4": "DCIM/JPEG_20201214104607212.jpg", "Irrigation": "FALSE", "District": "KWAE", "Region": "EAST", "Zone": "deci", "Date": "2020-12-14", "Technician": "PALA", "layer": "pat1_point", "path": "H:\\GSSTI\\rscc\\landcover\\Semi-Dec_East\\final_east-21122020\\shapefiles_east\\pat1_point.shp" }, "geometry": { "type": "Point", "coordinates": [ -96760.800285876190173, 689427.708521124208346 ] } },
{ "type": "Feature", "properties": { "fid": 14021.0, "CropType": "oilp", "Photo1": "DCIM/JPEG_20201214110226566.jpg", "Photo2": "DCIM/JPEG_20201214110239832.jpg", "Photo3": "DCIM/JPEG_20201214110252721.jpg", "Photo4": "DCIM/JPEG_20201214110304359.jpg", "Irrigation": "FALSE", "District": "KWAE", "Region": "EAST", "Zone": "deci", "Date": "2020-12-14", "Technician": "PALA", "layer": "pat1_point", "path": "H:\\GSSTI\\rscc\\landcover\\Semi-Dec_East\\final_east-21122020\\shapefiles_east\\pat1_point.shp" }, "geometry": { "type": "Point", "coordinates": [ -96726.39796152706549, 689607.780294995871373 ] } },
{ "type": "Feature", "properties": { "fid": 14022.0, "CropType": "maiz", "Photo1": "DCIM/JPEG_20201214110502494.jpg", "Photo2": "DCIM/JPEG_20201214110516482.jpg", "Photo3": "DCIM/JPEG_20201214110527693.jpg", "Photo4": "DCIM/JPEG_20201214110539744.jpg", "Irrigation": "FALSE", "District": "KWAE", "Region": "EAST", "Zone": "deci", "Date": "2020-12-14", "Technician": "PALA", "layer": "pat1_point", "path": "H:\\GSSTI\\rscc\\landcover\\Semi-Dec_East\\final_east-21122020\\shapefiles_east\\pat1_point.shp" }, "geometry": { "type": "Point", "coordinates": [ -96675.174297837525955, 689639.882329327287152 ] } },
{ "type": "Feature", "properties": { "fid": 14030.0, "CropType": "maiz", "Photo1": "DCIM/JPEG_20201214114441971.jpg", "Photo2": "DCIM/JPEG_20201214114459079.jpg", "Photo3": "DCIM/JPEG_20201214114515048.jpg", "Photo4": "DCIM/JPEG_20201214114527696.jpg", "Irrigation": "FALSE", "District": "KWAE", "Region": "EAST", "Zone": "deci", "Date": "2020-12-14", "Technician": "PALA", "layer": "pat1_point", "path": "H:\\GSSTI\\rscc\\landcover\\Semi-Dec_East\\final_east-21122020\\shapefiles_east\\pat1_point.shp" }, "geometry": { "type": "Point", "coordinates": [ -100036.244885044696275, 693297.583923833677545 ] } },
{ "type": "Feature", "properties": { "fid": 14032.0, "CropType": "maiz", "Photo1": "DCIM/JPEG_20201214115612141.jpg", "Photo2": "DCIM/JPEG_20201214115634638.jpg", "Photo3": "DCIM/JPEG_20201214115650802.jpg", "Photo4": "DCIM/JPEG_20201214115711077.jpg", "Irrigation": "FALSE", "District": "KWAE", "Region": "EAST", "Zone": "deci", "Date": "2020-12-14", "Technician": "PALA", "layer": "pat1_point", "path": "H:\\GSSTI\\rscc\\landcover\\Semi-Dec_East\\final_east-21122020\\shapefiles_east\\pat1_point.shp" }, "geometry": { "type": "Point", "coordinates": [ -102035.97968788765138, 694890.133841797127388 ] } },
{ "type": "Feature", "properties": { "fid": 14033.0, "CropType": "oran", "Photo1": "DCIM/JPEG_20201214120402951.jpg", "Photo2": "DCIM/JPEG_20201214120435520.jpg", "Photo3": "DCIM/JPEG_20201214120604568.jpg", "Photo4": "DCIM/JPEG_20201214120529811.jpg", "Irrigation": "FALSE", "District": "KWAE", "Region": "EAST", "Zone": "deci", "Date": "2020-12-14", "Technician": "PALA", "layer": "pat1_point", "path": "H:\\GSSTI\\rscc\\landcover\\Semi-Dec_East\\final_east-21122020\\shapefiles_east\\pat1_point.shp" }, "geometry": { "type": "Point", "coordinates": [ -104373.288151161497808, 694797.899213430238888 ] } },
{ "type": "Feature", "properties": { "fid": 14035.0, "CropType": "coco", "Photo1": "DCIM/JPEG_20201214124452870.jpg", "Photo2": "DCIM/JPEG_20201214124530834.jpg", "Photo3": "DCIM/JPEG_20201214124554607.jpg", "Photo4": "DCIM/JPEG_20201214124606673.jpg", "Irrigation": "FALSE", "District": "KWAE", "Region": "EAST", "Zone": "deci", "Date": "2020-12-14", "Technician": "PALA", "layer": "pat1_point", "path": "H:\\GSSTI\\rscc\\landcover\\Semi-Dec_East\\final_east-21122020\\shapefiles_east\\pat1_point.shp" }, "geometry": { "type": "Point", "coordinates": [ -111724.805059252888896, 699535.082521004369482 ] } },
{ "type": "Feature", "properties": { "fid": 14037.0, "CropType": "cass", "Photo1": "DCIM/JPEG_20201214125041201.jpg", "Photo2": "DCIM/JPEG_20201214125058501.jpg", "Photo3": "DCIM/JPEG_20201214125114580.jpg", "Photo4": "DCIM/JPEG_20201214125130961.jpg", "Irrigation": "FALSE", "District": "KWAE", "Region": "EAST", "Zone": "deci", "Date": "2020-12-14", "Technician": "PALA", "layer": "pat1_point", "path": "H:\\GSSTI\\rscc\\landcover\\Semi-Dec_East\\final_east-21122020\\shapefiles_east\\pat1_point.shp" }, "geometry": { "type": "Point", "coordinates": [ -112319.859686636395054, 700454.312384346849285 ] } },
{ "type": "Feature", "properties": { "fid": 14039.0, "CropType": "maiz", "Photo1": "DCIM/JPEG_20201214125347006.jpg", "Photo2": "DCIM/JPEG_20201214125402235.jpg", "Photo3": "DCIM/JPEG_20201214125413469.jpg", "Photo4": "DCIM/JPEG_20201214125425856.jpg", "Irrigation": "FALSE", "District": "KWAE", "Region": "EAST", "Zone": "deci", "Date": "2020-12-14", "Technician": "PALA", "layer": "pat1_point", "path": "H:\\GSSTI\\rscc\\landcover\\Semi-Dec_East\\final_east-21122020\\shapefiles_east\\pat1_point.shp" }, "geometry": { "type": "Point", "coordinates": [ -112325.633457559422823, 700405.07909263309557 ] } },
{ "type": "Feature", "properties": { "fid": 14041.0, "CropType": "maiz", "Photo1": "DCIM/JPEG_20201214130946019.jpg", "Photo2": "DCIM/JPEG_20201214130957431.jpg", "Photo3": "DCIM/JPEG_20201214131010102.jpg", "Photo4": "DCIM/JPEG_20201214131020919.jpg", "Irrigation": "FALSE", "District": "KWAE", "Region": "EAST", "Zone": "deci", "Date": "2020-12-14", "Technician": "PALA", "layer": "pat1_point", "path": "H:\\GSSTI\\rscc\\landcover\\Semi-Dec_East\\final_east-21122020\\shapefiles_east\\pat1_point.shp" }, "geometry": { "type": "Point", "coordinates": [ -112285.148414083232637, 700662.340626120567322 ] } },
{ "type": "Feature", "properties": { "fid": 14043.0, "CropType": "maiz", "Photo1": "DCIM/JPEG_20201214131625579.jpg", "Photo2": "DCIM/JPEG_20201214131638417.jpg", "Photo3": "DCIM/JPEG_20201214131649100.jpg", "Photo4": "DCIM/JPEG_20201214131711691.jpg", "Irrigation": "FALSE", "District": "EAST", "Region": "EAST", "Zone": "deci", "Date": "2020-12-14", "Technician": "PALA", "layer": "pat1_point", "path": "H:\\GSSTI\\rscc\\landcover\\Semi-Dec_East\\final_east-21122020\\shapefiles_east\\pat1_point.shp" }, "geometry": { "type": "Point", "coordinates": [ -112166.259197916107951, 701624.825285223894753 ] } },
{ "type": "Feature", "properties": { "fid": 14044.0, "CropType": "cass", "Photo1": "DCIM/JPEG_20201214132040472.jpg", "Photo2": "DCIM/JPEG_20201214132053283.jpg", "Photo3": "DCIM/JPEG_20201214132102460.jpg", "Photo4": "DCIM/JPEG_20201214132112099.jpg", "Irrigation": "FALSE", "District": "KWAE", "Region": "EAST", "Zone": "deci", "Date": "2020-12-14", "Technician": "PALA", "layer": "pat1_point", "path": "H:\\GSSTI\\rscc\\landcover\\Semi-Dec_East\\final_east-21122020\\shapefiles_east\\pat1_point.shp" }, "geometry": { "type": "Point", "coordinates": [ -112137.685339953750372, 701698.827042919932865 ] } },
{ "type": "Feature", "properties": { "fid": 14045.0, "CropType": "plnt", "Photo1": "DCIM/JPEG_20201214132507840.jpg", "Photo2": "DCIM/JPEG_20201214132545054.jpg", "Photo3": "DCIM/JPEG_20201214132556049.jpg", "Photo4": "DCIM/JPEG_20201214132644073.jpg", "Irrigation": "FALSE", "District": "KWAE", "Region": "EAST", "Zone": "deci", "Date": "2020-12-14", "Technician": "PALA", "layer": "pat1_point", "path": "H:\\GSSTI\\rscc\\landcover\\Semi-Dec_East\\final_east-21122020\\shapefiles_east\\pat1_point.shp" }, "geometry": { "type": "Point", "coordinates": [ -112084.139311042628833, 701916.674844390596263 ] } },
{ "type": "Feature", "properties": { "fid": 14046.0, "CropType": "coco", "Photo1": "DCIM/JPEG_20201214133302673.jpg", "Photo2": "DCIM/JPEG_20201214133319650.jpg", "Photo3": "DCIM/JPEG_20201214133332764.jpg", "Photo4": "DCIM/JPEG_20201214133347945.jpg", "Irrigation": "FALSE", "District": "KWAE", "Region": "EAST", "Zone": "deci", "Date": "2020-12-14", "Technician": "PALA", "layer": "pat1_point", "path": "H:\\GSSTI\\rscc\\landcover\\Semi-Dec_East\\final_east-21122020\\shapefiles_east\\pat1_point.shp" }, "geometry": { "type": "Point", "coordinates": [ -112253.12921788120002, 703652.118499001837336 ] } },
{ "type": "Feature", "properties": { "fid": 14051.0, "CropType": "maiz", "Photo1": "DCIM/JPEG_20201214144333840.jpg", "Photo2": "DCIM/JPEG_20201214144358016.jpg", "Photo3": "DCIM/JPEG_20201214144413925.jpg", "Photo4": "DCIM/JPEG_20201214144436819.jpg", "Irrigation": "FALSE", "District": "KWAE", "Region": "EAST", "Zone": "deci", "Date": "2020-12-14", "Technician": "PALA", "layer": "pat1_point", "path": "H:\\GSSTI\\rscc\\landcover\\Semi-Dec_East\\final_east-21122020\\shapefiles_east\\pat1_point.shp" }, "geometry": { "type": "Point", "coordinates": [ -109629.544037564948667, 709743.565632197889499 ] } },
{ "type": "Feature", "properties": { "fid": 14056.0, "CropType": "maiz", "Photo1": "DCIM/JPEG_20201214145537841.jpg", "Photo2": "DCIM/JPEG_20201214145601931.jpg", "Photo3": "DCIM/JPEG_20201214145616131.jpg", "Photo4": "DCIM/JPEG_20201214145627658.jpg", "Irrigation": "FALSE", "District": "KWAE", "Region": "EAST", "Zone": "deci", "Date": "2020-12-14", "Technician": "PALA", "layer": "pat1_point", "path": "H:\\GSSTI\\rscc\\landcover\\Semi-Dec_East\\final_east-21122020\\shapefiles_east\\pat1_point.shp" }, "geometry": { "type": "Point", "coordinates": [ -108217.590984461639891, 708954.736550261965021 ] } },
{ "type": "Feature", "properties": { "fid": 14059.0, "CropType": "coco", "Photo1": "DCIM/JPEG_20201214150823624.jpg", "Photo2": "DCIM/JPEG_20201214150839145.jpg", "Photo3": "DCIM/JPEG_20201214150852154.jpg", "Photo4": "DCIM/JPEG_20201214150936823.jpg", "Irrigation": "FALSE", "District": "KWAE", "Region": "EAST", "Zone": "deci", "Date": "2020-12-14", "Technician": "PALA", "layer": "pat1_point", "path": "H:\\GSSTI\\rscc\\landcover\\Semi-Dec_East\\final_east-21122020\\shapefiles_east\\pat1_point.shp" }, "geometry": { "type": "Point", "coordinates": [ -105141.04012591400533, 709367.734184741508216 ] } },
{ "type": "Feature", "properties": { "fid": 14060.0, "CropType": "coco", "Photo1": "DCIM/JPEG_20201214151437558.jpg", "Photo2": "DCIM/JPEG_20201214151450882.jpg", "Photo3": "DCIM/JPEG_20201214151503387.jpg", "Photo4": "DCIM/JPEG_20201214151527172.jpg", "Irrigation": "FALSE", "District": "KWAE", "Region": "EAST", "Zone": "deci", "Date": "2020-12-14", "Technician": "PALA", "layer": "pat1_point", "path": "H:\\GSSTI\\rscc\\landcover\\Semi-Dec_East\\final_east-21122020\\shapefiles_east\\pat1_point.shp" }, "geometry": { "type": "Point", "coordinates": [ -103988.701331691874657, 708808.189635017537512 ] } },
{ "type": "Feature", "properties": { "fid": 14061.0, "CropType": "maiz", "Photo1": "DCIM/JPEG_20201214153905831.jpg", "Photo2": "DCIM/JPEG_20201214153922674.jpg", "Photo3": "DCIM/JPEG_20201214153936167.jpg", "Photo4": "DCIM/JPEG_20201214153947215.jpg", "Irrigation": "FALSE", "District": "KWAE", "Region": "EAST", "Zone": "deci", "Date": "2020-12-14", "Technician": "PALA", "layer": "pat1_point", "path": "H:\\GSSTI\\rscc\\landcover\\Semi-Dec_East\\final_east-21122020\\shapefiles_east\\pat1_point.shp" }, "geometry": { "type": "Point", "coordinates": [ -99285.462364978215192, 701157.385946783586405 ] } },
{ "type": "Feature", "properties": { "fid": 14062.0, "CropType": "cass", "Photo1": "DCIM/JPEG_20201214154339691.jpg", "Photo2": "DCIM/JPEG_20201214154354824.jpg", "Photo3": "DCIM/JPEG_20201214154408527.jpg", "Photo4": "DCIM/JPEG_20201214154420632.jpg", "Irrigation": "FALSE", "District": "KWAE", "Region": "EAST", "Zone": "deci", "Date": "2020-12-14", "Technician": "PALA", "layer": "pat1_point", "path": "H:\\GSSTI\\rscc\\landcover\\Semi-Dec_East\\final_east-21122020\\shapefiles_east\\pat1_point.shp" }, "geometry": { "type": "Point", "coordinates": [ -98611.131562224822119, 700423.57260310521815 ] } },
{ "type": "Feature", "properties": { "fid": 14063.0, "CropType": "plnt", "Photo1": "DCIM/JPEG_20201214155753406.jpg", "Photo2": "DCIM/JPEG_20201214155805438.jpg", "Photo3": "DCIM/JPEG_20201214155822287.jpg", "Photo4": "DCIM/JPEG_20201214155901639.jpg", "Irrigation": "FALSE", "District": "KWAE", "Region": "EAST", "Zone": "deci", "Date": "2020-12-14", "Technician": "PALA", "layer": "pat1_point", "path": "H:\\GSSTI\\rscc\\landcover\\Semi-Dec_East\\final_east-21122020\\shapefiles_east\\pat1_point.shp" }, "geometry": { "type": "Point", "coordinates": [ -96878.44739867496537, 695553.596094894688576 ] } },
{ "type": "Feature", "properties": { "fid": 14065.0, "CropType": "oran", "Photo1": "DCIM/JPEG_20201214160219647.jpg", "Photo2": "DCIM/JPEG_20201214160234985.jpg", "Photo3": "DCIM/JPEG_20201214160248535.jpg", "Photo4": "DCIM/JPEG_20201214160300701.jpg", "Irrigation": "FALSE", "District": "KWAE", "Region": "EAST", "Zone": "deci", "Date": "2020-12-14", "Technician": "PALA", "layer": "pat1_point", "path": "H:\\GSSTI\\rscc\\landcover\\Semi-Dec_East\\final_east-21122020\\shapefiles_east\\pat1_point.shp" }, "geometry": { "type": "Point", "coordinates": [ -96583.20398986840155, 695111.361857861164026 ] } },
{ "type": "Feature", "properties": { "fid": 14066.0, "CropType": "maiz", "Photo1": "DCIM/JPEG_20201214160747389.jpg", "Photo2": "DCIM/JPEG_20201214160801910.jpg", "Photo3": "DCIM/JPEG_20201214160813992.jpg", "Photo4": "DCIM/JPEG_20201214160912360.jpg", "Irrigation": "FALSE", "District": "KWAE", "Region": "EAST", "Zone": "deci", "Date": "2020-12-14", "Technician": "PALA", "layer": "pat1_point", "path": "H:\\GSSTI\\rscc\\landcover\\Semi-Dec_East\\final_east-21122020\\shapefiles_east\\pat1_point.shp" }, "geometry": { "type": "Point", "coordinates": [ -95560.454312882618979, 693949.791951676830649 ] } },
{ "type": "Feature", "properties": { "fid": 14068.0, "CropType": "plnt", "Photo1": "DCIM/JPEG_20201214161159311.jpg", "Photo2": "DCIM/JPEG_20201214161230287.jpg", "Photo3": "DCIM/JPEG_20201214161340135.jpg", "Photo4": "DCIM/JPEG_20201214161401658.jpg", "Irrigation": "FALSE", "District": "KWAE", "Region": "EAST", "Zone": "deci", "Date": "2020-12-14", "Technician": "PALA", "layer": "pat1_point", "path": "H:\\GSSTI\\rscc\\landcover\\Semi-Dec_East\\final_east-21122020\\shapefiles_east\\pat1_point.shp" }, "geometry": { "type": "Point", "coordinates": [ -95493.031807957537239, 693917.844344218727201 ] } },
{ "type": "Feature", "properties": { "fid": 14069.0, "CropType": "rice", "Photo1": "DCIM/JPEG_20201214163539589.jpg", "Photo2": "DCIM/JPEG_20201214163555832.jpg", "Photo3": "DCIM/JPEG_20201214163607401.jpg", "Photo4": "DCIM/JPEG_20201214163639324.jpg", "Irrigation": "FALSE", "District": "KWAE", "Region": "EAST", "Zone": "deci", "Date": "2020-12-14", "Technician": "PALA", "layer": "pat1_point", "path": "H:\\GSSTI\\rscc\\landcover\\Semi-Dec_East\\final_east-21122020\\shapefiles_east\\pat1_point.shp" }, "geometry": { "type": "Point", "coordinates": [ -92496.119137323446921, 684570.897590576321818 ] } },
{ "type": "Feature", "properties": { "fid": 15001.0, "CropType": "plnt", "Photo1": "DCIM/JPEG_20201215101314633.jpg", "Photo2": "DCIM/JPEG_20201215101333007.jpg", "Photo3": "DCIM/JPEG_20201215101349534.jpg", "Photo4": "DCIM/JPEG_20201215101422202.jpg", "Irrigation": "FALSE", "District": "KWAE", "Region": "EAST", "Zone": "deci", "Date": "2020-12-15", "Technician": "PALA", "layer": "pat1_point", "path": "H:\\GSSTI\\rscc\\landcover\\Semi-Dec_East\\final_east-21122020\\shapefiles_east\\pat1_point.shp" }, "geometry": { "type": "Point", "coordinates": [ -91229.271299319530954, 686196.102579325204715 ] } },
{ "type": "Feature", "properties": { "fid": 15002.0, "CropType": "plnt", "Photo1": "DCIM/JPEG_20201215101631783.jpg", "Photo2": "DCIM/JPEG_20201215101643408.jpg", "Photo3": "DCIM/JPEG_20201215101653022.jpg", "Photo4": "DCIM/JPEG_20201215101709431.jpg", "Irrigation": "FALSE", "District": "KWAE", "Region": "EAST", "Zone": "deci", "Date": "2020-12-15", "Technician": "PALA", "layer": "pat1_point", "path": "H:\\GSSTI\\rscc\\landcover\\Semi-Dec_East\\final_east-21122020\\shapefiles_east\\pat1_point.shp" }, "geometry": { "type": "Point", "coordinates": [ -91274.837594500830164, 686535.123867478920147 ] } },
{ "type": "Feature", "properties": { "fid": 15008.0, "CropType": "cass", "Photo1": "DCIM/JPEG_20201215111950798.jpg", "Photo2": "DCIM/JPEG_20201215112016110.jpg", "Photo3": "DCIM/JPEG_20201215112046025.jpg", "Photo4": "DCIM/JPEG_20201215112111115.jpg", "Irrigation": "FALSE", "District": "KWAE", "Region": "EAST", "Zone": "deci", "Date": "2020-12-15", "Technician": "PALA", "layer": "pat1_point", "path": "H:\\GSSTI\\rscc\\landcover\\Semi-Dec_East\\final_east-21122020\\shapefiles_east\\pat1_point.shp" }, "geometry": { "type": "Point", "coordinates": [ -89508.790979560595588, 685427.380518361576833 ] } },
{ "type": "Feature", "properties": { "fid": 15009.0, "CropType": "coco", "Photo1": "DCIM/JPEG_20201215113933577.jpg", "Photo2": "DCIM/JPEG_20201215113959777.jpg", "Photo3": "DCIM/JPEG_20201215114024752.jpg", "Photo4": "DCIM/JPEG_20201215114059619.jpg", "Irrigation": "FALSE", "District": "KWAE", "Region": "EAST", "Zone": "deci", "Date": "2020-12-15", "Technician": "PALA", "layer": "pat1_point", "path": "H:\\GSSTI\\rscc\\landcover\\Semi-Dec_East\\final_east-21122020\\shapefiles_east\\pat1_point.shp" }, "geometry": { "type": "Point", "coordinates": [ -89501.0338663795701, 685382.177376447943971 ] } },
{ "type": "Feature", "properties": { "fid": 15012.0, "CropType": "oran", "Photo1": "DCIM/JPEG_20201215123150076.jpg", "Photo2": "DCIM/JPEG_20201215123209976.jpg", "Photo3": "DCIM/JPEG_20201215123227086.jpg", "Photo4": "DCIM/JPEG_20201215123254903.jpg", "Irrigation": "FALSE", "District": "KWAE", "Region": "EAST", "Zone": "deci", "Date": "2020-12-15", "Technician": "PALA", "layer": "pat1_point", "path": "H:\\GSSTI\\rscc\\landcover\\Semi-Dec_East\\final_east-21122020\\shapefiles_east\\pat1_point.shp" }, "geometry": { "type": "Point", "coordinates": [ -82981.502134555092198, 685555.843168261228129 ] } },
{ "type": "Feature", "properties": { "fid": 15015.0, "CropType": "coco", "Photo1": "DCIM/JPEG_20201215125217557.jpg", "Photo2": "DCIM/JPEG_20201215125237173.jpg", "Photo3": "DCIM/JPEG_20201215125252443.jpg", "Photo4": "DCIM/JPEG_20201215125321334.jpg", "Irrigation": "FALSE", "District": "KWAE", "Region": "EAST", "Zone": "deci", "Date": "2020-12-15", "Technician": "PALA", "layer": "pat1_point", "path": "H:\\GSSTI\\rscc\\landcover\\Semi-Dec_East\\final_east-21122020\\shapefiles_east\\pat1_point.shp" }, "geometry": { "type": "Point", "coordinates": [ -82160.745384258974809, 685882.347274744766764 ] } },
{ "type": "Feature", "properties": { "fid": 15019.0, "CropType": "rubb", "Photo1": "DCIM/JPEG_20201215134818473.jpg", "Photo2": "DCIM/JPEG_20201215134837282.jpg", "Photo3": "DCIM/JPEG_20201215134849128.jpg", "Photo4": "DCIM/JPEG_20201215134905598.jpg", "Irrigation": "FALSE", "District": "KWAE", "Region": "EAST", "Zone": "deci", "Date": "2020-12-15", "Technician": "PALA", "layer": "pat1_point", "path": "H:\\GSSTI\\rscc\\landcover\\Semi-Dec_East\\final_east-21122020\\shapefiles_east\\pat1_point.shp" }, "geometry": { "type": "Point", "coordinates": [ -77702.626127621377236, 686325.307437195675448 ] } },
{ "type": "Feature", "properties": { "fid": 15023.0, "CropType": "coco", "Photo1": "DCIM/JPEG_20201215143356770.jpg", "Photo2": "DCIM/JPEG_20201215143418128.jpg", "Photo3": "DCIM/JPEG_20201215143429656.jpg", "Photo4": "DCIM/JPEG_20201215143511059.jpg", "Irrigation": "FALSE", "District": "ATWE", "Region": "EAST", "Zone": "deci", "Date": "2020-12-15", "Technician": "PALA", "layer": "pat1_point", "path": "H:\\GSSTI\\rscc\\landcover\\Semi-Dec_East\\final_east-21122020\\shapefiles_east\\pat1_point.shp" }, "geometry": { "type": "Point", "coordinates": [ -78106.728866474877577, 690388.738787721493281 ] } },
{ "type": "Feature", "properties": { "fid": 15029.0, "CropType": "plnt", "Photo1": "DCIM/JPEG_20201215145424484.jpg", "Photo2": "DCIM/JPEG_20201215145442556.jpg", "Photo3": "DCIM/JPEG_20201215145504101.jpg", "Photo4": "DCIM/JPEG_20201215145528048.jpg", "Irrigation": "FALSE", "District": "KWAE", "Region": "EAST", "Zone": "deci", "Date": "2020-12-15", "Technician": "PALA", "layer": "pat1_point", "path": "H:\\GSSTI\\rscc\\landcover\\Semi-Dec_East\\final_east-21122020\\shapefiles_east\\pat1_point.shp" }, "geometry": { "type": "Point", "coordinates": [ -99360.406626608863007, 686801.596883131656796 ] } },
{ "type": "Feature", "properties": { "fid": 15030.0, "CropType": "oilp", "Photo1": "DCIM/JPEG_20201215150315850.jpg", "Photo2": "DCIM/JPEG_20201215150331625.jpg", "Photo3": "DCIM/JPEG_20201215150352592.jpg", "Photo4": "DCIM/JPEG_20201215150412595.jpg", "Irrigation": "FALSE", "District": "KARA", "Region": "EAST", "Zone": "deci", "Date": "2020-12-15", "Technician": "PALA", "layer": "pat1_point", "path": "H:\\GSSTI\\rscc\\landcover\\Semi-Dec_East\\final_east-21122020\\shapefiles_east\\pat1_point.shp" }, "geometry": { "type": "Point", "coordinates": [ -99360.406626608863007, 686801.596883131656796 ] } },
{ "type": "Feature", "properties": { "fid": 15031.0, "CropType": "oilp", "Photo1": "DCIM/JPEG_20201215150543745.jpg", "Photo2": "DCIM/JPEG_20201215150604485.jpg", "Photo3": "DCIM/JPEG_20201215150619161.jpg", "Photo4": "DCIM/JPEG_20201215150633441.jpg", "Irrigation": "FALSE", "District": "ATWE", "Region": "EAST", "Zone": "deci", "Date": "2020-12-15", "Technician": "PALA", "layer": "pat1_point", "path": "H:\\GSSTI\\rscc\\landcover\\Semi-Dec_East\\final_east-21122020\\shapefiles_east\\pat1_point.shp" }, "geometry": { "type": "Point", "coordinates": [ -80867.908648058597464, 692686.163259399821982 ] } },
{ "type": "Feature", "properties": { "fid": 15032.0, "CropType": "cass", "Photo1": "DCIM/JPEG_20201215150954655.jpg", "Photo2": "DCIM/JPEG_20201215151026582.jpg", "Photo3": "DCIM/JPEG_20201215151043724.jpg", "Photo4": "DCIM/JPEG_20201215151100916.jpg", "Irrigation": "FALSE", "District": "ATWE", "Region": "EAST", "Zone": "deci", "Date": "2020-12-15", "Technician": "PALA", "layer": "pat1_point", "path": "H:\\GSSTI\\rscc\\landcover\\Semi-Dec_East\\final_east-21122020\\shapefiles_east\\pat1_point.shp" }, "geometry": { "type": "Point", "coordinates": [ -81203.917254395666532, 692590.412126016221009 ] } },
{ "type": "Feature", "properties": { "fid": 15033.0, "CropType": "plnt", "Photo1": "DCIM/JPEG_20201215151337503.jpg", "Photo2": "DCIM/JPEG_20201215151353353.jpg", "Photo3": "DCIM/JPEG_20201215151408568.jpg", "Photo4": "DCIM/JPEG_20201215151422565.jpg", "Irrigation": "FALSE", "District": "KWAE", "Region": "EAST", "Zone": "deci", "Date": "2020-12-15", "Technician": "PALA", "layer": "pat1_point", "path": "H:\\GSSTI\\rscc\\landcover\\Semi-Dec_East\\final_east-21122020\\shapefiles_east\\pat1_point.shp" }, "geometry": { "type": "Point", "coordinates": [ -81537.224507754726801, 692568.384497696068138 ] } },
{ "type": "Feature", "properties": { "fid": 15034.0, "CropType": "plnt", "Photo1": "DCIM/JPEG_20201215151537910.jpg", "Photo2": "DCIM/JPEG_20201215151550968.jpg", "Photo3": "DCIM/JPEG_20201215151608167.jpg", "Photo4": "DCIM/JPEG_20201215151621376.jpg", "Irrigation": "FALSE", "District": "ATWE", "Region": "EAST", "Zone": "deci", "Date": "2020-12-15", "Technician": "PALA", "layer": "pat1_point", "path": "H:\\GSSTI\\rscc\\landcover\\Semi-Dec_East\\final_east-21122020\\shapefiles_east\\pat1_point.shp" }, "geometry": { "type": "Point", "coordinates": [ -81538.105787054897519, 692567.195681591052562 ] } },
{ "type": "Feature", "properties": { "fid": 15035.0, "CropType": "cass", "Photo1": "DCIM/JPEG_20201215153048115.jpg", "Photo2": "DCIM/JPEG_20201215153109872.jpg", "Photo3": "DCIM/JPEG_20201215153131235.jpg", "Photo4": "DCIM/JPEG_20201215153148091.jpg", "Irrigation": "FALSE", "District": "ATWE", "Region": "EAST", "Zone": "deci", "Date": "2020-12-15", "Technician": "PALA", "layer": "pat1_point", "path": "H:\\GSSTI\\rscc\\landcover\\Semi-Dec_East\\final_east-21122020\\shapefiles_east\\pat1_point.shp" }, "geometry": { "type": "Point", "coordinates": [ -86179.722236993460683, 692837.141534778522328 ] } },
{ "type": "Feature", "properties": { "fid": 15036.0, "CropType": "oilp", "Photo1": "DCIM/JPEG_20201215154307702.jpg", "Photo2": "DCIM/JPEG_20201215154329710.jpg", "Photo3": "DCIM/JPEG_20201215154346119.jpg", "Photo4": "DCIM/JPEG_20201215154404462.jpg", "Irrigation": "FALSE", "District": "ATWE", "Region": "EAST", "Zone": "deci", "Date": "2020-12-15", "Technician": "PALA", "layer": "pat1_point", "path": "H:\\GSSTI\\rscc\\landcover\\Semi-Dec_East\\final_east-21122020\\shapefiles_east\\pat1_point.shp" }, "geometry": { "type": "Point", "coordinates": [ -86827.6165160099481, 691367.880926948157139 ] } },
{ "type": "Feature", "properties": { "fid": 15037.0, "CropType": "oilp", "Photo1": "DCIM/JPEG_20201215160101582.jpg", "Photo2": "DCIM/JPEG_20201215160128187.jpg", "Photo3": "DCIM/JPEG_20201215160146339.jpg", "Photo4": "DCIM/JPEG_20201215160158783.jpg", "Irrigation": "FALSE", "District": "ATWE", "Region": "EAST", "Zone": "deci", "Date": "2020-12-15", "Technician": "PALA", "layer": "pat1_point", "path": "H:\\GSSTI\\rscc\\landcover\\Semi-Dec_East\\final_east-21122020\\shapefiles_east\\pat1_point.shp" }, "geometry": { "type": "Point", "coordinates": [ -86827.6165160099481, 691367.880926948157139 ] } },
{ "type": "Feature", "properties": { "fid": 15041.0, "CropType": "plnt", "Photo1": "DCIM/JPEG_20201215162458988.jpg", "Photo2": "DCIM/JPEG_20201215162519073.jpg", "Photo3": "DCIM/JPEG_20201215162539174.jpg", "Photo4": "DCIM/JPEG_20201215162556893.jpg", "Irrigation": "FALSE", "District": "ATWE", "Region": "EAST", "Zone": "deci", "Date": "2020-12-15", "Technician": "PALA", "layer": "pat1_point", "path": "H:\\GSSTI\\rscc\\landcover\\Semi-Dec_East\\final_east-21122020\\shapefiles_east\\pat1_point.shp" }, "geometry": { "type": "Point", "coordinates": [ -92589.42059322768182, 692336.843884275411256 ] } },
{ "type": "Feature", "properties": { "fid": 15042.0, "CropType": "maiz", "Photo1": "DCIM/JPEG_20201215163811791.jpg", "Photo2": "DCIM/JPEG_20201215163827754.jpg", "Photo3": "DCIM/JPEG_20201215163841527.jpg", "Photo4": "DCIM/JPEG_20201215163955122.jpg", "Irrigation": "FALSE", "District": "KWAE", "Region": "EAST", "Zone": "deci", "Date": "2020-12-15", "Technician": "PALA", "layer": "pat1_point", "path": "H:\\GSSTI\\rscc\\landcover\\Semi-Dec_East\\final_east-21122020\\shapefiles_east\\pat1_point.shp" }, "geometry": { "type": "Point", "coordinates": [ -92589.42059322768182, 692336.843884275411256 ] } },
{ "type": "Feature", "properties": { "fid": 15043.0, "CropType": "cass", "Photo1": "DCIM/JPEG_20201215164236778.jpg", "Photo2": "DCIM/JPEG_20201215164321885.jpg", "Photo3": "DCIM/JPEG_20201215164343413.jpg", "Photo4": "DCIM/JPEG_20201215164353233.jpg", "Irrigation": "FALSE", "District": "KWAE", "Region": "EAST", "Zone": "deci", "Date": "2020-12-15", "Technician": "PALA", "layer": "pat1_point", "path": "H:\\GSSTI\\rscc\\landcover\\Semi-Dec_East\\final_east-21122020\\shapefiles_east\\pat1_point.shp" }, "geometry": { "type": "Point", "coordinates": [ -92365.209459205972962, 685905.006839289213531 ] } },
{ "type": "Feature", "properties": { "fid": 16008.0, "CropType": "rubb", "Photo1": "DCIM/JPEG_20201216112748472.jpg", "Photo2": "DCIM/JPEG_20201216112802904.jpg", "Photo3": "DCIM/JPEG_20201216112815428.jpg", "Photo4": "DCIM/JPEG_20201216112831699.jpg", "Irrigation": "FALSE", "District": "KWAE", "Region": "EAST", "Zone": "deci", "Date": "2020-12-16", "Technician": "PALA", "layer": "pat1_point", "path": "H:\\GSSTI\\rscc\\landcover\\Semi-Dec_East\\final_east-21122020\\shapefiles_east\\pat1_point.shp" }, "geometry": { "type": "Point", "coordinates": [ -103268.612894925230648, 682359.567407719790936 ] } },
{ "type": "Feature", "properties": { "fid": 16009.0, "CropType": "maiz", "Photo1": "DCIM/JPEG_20201216113154423.jpg", "Photo2": "DCIM/JPEG_20201216113226894.jpg", "Photo3": "DCIM/JPEG_20201216113240131.jpg", "Photo4": "DCIM/JPEG_20201216113251437.jpg", "Irrigation": "FALSE", "District": "KWAE", "Region": "EAST", "Zone": "deci", "Date": "2020-12-16", "Technician": "PALA", "layer": "pat1_point", "path": "H:\\GSSTI\\rscc\\landcover\\Semi-Dec_East\\final_east-21122020\\shapefiles_east\\pat1_point.shp" }, "geometry": { "type": "Point", "coordinates": [ -103504.151950169645716, 682331.902800296200439 ] } },
{ "type": "Feature", "properties": { "fid": 16010.0, "CropType": "maiz", "Photo1": "DCIM/JPEG_20201216113814142.jpg", "Photo2": "DCIM/JPEG_20201216113825141.jpg", "Photo3": "DCIM/JPEG_20201216113833467.jpg", "Photo4": "DCIM/JPEG_20201216113843435.jpg", "Irrigation": "FALSE", "District": "KWAE", "Region": "EAST", "Zone": "deci", "Date": "2020-12-16", "Technician": "PALA", "layer": "pat1_point", "path": "H:\\GSSTI\\rscc\\landcover\\Semi-Dec_East\\final_east-21122020\\shapefiles_east\\pat1_point.shp" }, "geometry": { "type": "Point", "coordinates": [ -104256.747776250631432, 682411.909268067916855 ] } },
{ "type": "Feature", "properties": { "fid": 16011.0, "CropType": "maiz", "Photo1": "DCIM/JPEG_20201216114357926.jpg", "Photo2": "DCIM/JPEG_20201216114408939.jpg", "Photo3": "DCIM/JPEG_20201216114419922.jpg", "Photo4": "DCIM/JPEG_20201216114437361.jpg", "Irrigation": "FALSE", "District": "KWAE", "Region": "EAST", "Zone": "deci", "Date": "2020-12-16", "Technician": "PALA", "layer": "pat1_point", "path": "H:\\GSSTI\\rscc\\landcover\\Semi-Dec_East\\final_east-21122020\\shapefiles_east\\pat1_point.shp" }, "geometry": { "type": "Point", "coordinates": [ -104826.315806218059151, 682818.638300783117302 ] } },
{ "type": "Feature", "properties": { "fid": 16012.0, "CropType": "maiz", "Photo1": "DCIM/JPEG_20201216114804417.jpg", "Photo2": "DCIM/JPEG_20201216114815553.jpg", "Photo3": "DCIM/JPEG_20201216114830789.jpg", "Photo4": "DCIM/JPEG_20201216114902528.jpg", "Irrigation": "FALSE", "District": "KWAE", "Region": "EAST", "Zone": "deci", "Date": "2020-12-16", "Technician": "PALA", "layer": "pat1_point", "path": "H:\\GSSTI\\rscc\\landcover\\Semi-Dec_East\\final_east-21122020\\shapefiles_east\\pat1_point.shp" }, "geometry": { "type": "Point", "coordinates": [ -104985.608431569868117, 682992.119366375729442 ] } },
{ "type": "Feature", "properties": { "fid": 16017.0, "CropType": "coco", "Photo1": "DCIM/JPEG_20201216115201871.jpg", "Photo2": "DCIM/JPEG_20201216115214753.jpg", "Photo3": "DCIM/JPEG_20201216115225366.jpg", "Photo4": "DCIM/JPEG_20201216115243598.jpg", "Irrigation": "FALSE", "District": "KWAE", "Region": "EAST", "Zone": "deci", "Date": "2020-12-16", "Technician": "PALA", "layer": "pat1_point", "path": "H:\\GSSTI\\rscc\\landcover\\Semi-Dec_East\\final_east-21122020\\shapefiles_east\\pat1_point.shp" }, "geometry": { "type": "Point", "coordinates": [ -104917.351030464793439, 683031.164850975968875 ] } },
{ "type": "Feature", "properties": { "fid": 16020.0, "CropType": "bush", "Photo1": "DCIM/JPEG_20201216121601031.jpg", "Photo2": "DCIM/JPEG_20201216121620236.jpg", "Photo3": "DCIM/JPEG_20201216121629989.jpg", "Photo4": "DCIM/JPEG_20201216121653640.jpg", "Irrigation": "FALSE", "District": "KWAE", "Region": "EAST", "Zone": "deci", "Date": "2020-12-16", "Technician": "PALA", "layer": "pat1_point", "path": "H:\\GSSTI\\rscc\\landcover\\Semi-Dec_East\\final_east-21122020\\shapefiles_east\\pat1_point.shp" }, "geometry": { "type": "Point", "coordinates": [ -108068.386511408432852, 685365.351232193643227 ] } },
{ "type": "Feature", "properties": { "fid": 16025.0, "CropType": "coco", "Photo1": "DCIM/JPEG_20201216123907281.jpg", "Photo2": "DCIM/JPEG_20201216123919610.jpg", "Photo3": "DCIM/JPEG_20201216123934642.jpg", "Photo4": "DCIM/JPEG_20201216123949653.jpg", "Irrigation": "FALSE", "District": "KWAE", "Region": "EAST", "Zone": "deci", "Date": "2020-12-16", "Technician": "PALA", "layer": "pat1_point", "path": "H:\\GSSTI\\rscc\\landcover\\Semi-Dec_East\\final_east-21122020\\shapefiles_east\\pat1_point.shp" }, "geometry": { "type": "Point", "coordinates": [ -113620.219765092144371, 685109.143589528859593 ] } },
{ "type": "Feature", "properties": { "fid": 16030.0, "CropType": "oran", "Photo1": "DCIM/JPEG_20201216125248729.jpg", "Photo2": "DCIM/JPEG_20201216125315721.jpg", "Photo3": "DCIM/JPEG_20201216125438544.jpg", "Photo4": "DCIM/JPEG_20201216125347770.jpg", "Irrigation": "FALSE", "District": "KWAE", "Region": "EAST", "Zone": "deci", "Date": "2020-12-16", "Technician": "PALA", "layer": "pat1_point", "path": "H:\\GSSTI\\rscc\\landcover\\Semi-Dec_East\\final_east-21122020\\shapefiles_east\\pat1_point.shp" }, "geometry": { "type": "Point", "coordinates": [ -114473.776939694274915, 685848.498065411346033 ] } },
{ "type": "Feature", "properties": { "fid": 16032.0, "CropType": "oilp", "Photo1": "DCIM/JPEG_20201216130555648.jpg", "Photo2": "DCIM/JPEG_20201216130609281.jpg", "Photo3": "DCIM/JPEG_20201216125438544.jpg", "Photo4": "DCIM/JPEG_20201216130630535.jpg", "Irrigation": "FALSE", "District": "KWAE", "Region": "EAST", "Zone": "deci", "Date": "2020-12-16", "Technician": "PALA", "layer": "pat1_point", "path": "H:\\GSSTI\\rscc\\landcover\\Semi-Dec_East\\final_east-21122020\\shapefiles_east\\pat1_point.shp" }, "geometry": { "type": "Point", "coordinates": [ -115271.084102905500913, 686190.694418143597431 ] } },
{ "type": "Feature", "properties": { "fid": 16036.0, "CropType": "plnt", "Photo1": "DCIM/JPEG_20201216131122315.jpg", "Photo2": "DCIM/JPEG_20201216131133607.jpg", "Photo3": "DCIM/JPEG_20201216125438544.jpg", "Photo4": "DCIM/JPEG_20201216131147525.jpg", "Irrigation": "FALSE", "District": "KWAE", "Region": "EAST", "Zone": "deci", "Date": "2020-12-16", "Technician": "PALA", "layer": "pat1_point", "path": "H:\\GSSTI\\rscc\\landcover\\Semi-Dec_East\\final_east-21122020\\shapefiles_east\\pat1_point.shp" }, "geometry": { "type": "Point", "coordinates": [ -115985.246874788965215, 686276.949946533306502 ] } },
{ "type": "Feature", "properties": { "fid": 16049.0, "CropType": "oran", "Photo1": "DCIM/JPEG_20201216144643144.jpg", "Photo2": "DCIM/JPEG_20201216144705167.jpg", "Photo3": "DCIM/JPEG_20201216144723331.jpg", "Photo4": "DCIM/JPEG_20201216144743582.jpg", "Irrigation": "FALSE", "District": "BISO", "Region": "EAST", "Zone": "deci", "Date": "2020-12-16", "Technician": "PALA", "layer": "pat1_point", "path": "H:\\GSSTI\\rscc\\landcover\\Semi-Dec_East\\final_east-21122020\\shapefiles_east\\pat1_point.shp" }, "geometry": { "type": "Point", "coordinates": [ -120914.050913050712552, 686345.845480352640152 ] } },
{ "type": "Feature", "properties": { "fid": 16054.0, "CropType": "maiz", "Photo1": "DCIM/JPEG_20201216154213632.jpg", "Photo2": "DCIM/JPEG_20201216154225385.jpg", "Photo3": "DCIM/JPEG_20201216154236966.jpg", "Photo4": "DCIM/JPEG_20201216154250166.jpg", "Irrigation": "FALSE", "District": "BISO", "Region": "EAST", "Zone": "deci", "Date": "2020-12-16", "Technician": "PALA", "layer": "pat1_point", "path": "H:\\GSSTI\\rscc\\landcover\\Semi-Dec_East\\final_east-21122020\\shapefiles_east\\pat1_point.shp" }, "geometry": { "type": "Point", "coordinates": [ -127289.282899609082961, 681917.780493531143293 ] } },
{ "type": "Feature", "properties": { "fid": 16055.0, "CropType": "rice", "Photo1": "DCIM/JPEG_20201216154622631.jpg", "Photo2": "DCIM/JPEG_20201216154636180.jpg", "Photo3": "DCIM/JPEG_20201216154647938.jpg", "Photo4": "DCIM/JPEG_20201216154657949.jpg", "Irrigation": "FALSE", "District": "BISO", "Region": "EAST", "Zone": "deci", "Date": "2020-12-16", "Technician": "PALA", "layer": "pat1_point", "path": "H:\\GSSTI\\rscc\\landcover\\Semi-Dec_East\\final_east-21122020\\shapefiles_east\\pat1_point.shp" }, "geometry": { "type": "Point", "coordinates": [ -127110.984326532561681, 680745.795752611826174 ] } },
{ "type": "Feature", "properties": { "fid": 16059.0, "CropType": "rice", "Photo1": "DCIM/JPEG_20201216160635008.jpg", "Photo2": "DCIM/JPEG_20201216160645787.jpg", "Photo3": "DCIM/JPEG_20201216160718383.jpg", "Photo4": "DCIM/JPEG_20201216160756383.jpg", "Irrigation": "FALSE", "District": "BISO", "Region": "EAST", "Zone": "deci", "Date": "2020-12-16", "Technician": "PALA", "layer": "pat1_point", "path": "H:\\GSSTI\\rscc\\landcover\\Semi-Dec_East\\final_east-21122020\\shapefiles_east\\pat1_point.shp" }, "geometry": { "type": "Point", "coordinates": [ -121779.68426073390583, 674653.68662960419897 ] } },
{ "type": "Feature", "properties": { "fid": 17002.0, "CropType": "bush", "Photo1": "DCIM/JPEG_20201217091825198.jpg", "Photo2": "DCIM/JPEG_20201217091837775.jpg", "Photo3": "DCIM/JPEG_20201217091848677.jpg", "Photo4": "DCIM/JPEG_20201217091858547.jpg", "Irrigation": "FALSE", "District": "KWAE", "Region": "EAST", "Zone": "deci", "Date": "2020-12-17", "Technician": "PALA", "layer": "pat1_point", "path": "H:\\GSSTI\\rscc\\landcover\\Semi-Dec_East\\final_east-21122020\\shapefiles_east\\pat1_point.shp" }, "geometry": { "type": "Point", "coordinates": [ -91489.182469657127513, 688287.217728437273763 ] } },
{ "type": "Feature", "properties": { "fid": 17003.0, "CropType": "oilp", "Photo1": "DCIM/JPEG_20201217091959227.jpg", "Photo2": "DCIM/JPEG_20201217092015105.jpg", "Photo3": "DCIM/JPEG_20201217092033684.jpg", "Photo4": "DCIM/JPEG_20201217092048790.jpg", "Irrigation": "FALSE", "District": "KWAE", "Region": "EAST", "Zone": "deci", "Date": "2020-12-17", "Technician": "PALA", "layer": "pat1_point", "path": "H:\\GSSTI\\rscc\\landcover\\Semi-Dec_East\\final_east-21122020\\shapefiles_east\\pat1_point.shp" }, "geometry": { "type": "Point", "coordinates": [ -90927.653195590493851, 688291.749257067451254 ] } },
{ "type": "Feature", "properties": { "fid": 17006.0, "CropType": "coco", "Photo1": "DCIM/JPEG_20201217095634943.jpg", "Photo2": "DCIM/JPEG_20201217095652103.jpg", "Photo3": "DCIM/JPEG_20201217095705798.jpg", "Photo4": "DCIM/JPEG_20201217095814220.jpg", "Irrigation": "FALSE", "District": "KWAE", "Region": "EAST", "Zone": "deci", "Date": "2020-12-17", "Technician": "PALA", "layer": "pat1_point", "path": "H:\\GSSTI\\rscc\\landcover\\Semi-Dec_East\\final_east-21122020\\shapefiles_east\\pat1_point.shp" }, "geometry": { "type": "Point", "coordinates": [ -91993.905845280794892, 690228.745562865864486 ] } },
{ "type": "Feature", "properties": { "fid": 17012.0, "CropType": "cass", "Photo1": "DCIM/JPEG_20201217102544194.jpg", "Photo2": "DCIM/JPEG_20201217102646054.jpg", "Photo3": "DCIM/JPEG_20201217102659141.jpg", "Photo4": "DCIM/JPEG_20201217102710313.jpg", "Irrigation": "FALSE", "District": "KWAE", "Region": "EAST", "Zone": "deci", "Date": "2020-12-17", "Technician": "PALA", "layer": "pat1_point", "path": "H:\\GSSTI\\rscc\\landcover\\Semi-Dec_East\\final_east-21122020\\shapefiles_east\\pat1_point.shp" }, "geometry": { "type": "Point", "coordinates": [ -92472.271476261055795, 690957.611988837015815 ] } },
{ "type": "Feature", "properties": { "fid": 17015.0, "CropType": "oilp", "Photo1": "DCIM/JPEG_20201217103018925.jpg", "Photo2": "DCIM/JPEG_20201217103035992.jpg", "Photo3": "DCIM/JPEG_20201217103103179.jpg", "Photo4": "DCIM/JPEG_20201217103133929.jpg", "Irrigation": "FALSE", "District": "KWAE", "Region": "EAST", "Zone": "deci", "Date": "2020-12-17", "Technician": "PALA", "layer": "pat1_point", "path": "H:\\GSSTI\\rscc\\landcover\\Semi-Dec_East\\final_east-21122020\\shapefiles_east\\pat1_point.shp" }, "geometry": { "type": "Point", "coordinates": [ -92537.204716975582414, 691036.025885541806929 ] } },
{ "type": "Feature", "properties": { "fid": 17016.0, "CropType": "oilp", "Photo1": "DCIM/JPEG_20201217110054483.jpg", "Photo2": "DCIM/JPEG_20201217110106425.jpg", "Photo3": "DCIM/JPEG_20201217110116470.jpg", "Photo4": "DCIM/JPEG_20201217110244094.jpg", "Irrigation": "FALSE", "District": "KWAE", "Region": "EAST", "Zone": "deci", "Date": "2020-12-17", "Technician": "PALA", "layer": "pat1_point", "path": "H:\\GSSTI\\rscc\\landcover\\Semi-Dec_East\\final_east-21122020\\shapefiles_east\\pat1_point.shp" }, "geometry": { "type": "Point", "coordinates": [ -97023.48514521359175, 696772.330171416164376 ] } },
{ "type": "Feature", "properties": { "fid": 17018.0, "CropType": "plnt", "Photo1": "DCIM/JPEG_20201217111853912.jpg", "Photo2": "DCIM/JPEG_20201217111930993.jpg", "Photo3": "DCIM/JPEG_20201217111944536.jpg", "Photo4": "DCIM/JPEG_20201217112001002.jpg", "Irrigation": "FALSE", "District": "KWAE", "Region": "EAST", "Zone": "deci", "Date": "2020-12-17", "Technician": "PALA", "layer": "pat1_point", "path": "H:\\GSSTI\\rscc\\landcover\\Semi-Dec_East\\final_east-21122020\\shapefiles_east\\pat1_point.shp" }, "geometry": { "type": "Point", "coordinates": [ -95136.710147528370726, 700618.702050767256878 ] } },
{ "type": "Feature", "properties": { "fid": 17020.0, "CropType": "maiz", "Photo1": "DCIM/JPEG_20201217112525417.jpg", "Photo2": "DCIM/JPEG_20201217112538042.jpg", "Photo3": "DCIM/JPEG_20201217112557634.jpg", "Photo4": "DCIM/JPEG_20201217112613645.jpg", "Irrigation": "FALSE", "District": "KWAE", "Region": "EAST", "Zone": "deci", "Date": "2020-12-17", "Technician": "PALA", "layer": "pat1_point", "path": "H:\\GSSTI\\rscc\\landcover\\Semi-Dec_East\\final_east-21122020\\shapefiles_east\\pat1_point.shp" }, "geometry": { "type": "Point", "coordinates": [ -93703.941148769008578, 700755.13184046454262 ] } },
{ "type": "Feature", "properties": { "fid": 17021.0, "CropType": "oran", "Photo1": "DCIM/JPEG_20201217113724345.jpg", "Photo2": "DCIM/JPEG_20201217113738823.jpg", "Photo3": "DCIM/JPEG_20201217113756123.jpg", "Photo4": "DCIM/JPEG_20201217113808438.jpg", "Irrigation": "FALSE", "District": "KWAE", "Region": "EAST", "Zone": "deci", "Date": "2020-12-17", "Technician": "PALA", "layer": "pat1_point", "path": "H:\\GSSTI\\rscc\\landcover\\Semi-Dec_East\\final_east-21122020\\shapefiles_east\\pat1_point.shp" }, "geometry": { "type": "Point", "coordinates": [ -88970.626177945188829, 699591.706405282719061 ] } },
{ "type": "Feature", "properties": { "fid": 17028.0, "CropType": "cass", "Photo1": "DCIM/JPEG_20201217115830903.jpg", "Photo2": "DCIM/JPEG_20201217115845067.jpg", "Photo3": "DCIM/JPEG_20201217115856264.jpg", "Photo4": "DCIM/JPEG_20201217115907263.jpg", "Irrigation": "FALSE", "District": "KWAE", "Region": "EAST", "Zone": "deci", "Date": "2020-12-17", "Technician": "PALA", "layer": "pat1_point", "path": "H:\\GSSTI\\rscc\\landcover\\Semi-Dec_East\\final_east-21122020\\shapefiles_east\\pat1_point.shp" }, "geometry": { "type": "Point", "coordinates": [ -86019.219939842208987, 698733.37805342359934 ] } },
{ "type": "Feature", "properties": { "fid": 17029.0, "CropType": "plnt", "Photo1": "DCIM/JPEG_20201217120354515.jpg", "Photo2": "DCIM/JPEG_20201217120408369.jpg", "Photo3": "DCIM/JPEG_20201217120417696.jpg", "Photo4": "DCIM/JPEG_20201217120428909.jpg", "Irrigation": "FALSE", "District": "KWAE", "Region": "EAST", "Zone": "deci", "Date": "2020-12-17", "Technician": "PALA", "layer": "pat1_point", "path": "H:\\GSSTI\\rscc\\landcover\\Semi-Dec_East\\final_east-21122020\\shapefiles_east\\pat1_point.shp" }, "geometry": { "type": "Point", "coordinates": [ -85516.484421497152653, 699101.060600820695981 ] } },
{ "type": "Feature", "properties": { "fid": 17030.0, "CropType": "maiz", "Photo1": "DCIM/JPEG_20201217121815971.jpg", "Photo2": "DCIM/JPEG_20201217121839278.jpg", "Photo3": "DCIM/JPEG_20201217121857712.jpg", "Photo4": "DCIM/JPEG_20201217121948256.jpg", "Irrigation": "FALSE", "District": "KWAE", "Region": "EAST", "Zone": "deci", "Date": "2020-12-17", "Technician": "PALA", "layer": "pat1_point", "path": "H:\\GSSTI\\rscc\\landcover\\Semi-Dec_East\\final_east-21122020\\shapefiles_east\\pat1_point.shp" }, "geometry": { "type": "Point", "coordinates": [ -79618.61601921331021, 704094.842592154280283 ] } },
{ "type": "Feature", "properties": { "fid": 17035.0, "CropType": "bush", "Photo1": "DCIM/JPEG_20201217123138356.jpg", "Photo2": "DCIM/JPEG_20201217123153003.jpg", "Photo3": "DCIM/JPEG_20201217123202984.jpg", "Photo4": "DCIM/JPEG_20201217123212704.jpg", "Irrigation": "FALSE", "District": "ATWE", "Region": "EAST", "Zone": "deci", "Date": "2020-12-17", "Technician": "PALA", "layer": "pat1_point", "path": "H:\\GSSTI\\rscc\\landcover\\Semi-Dec_East\\final_east-21122020\\shapefiles_east\\pat1_point.shp" }, "geometry": { "type": "Point", "coordinates": [ -75592.970392122704652, 705701.754452765570022 ] } },
{ "type": "Feature", "properties": { "fid": 17038.0, "CropType": "cass", "Photo1": "DCIM/JPEG_20201217124801855.jpg", "Photo2": "DCIM/JPEG_20201217124815326.jpg", "Photo3": "DCIM/JPEG_20201217124850127.jpg", "Photo4": "DCIM/JPEG_20201217124901235.jpg", "Irrigation": "FALSE", "District": "ATWE", "Region": "EAST", "Zone": "deci", "Date": "2020-12-17", "Technician": "PALA", "layer": "pat1_point", "path": "H:\\GSSTI\\rscc\\landcover\\Semi-Dec_East\\final_east-21122020\\shapefiles_east\\pat1_point.shp" }, "geometry": { "type": "Point", "coordinates": [ -77110.353542830387596, 700951.319028335157782 ] } },
{ "type": "Feature", "properties": { "fid": 17040.0, "CropType": "maiz", "Photo1": "DCIM/JPEG_20201217125837948.jpg", "Photo2": "DCIM/JPEG_20201217125854707.jpg", "Photo3": "DCIM/JPEG_20201217125908764.jpg", "Photo4": "DCIM/JPEG_20201217125926153.jpg", "Irrigation": "FALSE", "District": "ATWE", "Region": "EAST", "Zone": "deci", "Date": "2020-12-17", "Technician": "PALA", "layer": "pat1_point", "path": "H:\\GSSTI\\rscc\\landcover\\Semi-Dec_East\\final_east-21122020\\shapefiles_east\\pat1_point.shp" }, "geometry": { "type": "Point", "coordinates": [ -76866.238265494728694, 700562.223722353111953 ] } },
{ "type": "Feature", "properties": { "fid": 17041.0, "CropType": "oran", "Photo1": "DCIM/JPEG_20201217130316232.jpg", "Photo2": "DCIM/JPEG_20201217130334689.jpg", "Photo3": "DCIM/JPEG_20201217130348973.jpg", "Photo4": "DCIM/JPEG_20201217130415708.jpg", "Irrigation": "FALSE", "District": "ATWE", "Region": "EAST", "Zone": "deci", "Date": "2020-12-17", "Technician": "PALA", "layer": "pat1_point", "path": "H:\\GSSTI\\rscc\\landcover\\Semi-Dec_East\\final_east-21122020\\shapefiles_east\\pat1_point.shp" }, "geometry": { "type": "Point", "coordinates": [ -75997.096553345094435, 699833.209573909523897 ] } },
{ "type": "Feature", "properties": { "fid": 17045.0, "CropType": "coco", "Photo1": "DCIM/JPEG_20201217133419712.jpg", "Photo2": "DCIM/JPEG_20201217133434638.jpg", "Photo3": "DCIM/JPEG_20201217133446091.jpg", "Photo4": "DCIM/JPEG_20201217133503054.jpg", "Irrigation": "FALSE", "District": "KWAE", "Region": "EAST", "Zone": "deci", "Date": "2020-12-17", "Technician": "PALA", "layer": "pat1_point", "path": "H:\\GSSTI\\rscc\\landcover\\Semi-Dec_East\\final_east-21122020\\shapefiles_east\\pat1_point.shp" }, "geometry": { "type": "Point", "coordinates": [ -73849.00881248684891, 693359.777420182246715 ] } },
{ "type": "Feature", "properties": { "fid": 18001.0, "CropType": "coco", "Photo1": "DCIM/JPEG_20201218105158909.jpg", "Photo2": "DCIM/JPEG_20201218105212016.jpg", "Photo3": "DCIM/JPEG_20201218105223969.jpg", "Photo4": "DCIM/JPEG_20201218105238831.jpg", "Irrigation": "FALSE", "District": "KWAE", "Region": "EAST", "Zone": "deci", "Date": "2020-12-18", "Technician": "PALA", "layer": "pat1_point", "path": "H:\\GSSTI\\rscc\\landcover\\Semi-Dec_East\\final_east-21122020\\shapefiles_east\\pat1_point.shp" }, "geometry": { "type": "Point", "coordinates": [ -96737.724719715450192, 700553.279321851907298 ] } },
{ "type": "Feature", "properties": { "fid": 18002.0, "CropType": "maiz", "Photo1": "DCIM/JPEG_20201218105659314.jpg", "Photo2": "DCIM/JPEG_20201218105711654.jpg", "Photo3": "DCIM/JPEG_20201218105721273.jpg", "Photo4": "DCIM/JPEG_20201218105731803.jpg", "Irrigation": "FALSE", "District": "KWAE", "Region": "EAST", "Zone": "deci", "Date": "2020-12-18", "Technician": "PALA", "layer": "pat1_point", "path": "H:\\GSSTI\\rscc\\landcover\\Semi-Dec_East\\final_east-21122020\\shapefiles_east\\pat1_point.shp" }, "geometry": { "type": "Point", "coordinates": [ -96814.303252756944858, 700617.465505110798404 ] } },
{ "type": "Feature", "properties": { "fid": 18004.0, "CropType": "cass", "Photo1": "DCIM/JPEG_20201218110419596.jpg", "Photo2": "DCIM/JPEG_20201218110432143.jpg", "Photo3": "DCIM/JPEG_20201218110444537.jpg", "Photo4": "DCIM/JPEG_20201218110457143.jpg", "Irrigation": "FALSE", "District": "KWAE", "Region": "EAST", "Zone": "deci", "Date": "2020-12-18", "Technician": "PALA", "layer": "pat1_point", "path": "H:\\GSSTI\\rscc\\landcover\\Semi-Dec_East\\final_east-21122020\\shapefiles_east\\pat1_point.shp" }, "geometry": { "type": "Point", "coordinates": [ -97022.003158679435728, 701176.618848763173446 ] } },
{ "type": "Feature", "properties": { "fid": 18005.0, "CropType": "cass", "Photo1": "DCIM/JPEG_20201218111438664.jpg", "Photo2": "DCIM/JPEG_20201218111455577.jpg", "Photo3": "DCIM/JPEG_20201218111507000.jpg", "Photo4": "DCIM/JPEG_20201218111528233.jpg", "Irrigation": "FALSE", "District": "KWAE", "Region": "EAST", "Zone": "deci", "Date": "2020-12-18", "Technician": "PALA", "layer": "pat1_point", "path": "H:\\GSSTI\\rscc\\landcover\\Semi-Dec_East\\final_east-21122020\\shapefiles_east\\pat1_point.shp" }, "geometry": { "type": "Point", "coordinates": [ -96859.114913775789319, 703713.054218655568548 ] } },
{ "type": "Feature", "properties": { "fid": 18006.0, "CropType": "oilp", "Photo1": "DCIM/JPEG_20201218111809518.jpg", "Photo2": "DCIM/JPEG_20201218111822209.jpg", "Photo3": "DCIM/JPEG_20201218111832925.jpg", "Photo4": "DCIM/JPEG_20201218111842892.jpg", "Irrigation": "FALSE", "District": "KWAE", "Region": "EAST", "Zone": "deci", "Date": "2020-12-18", "Technician": "PALA", "layer": "pat1_point", "path": "H:\\GSSTI\\rscc\\landcover\\Semi-Dec_East\\final_east-21122020\\shapefiles_east\\pat1_point.shp" }, "geometry": { "type": "Point", "coordinates": [ -96965.311852668484789, 703565.426808972144499 ] } },
{ "type": "Feature", "properties": { "fid": 18009.0, "CropType": "coco", "Photo1": "DCIM/JPEG_20201218112311403.jpg", "Photo2": "DCIM/JPEG_20201218112323456.jpg", "Photo3": "DCIM/JPEG_20201218112337719.jpg", "Photo4": "DCIM/JPEG_20201218112349545.jpg", "Irrigation": "FALSE", "District": "KWAE", "Region": "EAST", "Zone": "deci", "Date": "2020-12-18", "Technician": "PALA", "layer": "pat1_point", "path": "H:\\GSSTI\\rscc\\landcover\\Semi-Dec_East\\final_east-21122020\\shapefiles_east\\pat1_point.shp" }, "geometry": { "type": "Point", "coordinates": [ -97332.606801889094641, 704604.008979635196738 ] } },
{ "type": "Feature", "properties": { "fid": 18010.0, "CropType": "coco", "Photo1": "DCIM/JPEG_20201218121437610.jpg", "Photo2": "DCIM/JPEG_20201218121454790.jpg", "Photo3": "DCIM/JPEG_20201218121509571.jpg", "Photo4": "DCIM/JPEG_20201218121532751.jpg", "Irrigation": "FALSE", "District": "KWAE", "Region": "EAST", "Zone": "deci", "Date": "2020-12-18", "Technician": "PALA", "layer": "pat1_point", "path": "H:\\GSSTI\\rscc\\landcover\\Semi-Dec_East\\final_east-21122020\\shapefiles_east\\pat1_point.shp" }, "geometry": { "type": "Point", "coordinates": [ -101145.826273816186585, 704868.87709345004987 ] } },
{ "type": "Feature", "properties": { "fid": 160023.0, "CropType": "bush", "Photo1": "DCIM/JPEG_20201216123554017.jpg", "Photo2": "DCIM/JPEG_20201216123607978.jpg", "Photo3": "DCIM/JPEG_20201216123620552.jpg", "Photo4": "DCIM/JPEG_20201216123635068.jpg", "Irrigation": "FALSE", "District": "KWAE", "Region": "EAST", "Zone": "deci", "Date": "2020-12-16", "Technician": "PALA", "layer": "pat1_point", "path": "H:\\GSSTI\\rscc\\landcover\\Semi-Dec_East\\final_east-21122020\\shapefiles_east\\pat1_point.shp" }, "geometry": { "type": "Point", "coordinates": [ -113456.205338005354861, 685106.64869604841806 ] } },
{ "type": "Feature", "properties": { "fid": 160051.0, "CropType": "coco", "Photo1": "DCIM/JPEG_20201216151733216.jpg", "Photo2": "DCIM/JPEG_20201216151751419.jpg", "Photo3": "DCIM/JPEG_20201216151803840.jpg", "Photo4": "DCIM/JPEG_20201216151824638.jpg", "Irrigation": "FALSE", "District": "BISO", "Region": "EAST", "Zone": "deci", "Date": "2020-12-16", "Technician": "PALA", "layer": "pat1_point", "path": "H:\\GSSTI\\rscc\\landcover\\Semi-Dec_East\\final_east-21122020\\shapefiles_east\\pat1_point.shp" }, "geometry": { "type": "Point", "coordinates": [ -120872.1242821685737, 686477.286511922022328 ] } },
{ "type": "Feature", "properties": { "fid": 1007.0, "CropType": "oran", "Photo1": "DCIM/JPEG_20201213124440873.jpg", "Photo2": "DCIM/JPEG_20201213124504974.jpg", "Photo3": "DCIM/JPEG_20201213124521186.jpg", "Photo4": "DCIM/JPEG_20201213124538030.jpg", "Irrigation": "FALSE", "District": "ASNO", "Region": "EAST", "Zone": "deci", "Date": "2020-12-13", "Technician": "PALA", "layer": "pat2_point", "path": "H:\\GSSTI\\rscc\\landcover\\Semi-Dec_East\\final_east-21122020\\shapefiles_east\\pat2_point.shp" }, "geometry": { "type": "Point", "coordinates": [ -78432.321679120635963, 655541.371965164551511 ] } },
{ "type": "Feature", "properties": { "fid": 1605.0, "CropType": "cass", "Photo1": "DCIM/JPEG_20201216142540550.jpg", "Photo2": "DCIM/JPEG_20201216142554367.jpg", "Photo3": "DCIM/JPEG_20201216142607818.jpg", "Photo4": "DCIM/JPEG_20201216142621447.jpg", "Irrigation": "FALSE", "District": "BISO", "Region": "EAST", "Zone": "deci", "Date": "2020-12-16", "Technician": "PALA", "layer": "pat2_point", "path": "H:\\GSSTI\\rscc\\landcover\\Semi-Dec_East\\final_east-21122020\\shapefiles_east\\pat2_point.shp" }, "geometry": { "type": "Point", "coordinates": [ -119010.740699042318738, 685755.775185534730554 ] } },
{ "type": "Feature", "properties": { "fid": 1607.0, "CropType": "coco", "Photo1": "DCIM/JPEG_20201216143032107.jpg", "Photo2": "DCIM/JPEG_20201216143042690.jpg", "Photo3": "DCIM/JPEG_20201216143056463.jpg", "Photo4": "DCIM/JPEG_20201216143124358.jpg", "Irrigation": "FALSE", "District": "BISO", "Region": "EAST", "Zone": "deci", "Date": "2020-12-16", "Technician": "PALA", "layer": "pat2_point", "path": "H:\\GSSTI\\rscc\\landcover\\Semi-Dec_East\\final_east-21122020\\shapefiles_east\\pat2_point.shp" }, "geometry": { "type": "Point", "coordinates": [ -119750.60824229948048, 685953.983601236715913 ] } },
{ "type": "Feature", "properties": { "fid": 1609.0, "CropType": "oilp", "Photo1": "DCIM/JPEG_20201216143454222.jpg", "Photo2": "DCIM/JPEG_20201216143508321.jpg", "Photo3": "DCIM/JPEG_20201216143533469.jpg", "Photo4": "DCIM/JPEG_20201216143548737.jpg", "Irrigation": "FALSE", "District": "BISO", "Region": "EAST", "Zone": "deci", "Date": "2020-12-16", "Technician": "PALA", "layer": "pat2_point", "path": "H:\\GSSTI\\rscc\\landcover\\Semi-Dec_East\\final_east-21122020\\shapefiles_east\\pat2_point.shp" }, "geometry": { "type": "Point", "coordinates": [ -119820.737666174158221, 685899.266868217615411 ] } },
{ "type": "Feature", "properties": { "fid": 1801.0, "CropType": "oilp", "Photo1": "DCIM/JPEG_20201219102345160.jpg", "Photo2": "DCIM/JPEG_20201219102410151.jpg", "Photo3": "DCIM/JPEG_20201219102451546.jpg", "Photo4": "DCIM/JPEG_20201219102519511.jpg", "Irrigation": "FALSE", "District": "BINO", "Region": "EAST", "Zone": "deci", "Date": "2020-12-19", "Technician": "PALA", "layer": "pat2_point", "path": "H:\\GSSTI\\rscc\\landcover\\Semi-Dec_East\\final_east-21122020\\shapefiles_east\\pat2_point.shp" }, "geometry": { "type": "Point", "coordinates": [ -119945.527217512586503, 694183.831342453602701 ] } },
{ "type": "Feature", "properties": { "fid": 1802.0, "CropType": "coco", "Photo1": "DCIM/JPEG_20201219102917699.jpg", "Photo2": "DCIM/JPEG_20201219102933144.jpg", "Photo3": "DCIM/JPEG_20201219102946715.jpg", "Photo4": "DCIM/JPEG_20201219103002022.jpg", "Irrigation": "FALSE", "District": "BINO", "Region": "EAST", "Zone": "deci", "Date": "2020-12-19", "Technician": "PALA", "layer": "pat2_point", "path": "H:\\GSSTI\\rscc\\landcover\\Semi-Dec_East\\final_east-21122020\\shapefiles_east\\pat2_point.shp" }, "geometry": { "type": "Point", "coordinates": [ -120090.830315337123466, 694734.155847901594825 ] } },
{ "type": "Feature", "properties": { "fid": 1803.0, "CropType": "cass", "Photo1": "DCIM/JPEG_20201219103527030.jpg", "Photo2": "DCIM/JPEG_20201219103553514.jpg", "Photo3": "DCIM/JPEG_20201219103604112.jpg", "Photo4": "DCIM/JPEG_20201219103615949.jpg", "Irrigation": "FALSE", "District": "BINO", "Region": "EAST", "Zone": "deci", "Date": "2020-12-19", "Technician": "PALA", "layer": "pat2_point", "path": "H:\\GSSTI\\rscc\\landcover\\Semi-Dec_East\\final_east-21122020\\shapefiles_east\\pat2_point.shp" }, "geometry": { "type": "Point", "coordinates": [ -120106.17841031869466, 696497.747188044129871 ] } },
{ "type": "Feature", "properties": { "fid": 1804.0, "CropType": "coco", "Photo1": "DCIM/JPEG_20201219104650342.jpg", "Photo2": "DCIM/JPEG_20201219104703203.jpg", "Photo3": "DCIM/JPEG_20201219104714756.jpg", "Photo4": "DCIM/JPEG_20201219104726485.jpg", "Irrigation": "FALSE", "District": "BINO", "Region": "EAST", "Zone": "deci", "Date": "2020-12-19", "Technician": "PALA", "layer": "pat2_point", "path": "H:\\GSSTI\\rscc\\landcover\\Semi-Dec_East\\final_east-21122020\\shapefiles_east\\pat2_point.shp" }, "geometry": { "type": "Point", "coordinates": [ -118848.206910319990129, 700099.029891160898842 ] } },
{ "type": "Feature", "properties": { "fid": 1806.0, "CropType": "bush", "Photo1": "DCIM/JPEG_20201219105206200.jpg", "Photo2": "DCIM/JPEG_20201219105216554.jpg", "Photo3": "DCIM/JPEG_20201219105226207.jpg", "Photo4": "DCIM/JPEG_20201219105239285.jpg", "Irrigation": "FALSE", "District": "BINO", "Region": "EAST", "Zone": "deci", "Date": "2020-12-19", "Technician": "PALA", "layer": "pat2_point", "path": "H:\\GSSTI\\rscc\\landcover\\Semi-Dec_East\\final_east-21122020\\shapefiles_east\\pat2_point.shp" }, "geometry": { "type": "Point", "coordinates": [ -118948.655041024932871, 702925.427022888790816 ] } },
{ "type": "Feature", "properties": { "fid": 1807.0, "CropType": "oilp", "Photo1": "DCIM/JPEG_20201219110303724.jpg", "Photo2": "DCIM/JPEG_20201219110318635.jpg", "Photo3": "DCIM/JPEG_20201219110331505.jpg", "Photo4": "DCIM/JPEG_20201219110353317.jpg", "Irrigation": "FALSE", "District": "BINO", "Region": "EAST", "Zone": "deci", "Date": "2020-12-19", "Technician": "PALA", "layer": "pat2_point", "path": "H:\\GSSTI\\rscc\\landcover\\Semi-Dec_East\\final_east-21122020\\shapefiles_east\\pat2_point.shp" }, "geometry": { "type": "Point", "coordinates": [ -120592.918301336525474, 708183.181672009755857 ] } },
{ "type": "Feature", "properties": { "fid": 1809.0, "CropType": "plnt", "Photo1": "DCIM/JPEG_20201219110640154.jpg", "Photo2": "DCIM/JPEG_20201219110653733.jpg", "Photo3": "DCIM/JPEG_20201219110703888.jpg", "Photo4": "DCIM/JPEG_20201219110714250.jpg", "Irrigation": "FALSE", "District": "BINO", "Region": "EAST", "Zone": "deci", "Date": "2020-12-19", "Technician": "PALA", "layer": "pat2_point", "path": "H:\\GSSTI\\rscc\\landcover\\Semi-Dec_East\\final_east-21122020\\shapefiles_east\\pat2_point.shp" }, "geometry": { "type": "Point", "coordinates": [ -120591.94611111516133, 708345.587427715421654 ] } },
{ "type": "Feature", "properties": { "fid": 1811.0, "CropType": "cass", "Photo1": "DCIM/JPEG_20201219111840542.jpg", "Photo2": "DCIM/JPEG_20201219111854001.jpg", "Photo3": "DCIM/JPEG_20201219111907193.jpg", "Photo4": "DCIM/JPEG_20201219111917990.jpg", "Irrigation": "FALSE", "District": "BINO", "Region": "EAST", "Zone": "deci", "Date": "2020-12-19", "Technician": "PALA", "layer": "pat2_point", "path": "H:\\GSSTI\\rscc\\landcover\\Semi-Dec_East\\final_east-21122020\\shapefiles_east\\pat2_point.shp" }, "geometry": { "type": "Point", "coordinates": [ -120430.033767082495615, 710436.949190492043272 ] } },
{ "type": "Feature", "properties": { "fid": 1812.0, "CropType": "maiz", "Photo1": "DCIM/JPEG_20201219112420913.jpg", "Photo2": "DCIM/JPEG_20201219112432864.jpg", "Photo3": "DCIM/JPEG_20201219112442234.jpg", "Photo4": "DCIM/JPEG_20201219112400902.jpg", "Irrigation": "FALSE", "District": "BINO", "Region": "EAST", "Zone": "deci", "Date": "2020-12-19", "Technician": "PALA", "layer": "pat2_point", "path": "H:\\GSSTI\\rscc\\landcover\\Semi-Dec_East\\final_east-21122020\\shapefiles_east\\pat2_point.shp" }, "geometry": { "type": "Point", "coordinates": [ -119283.962502867289004, 711283.74378280795645 ] } },
{ "type": "Feature", "properties": { "fid": 2101.0, "CropType": "oran", "Photo1": "DCIM/JPEG_20201221101415450.jpg", "Photo2": "DCIM/JPEG_20201221101429277.jpg", "Photo3": "DCIM/JPEG_20201221101443539.jpg", "Photo4": "DCIM/JPEG_20201221101455510.jpg", "Irrigation": "FALSE", "District": "KWAE", "Region": "EAST", "Zone": "deci", "Date": "2020-12-21", "Technician": "PALA", "layer": "pat2_point", "path": "H:\\GSSTI\\rscc\\landcover\\Semi-Dec_East\\final_east-21122020\\shapefiles_east\\pat2_point.shp" }, "geometry": { "type": "Point", "coordinates": [ -90376.153753546852386, 676046.791086300974712 ] } },
{ "type": "Feature", "properties": { "fid": 2102.0, "CropType": "cass", "Photo1": "DCIM/JPEG_20201221101738625.jpg", "Photo2": "DCIM/JPEG_20201221101808628.jpg", "Photo3": "DCIM/JPEG_20201221101833369.jpg", "Photo4": "DCIM/JPEG_20201221101845415.jpg", "Irrigation": "FALSE", "District": "KWAE", "Region": "EAST", "Zone": "deci", "Date": "2020-12-21", "Technician": "PALA", "layer": "pat2_point", "path": "H:\\GSSTI\\rscc\\landcover\\Semi-Dec_East\\final_east-21122020\\shapefiles_east\\pat2_point.shp" }, "geometry": { "type": "Point", "coordinates": [ -90040.484470711729955, 675390.970317350351252 ] } },
{ "type": "Feature", "properties": { "fid": 5006.0, "CropType": "coco", "Photo1": "DCIM/JPEG_20201213123838059.jpg", "Photo2": "DCIM/JPEG_20201213123852274.jpg", "Photo3": "DCIM/JPEG_20201213123925024.jpg", "Photo4": "DCIM/JPEG_20201213124038427.jpg", "Irrigation": "FALSE", "District": "ASNO", "Region": "EAST", "Zone": "deci", "Date": "2020-12-13", "Technician": "PALA", "layer": "pat2_point", "path": "H:\\GSSTI\\rscc\\landcover\\Semi-Dec_East\\final_east-21122020\\shapefiles_east\\pat2_point.shp" }, "geometry": { "type": "Point", "coordinates": [ -78361.381478288443759, 655578.857418352272362 ] } },
{ "type": "Feature", "properties": { "fid": 5008.0, "CropType": "coco", "Photo1": "DCIM/JPEG_20201213124831743.jpg", "Photo2": "DCIM/JPEG_20201213124854491.jpg", "Photo3": "DCIM/JPEG_20201213124905740.jpg", "Photo4": "DCIM/JPEG_20201213124920155.jpg", "Irrigation": "FALSE", "District": "ASNO", "Region": "EAST", "Zone": "deci", "Date": "2020-12-13", "Technician": "PALA", "layer": "pat2_point", "path": "H:\\GSSTI\\rscc\\landcover\\Semi-Dec_East\\final_east-21122020\\shapefiles_east\\pat2_point.shp" }, "geometry": { "type": "Point", "coordinates": [ -78459.116280553731485, 655459.531850494793616 ] } },
{ "type": "Feature", "properties": { "fid": 5009.0, "CropType": "oilp", "Photo1": "DCIM/JPEG_20201213125319111.jpg", "Photo2": "DCIM/JPEG_20201213125333224.jpg", "Photo3": "DCIM/JPEG_20201213125345326.jpg", "Photo4": "DCIM/JPEG_20201213125359226.jpg", "Irrigation": "FALSE", "District": "ASNO", "Region": "EAST", "Zone": "deci", "Date": "2020-12-13", "Technician": "PALA", "layer": "pat2_point", "path": "H:\\GSSTI\\rscc\\landcover\\Semi-Dec_East\\final_east-21122020\\shapefiles_east\\pat2_point.shp" }, "geometry": { "type": "Point", "coordinates": [ -78506.471591939189238, 655537.281728754169308 ] } },
{ "type": "Feature", "properties": { "fid": 5014.0, "CropType": "maiz", "Photo1": "DCIM/JPEG_20201213141550493.jpg", "Photo2": "DCIM/JPEG_20201213141606737.jpg", "Photo3": "DCIM/JPEG_20201213141623317.jpg", "Photo4": "DCIM/JPEG_20201213141644775.jpg", "Irrigation": "FALSE", "District": "EAST", "Region": "EAST", "Zone": "deci", "Date": "2020-12-13", "Technician": "PALA", "layer": "pat2_point", "path": "H:\\GSSTI\\rscc\\landcover\\Semi-Dec_East\\final_east-21122020\\shapefiles_east\\pat2_point.shp" }, "geometry": { "type": "Point", "coordinates": [ -81650.256463379686465, 660775.401730954879895 ] } },
{ "type": "Feature", "properties": { "fid": 5016.0, "CropType": "oran", "Photo1": "DCIM/JPEG_20201213143131052.jpg", "Photo2": "DCIM/JPEG_20201213143146566.jpg", "Photo3": "DCIM/JPEG_20201213143203439.jpg", "Photo4": "DCIM/JPEG_20201213143223290.jpg", "Irrigation": "FALSE", "District": "KWAE", "Region": "EAST", "Zone": "deci", "Date": "2020-12-13", "Technician": "PALA", "layer": "pat2_point", "path": "H:\\GSSTI\\rscc\\landcover\\Semi-Dec_East\\final_east-21122020\\shapefiles_east\\pat2_point.shp" }, "geometry": { "type": "Point", "coordinates": [ -87094.094968396224431, 672390.446496833115816 ] } },
{ "type": "Feature", "properties": { "fid": 5017.0, "CropType": "oran", "Photo1": "DCIM/JPEG_20201213143457108.jpg", "Photo2": "DCIM/JPEG_20201213143512198.jpg", "Photo3": "DCIM/JPEG_20201213143527052.jpg", "Photo4": "DCIM/JPEG_20201213143538950.jpg", "Irrigation": "FALSE", "District": "WEAK", "Region": "EAST", "Zone": "deci", "Date": "2020-12-13", "Technician": "PALA", "layer": "pat2_point", "path": "H:\\GSSTI\\rscc\\landcover\\Semi-Dec_East\\final_east-21122020\\shapefiles_east\\pat2_point.shp" }, "geometry": { "type": "Point", "coordinates": [ -87083.449114426053711, 672396.254247139440849 ] } },
{ "type": "Feature", "properties": { "fid": 14003.0, "CropType": "cass", "Photo1": "DCIM/JPEG_20201218110055807.jpg", "Photo2": "DCIM/JPEG_20201218110108599.jpg", "Photo3": "DCIM/JPEG_20201218110119327.jpg", "Photo4": "DCIM/JPEG_20201218110132904.jpg", "Irrigation": "FALSE", "District": "KWAE", "Region": "EAST", "Zone": "deci", "Date": "2020-12-18", "Technician": "PALA", "layer": "pat2_point", "path": "H:\\GSSTI\\rscc\\landcover\\Semi-Dec_East\\final_east-21122020\\shapefiles_east\\pat2_point.shp" }, "geometry": { "type": "Point", "coordinates": [ -96961.059448118088767, 700994.040927325142547 ] } },
{ "type": "Feature", "properties": { "fid": 14006.0, "CropType": "maiz", "Photo1": "DCIM/JPEG_20201214102105350.jpg", "Photo2": "DCIM/JPEG_20201214102121494.jpg", "Photo3": "DCIM/JPEG_20201214102140388.jpg", "Photo4": "DCIM/JPEG_20201214102207576.jpg", "Irrigation": "FALSE", "District": "KWAE", "Region": "EAST", "Zone": "deci", "Date": "2020-12-14", "Technician": "PALA", "layer": "pat2_point", "path": "H:\\GSSTI\\rscc\\landcover\\Semi-Dec_East\\final_east-21122020\\shapefiles_east\\pat2_point.shp" }, "geometry": { "type": "Point", "coordinates": [ -94502.839371376205236, 685527.820663978811353 ] } },
{ "type": "Feature", "properties": { "fid": 14007.0, "CropType": "maiz", "Photo1": "DCIM/JPEG_20201214102850144.jpg", "Photo2": "DCIM/JPEG_20201214102906557.jpg", "Photo3": "DCIM/JPEG_20201214102920898.jpg", "Photo4": "DCIM/JPEG_20201214102932962.jpg", "Irrigation": "FALSE", "District": "KWAE", "Region": "EAST", "Zone": "deci", "Date": "2020-12-14", "Technician": "PALA", "layer": "pat2_point", "path": "H:\\GSSTI\\rscc\\landcover\\Semi-Dec_East\\final_east-21122020\\shapefiles_east\\pat2_point.shp" }, "geometry": { "type": "Point", "coordinates": [ -95486.079905756778317, 686667.373333110706881 ] } },
{ "type": "Feature", "properties": { "fid": 14009.0, "CropType": "maiz", "Photo1": "DCIM/JPEG_20201214104427346.jpg", "Photo2": "DCIM/JPEG_20201214104441513.jpg", "Photo3": "DCIM/JPEG_20201214104454855.jpg", "Photo4": "DCIM/JPEG_20201214104607212.jpg", "Irrigation": "FALSE", "District": "KWAE", "Region": "EAST", "Zone": "deci", "Date": "2020-12-14", "Technician": "PALA", "layer": "pat2_point", "path": "H:\\GSSTI\\rscc\\landcover\\Semi-Dec_East\\final_east-21122020\\shapefiles_east\\pat2_point.shp" }, "geometry": { "type": "Point", "coordinates": [ -96760.800285876190173, 689427.708521124208346 ] } },
{ "type": "Feature", "properties": { "fid": 14021.0, "CropType": "oilp", "Photo1": "DCIM/JPEG_20201214110226566.jpg", "Photo2": "DCIM/JPEG_20201214110239832.jpg", "Photo3": "DCIM/JPEG_20201214110252721.jpg", "Photo4": "DCIM/JPEG_20201214110304359.jpg", "Irrigation": "FALSE", "District": "KWAE", "Region": "EAST", "Zone": "deci", "Date": "2020-12-14", "Technician": "PALA", "layer": "pat2_point", "path": "H:\\GSSTI\\rscc\\landcover\\Semi-Dec_East\\final_east-21122020\\shapefiles_east\\pat2_point.shp" }, "geometry": { "type": "Point", "coordinates": [ -96726.39796152706549, 689607.780294995871373 ] } },
{ "type": "Feature", "properties": { "fid": 14022.0, "CropType": "maiz", "Photo1": "DCIM/JPEG_20201214110502494.jpg", "Photo2": "DCIM/JPEG_20201214110516482.jpg", "Photo3": "DCIM/JPEG_20201214110527693.jpg", "Photo4": "DCIM/JPEG_20201214110539744.jpg", "Irrigation": "FALSE", "District": "KWAE", "Region": "EAST", "Zone": "deci", "Date": "2020-12-14", "Technician": "PALA", "layer": "pat2_point", "path": "H:\\GSSTI\\rscc\\landcover\\Semi-Dec_East\\final_east-21122020\\shapefiles_east\\pat2_point.shp" }, "geometry": { "type": "Point", "coordinates": [ -96675.174297837525955, 689639.882329327287152 ] } },
{ "type": "Feature", "properties": { "fid": 14030.0, "CropType": "maiz", "Photo1": "DCIM/JPEG_20201214114441971.jpg", "Photo2": "DCIM/JPEG_20201214114459079.jpg", "Photo3": "DCIM/JPEG_20201214114515048.jpg", "Photo4": "DCIM/JPEG_20201214114527696.jpg", "Irrigation": "FALSE", "District": "KWAE", "Region": "EAST", "Zone": "deci", "Date": "2020-12-14", "Technician": "PALA", "layer": "pat2_point", "path": "H:\\GSSTI\\rscc\\landcover\\Semi-Dec_East\\final_east-21122020\\shapefiles_east\\pat2_point.shp" }, "geometry": { "type": "Point", "coordinates": [ -100036.244885044696275, 693297.583923833677545 ] } },
{ "type": "Feature", "properties": { "fid": 14032.0, "CropType": "maiz", "Photo1": "DCIM/JPEG_20201214115612141.jpg", "Photo2": "DCIM/JPEG_20201214115634638.jpg", "Photo3": "DCIM/JPEG_20201214115650802.jpg", "Photo4": "DCIM/JPEG_20201214115711077.jpg", "Irrigation": "FALSE", "District": "KWAE", "Region": "EAST", "Zone": "deci", "Date": "2020-12-14", "Technician": "PALA", "layer": "pat2_point", "path": "H:\\GSSTI\\rscc\\landcover\\Semi-Dec_East\\final_east-21122020\\shapefiles_east\\pat2_point.shp" }, "geometry": { "type": "Point", "coordinates": [ -102035.97968788765138, 694890.133841797127388 ] } },
{ "type": "Feature", "properties": { "fid": 14033.0, "CropType": "oran", "Photo1": "DCIM/JPEG_20201214120402951.jpg", "Photo2": "DCIM/JPEG_20201214120435520.jpg", "Photo3": "DCIM/JPEG_20201214120604568.jpg", "Photo4": "DCIM/JPEG_20201214120529811.jpg", "Irrigation": "FALSE", "District": "KWAE", "Region": "EAST", "Zone": "deci", "Date": "2020-12-14", "Technician": "PALA", "layer": "pat2_point", "path": "H:\\GSSTI\\rscc\\landcover\\Semi-Dec_East\\final_east-21122020\\shapefiles_east\\pat2_point.shp" }, "geometry": { "type": "Point", "coordinates": [ -104373.288151161497808, 694797.899213430238888 ] } },
{ "type": "Feature", "properties": { "fid": 14035.0, "CropType": "coco", "Photo1": "DCIM/JPEG_20201214124452870.jpg", "Photo2": "DCIM/JPEG_20201214124530834.jpg", "Photo3": "DCIM/JPEG_20201214124554607.jpg", "Photo4": "DCIM/JPEG_20201214124606673.jpg", "Irrigation": "FALSE", "District": "KWAE", "Region": "EAST", "Zone": "deci", "Date": "2020-12-14", "Technician": "PALA", "layer": "pat2_point", "path": "H:\\GSSTI\\rscc\\landcover\\Semi-Dec_East\\final_east-21122020\\shapefiles_east\\pat2_point.shp" }, "geometry": { "type": "Point", "coordinates": [ -111724.805059252888896, 699535.082521004369482 ] } },
{ "type": "Feature", "properties": { "fid": 14037.0, "CropType": "cass", "Photo1": "DCIM/JPEG_20201214125041201.jpg", "Photo2": "DCIM/JPEG_20201214125058501.jpg", "Photo3": "DCIM/JPEG_20201214125114580.jpg", "Photo4": "DCIM/JPEG_20201214125130961.jpg", "Irrigation": "FALSE", "District": "KWAE", "Region": "EAST", "Zone": "deci", "Date": "2020-12-14", "Technician": "PALA", "layer": "pat2_point", "path": "H:\\GSSTI\\rscc\\landcover\\Semi-Dec_East\\final_east-21122020\\shapefiles_east\\pat2_point.shp" }, "geometry": { "type": "Point", "coordinates": [ -112319.859686636395054, 700454.312384346849285 ] } },
{ "type": "Feature", "properties": { "fid": 14039.0, "CropType": "maiz", "Photo1": "DCIM/JPEG_20201214125347006.jpg", "Photo2": "DCIM/JPEG_20201214125402235.jpg", "Photo3": "DCIM/JPEG_20201214125413469.jpg", "Photo4": "DCIM/JPEG_20201214125425856.jpg", "Irrigation": "FALSE", "District": "KWAE", "Region": "EAST", "Zone": "deci", "Date": "2020-12-14", "Technician": "PALA", "layer": "pat2_point", "path": "H:\\GSSTI\\rscc\\landcover\\Semi-Dec_East\\final_east-21122020\\shapefiles_east\\pat2_point.shp" }, "geometry": { "type": "Point", "coordinates": [ -112325.633457559422823, 700405.07909263309557 ] } },
{ "type": "Feature", "properties": { "fid": 14041.0, "CropType": "maiz", "Photo1": "DCIM/JPEG_20201214130946019.jpg", "Photo2": "DCIM/JPEG_20201214130957431.jpg", "Photo3": "DCIM/JPEG_20201214131010102.jpg", "Photo4": "DCIM/JPEG_20201214131020919.jpg", "Irrigation": "FALSE", "District": "KWAE", "Region": "EAST", "Zone": "deci", "Date": "2020-12-14", "Technician": "PALA", "layer": "pat2_point", "path": "H:\\GSSTI\\rscc\\landcover\\Semi-Dec_East\\final_east-21122020\\shapefiles_east\\pat2_point.shp" }, "geometry": { "type": "Point", "coordinates": [ -112285.148414083232637, 700662.340626120567322 ] } },
{ "type": "Feature", "properties": { "fid": 14043.0, "CropType": "maiz", "Photo1": "DCIM/JPEG_20201214131625579.jpg", "Photo2": "DCIM/JPEG_20201214131638417.jpg", "Photo3": "DCIM/JPEG_20201214131649100.jpg", "Photo4": "DCIM/JPEG_20201214131711691.jpg", "Irrigation": "FALSE", "District": "EAST", "Region": "EAST", "Zone": "deci", "Date": "2020-12-14", "Technician": "PALA", "layer": "pat2_point", "path": "H:\\GSSTI\\rscc\\landcover\\Semi-Dec_East\\final_east-21122020\\shapefiles_east\\pat2_point.shp" }, "geometry": { "type": "Point", "coordinates": [ -112166.259197916107951, 701624.825285223894753 ] } },
{ "type": "Feature", "properties": { "fid": 14044.0, "CropType": "cass", "Photo1": "DCIM/JPEG_20201214132040472.jpg", "Photo2": "DCIM/JPEG_20201214132053283.jpg", "Photo3": "DCIM/JPEG_20201214132102460.jpg", "Photo4": "DCIM/JPEG_20201214132112099.jpg", "Irrigation": "FALSE", "District": "KWAE", "Region": "EAST", "Zone": "deci", "Date": "2020-12-14", "Technician": "PALA", "layer": "pat2_point", "path": "H:\\GSSTI\\rscc\\landcover\\Semi-Dec_East\\final_east-21122020\\shapefiles_east\\pat2_point.shp" }, "geometry": { "type": "Point", "coordinates": [ -112137.685339953750372, 701698.827042919932865 ] } },
{ "type": "Feature", "properties": { "fid": 14045.0, "CropType": "plnt", "Photo1": "DCIM/JPEG_20201214132507840.jpg", "Photo2": "DCIM/JPEG_20201214132545054.jpg", "Photo3": "DCIM/JPEG_20201214132556049.jpg", "Photo4": "DCIM/JPEG_20201214132644073.jpg", "Irrigation": "FALSE", "District": "KWAE", "Region": "EAST", "Zone": "deci", "Date": "2020-12-14", "Technician": "PALA", "layer": "pat2_point", "path": "H:\\GSSTI\\rscc\\landcover\\Semi-Dec_East\\final_east-21122020\\shapefiles_east\\pat2_point.shp" }, "geometry": { "type": "Point", "coordinates": [ -112084.139311042628833, 701916.674844390596263 ] } },
{ "type": "Feature", "properties": { "fid": 14046.0, "CropType": "coco", "Photo1": "DCIM/JPEG_20201214133302673.jpg", "Photo2": "DCIM/JPEG_20201214133319650.jpg", "Photo3": "DCIM/JPEG_20201214133332764.jpg", "Photo4": "DCIM/JPEG_20201214133347945.jpg", "Irrigation": "FALSE", "District": "KWAE", "Region": "EAST", "Zone": "deci", "Date": "2020-12-14", "Technician": "PALA", "layer": "pat2_point", "path": "H:\\GSSTI\\rscc\\landcover\\Semi-Dec_East\\final_east-21122020\\shapefiles_east\\pat2_point.shp" }, "geometry": { "type": "Point", "coordinates": [ -112253.12921788120002, 703652.118499001837336 ] } },
{ "type": "Feature", "properties": { "fid": 14051.0, "CropType": "maiz", "Photo1": "DCIM/JPEG_20201214144333840.jpg", "Photo2": "DCIM/JPEG_20201214144358016.jpg", "Photo3": "DCIM/JPEG_20201214144413925.jpg", "Photo4": "DCIM/JPEG_20201214144436819.jpg", "Irrigation": "FALSE", "District": "KWAE", "Region": "EAST", "Zone": "deci", "Date": "2020-12-14", "Technician": "PALA", "layer": "pat2_point", "path": "H:\\GSSTI\\rscc\\landcover\\Semi-Dec_East\\final_east-21122020\\shapefiles_east\\pat2_point.shp" }, "geometry": { "type": "Point", "coordinates": [ -109629.544037564948667, 709743.565632197889499 ] } },
{ "type": "Feature", "properties": { "fid": 14056.0, "CropType": "maiz", "Photo1": "DCIM/JPEG_20201214145537841.jpg", "Photo2": "DCIM/JPEG_20201214145601931.jpg", "Photo3": "DCIM/JPEG_20201214145616131.jpg", "Photo4": "DCIM/JPEG_20201214145627658.jpg", "Irrigation": "FALSE", "District": "KWAE", "Region": "EAST", "Zone": "deci", "Date": "2020-12-14", "Technician": "PALA", "layer": "pat2_point", "path": "H:\\GSSTI\\rscc\\landcover\\Semi-Dec_East\\final_east-21122020\\shapefiles_east\\pat2_point.shp" }, "geometry": { "type": "Point", "coordinates": [ -108217.590984461639891, 708954.736550261965021 ] } },
{ "type": "Feature", "properties": { "fid": 14059.0, "CropType": "coco", "Photo1": "DCIM/JPEG_20201214150823624.jpg", "Photo2": "DCIM/JPEG_20201214150839145.jpg", "Photo3": "DCIM/JPEG_20201214150852154.jpg", "Photo4": "DCIM/JPEG_20201214150936823.jpg", "Irrigation": "FALSE", "District": "KWAE", "Region": "EAST", "Zone": "deci", "Date": "2020-12-14", "Technician": "PALA", "layer": "pat2_point", "path": "H:\\GSSTI\\rscc\\landcover\\Semi-Dec_East\\final_east-21122020\\shapefiles_east\\pat2_point.shp" }, "geometry": { "type": "Point", "coordinates": [ -105141.04012591400533, 709367.734184741508216 ] } },
{ "type": "Feature", "properties": { "fid": 14060.0, "CropType": "coco", "Photo1": "DCIM/JPEG_20201214151437558.jpg", "Photo2": "DCIM/JPEG_20201214151450882.jpg", "Photo3": "DCIM/JPEG_20201214151503387.jpg", "Photo4": "DCIM/JPEG_20201214151527172.jpg", "Irrigation": "FALSE", "District": "KWAE", "Region": "EAST", "Zone": "deci", "Date": "2020-12-14", "Technician": "PALA", "layer": "pat2_point", "path": "H:\\GSSTI\\rscc\\landcover\\Semi-Dec_East\\final_east-21122020\\shapefiles_east\\pat2_point.shp" }, "geometry": { "type": "Point", "coordinates": [ -103988.701331691874657, 708808.189635017537512 ] } },
{ "type": "Feature", "properties": { "fid": 14061.0, "CropType": "maiz", "Photo1": "DCIM/JPEG_20201214153905831.jpg", "Photo2": "DCIM/JPEG_20201214153922674.jpg", "Photo3": "DCIM/JPEG_20201214153936167.jpg", "Photo4": "DCIM/JPEG_20201214153947215.jpg", "Irrigation": "FALSE", "District": "KWAE", "Region": "EAST", "Zone": "deci", "Date": "2020-12-14", "Technician": "PALA", "layer": "pat2_point", "path": "H:\\GSSTI\\rscc\\landcover\\Semi-Dec_East\\final_east-21122020\\shapefiles_east\\pat2_point.shp" }, "geometry": { "type": "Point", "coordinates": [ -99285.462364978215192, 701157.385946783586405 ] } },
{ "type": "Feature", "properties": { "fid": 14062.0, "CropType": "cass", "Photo1": "DCIM/JPEG_20201214154339691.jpg", "Photo2": "DCIM/JPEG_20201214154354824.jpg", "Photo3": "DCIM/JPEG_20201214154408527.jpg", "Photo4": "DCIM/JPEG_20201214154420632.jpg", "Irrigation": "FALSE", "District": "KWAE", "Region": "EAST", "Zone": "deci", "Date": "2020-12-14", "Technician": "PALA", "layer": "pat2_point", "path": "H:\\GSSTI\\rscc\\landcover\\Semi-Dec_East\\final_east-21122020\\shapefiles_east\\pat2_point.shp" }, "geometry": { "type": "Point", "coordinates": [ -98611.131562224822119, 700423.57260310521815 ] } },
{ "type": "Feature", "properties": { "fid": 14063.0, "CropType": "plnt", "Photo1": "DCIM/JPEG_20201214155753406.jpg", "Photo2": "DCIM/JPEG_20201214155805438.jpg", "Photo3": "DCIM/JPEG_20201214155822287.jpg", "Photo4": "DCIM/JPEG_20201214155901639.jpg", "Irrigation": "FALSE", "District": "KWAE", "Region": "EAST", "Zone": "deci", "Date": "2020-12-14", "Technician": "PALA", "layer": "pat2_point", "path": "H:\\GSSTI\\rscc\\landcover\\Semi-Dec_East\\final_east-21122020\\shapefiles_east\\pat2_point.shp" }, "geometry": { "type": "Point", "coordinates": [ -96878.44739867496537, 695553.596094894688576 ] } },
{ "type": "Feature", "properties": { "fid": 14065.0, "CropType": "oran", "Photo1": "DCIM/JPEG_20201214160219647.jpg", "Photo2": "DCIM/JPEG_20201214160234985.jpg", "Photo3": "DCIM/JPEG_20201214160248535.jpg", "Photo4": "DCIM/JPEG_20201214160300701.jpg", "Irrigation": "FALSE", "District": "KWAE", "Region": "EAST", "Zone": "deci", "Date": "2020-12-14", "Technician": "PALA", "layer": "pat2_point", "path": "H:\\GSSTI\\rscc\\landcover\\Semi-Dec_East\\final_east-21122020\\shapefiles_east\\pat2_point.shp" }, "geometry": { "type": "Point", "coordinates": [ -96583.20398986840155, 695111.361857861164026 ] } },
{ "type": "Feature", "properties": { "fid": 14066.0, "CropType": "maiz", "Photo1": "DCIM/JPEG_20201214160747389.jpg", "Photo2": "DCIM/JPEG_20201214160801910.jpg", "Photo3": "DCIM/JPEG_20201214160813992.jpg", "Photo4": "DCIM/JPEG_20201214160912360.jpg", "Irrigation": "FALSE", "District": "KWAE", "Region": "EAST", "Zone": "deci", "Date": "2020-12-14", "Technician": "PALA", "layer": "pat2_point", "path": "H:\\GSSTI\\rscc\\landcover\\Semi-Dec_East\\final_east-21122020\\shapefiles_east\\pat2_point.shp" }, "geometry": { "type": "Point", "coordinates": [ -95560.454312882618979, 693949.791951676830649 ] } },
{ "type": "Feature", "properties": { "fid": 14068.0, "CropType": "plnt", "Photo1": "DCIM/JPEG_20201214161159311.jpg", "Photo2": "DCIM/JPEG_20201214161230287.jpg", "Photo3": "DCIM/JPEG_20201214161340135.jpg", "Photo4": "DCIM/JPEG_20201214161401658.jpg", "Irrigation": "FALSE", "District": "KWAE", "Region": "EAST", "Zone": "deci", "Date": "2020-12-14", "Technician": "PALA", "layer": "pat2_point", "path": "H:\\GSSTI\\rscc\\landcover\\Semi-Dec_East\\final_east-21122020\\shapefiles_east\\pat2_point.shp" }, "geometry": { "type": "Point", "coordinates": [ -95493.031807957537239, 693917.844344218727201 ] } },
{ "type": "Feature", "properties": { "fid": 14069.0, "CropType": "rice", "Photo1": "DCIM/JPEG_20201214163539589.jpg", "Photo2": "DCIM/JPEG_20201214163555832.jpg", "Photo3": "DCIM/JPEG_20201214163607401.jpg", "Photo4": "DCIM/JPEG_20201214163639324.jpg", "Irrigation": "FALSE", "District": "KWAE", "Region": "EAST", "Zone": "deci", "Date": "2020-12-14", "Technician": "PALA", "layer": "pat2_point", "path": "H:\\GSSTI\\rscc\\landcover\\Semi-Dec_East\\final_east-21122020\\shapefiles_east\\pat2_point.shp" }, "geometry": { "type": "Point", "coordinates": [ -92496.119137323446921, 684570.897590576321818 ] } },
{ "type": "Feature", "properties": { "fid": 15001.0, "CropType": "plnt", "Photo1": "DCIM/JPEG_20201215101314633.jpg", "Photo2": "DCIM/JPEG_20201215101333007.jpg", "Photo3": "DCIM/JPEG_20201215101349534.jpg", "Photo4": "DCIM/JPEG_20201215101422202.jpg", "Irrigation": "FALSE", "District": "KWAE", "Region": "EAST", "Zone": "deci", "Date": "2020-12-15", "Technician": "PALA", "layer": "pat2_point", "path": "H:\\GSSTI\\rscc\\landcover\\Semi-Dec_East\\final_east-21122020\\shapefiles_east\\pat2_point.shp" }, "geometry": { "type": "Point", "coordinates": [ -91229.271299319530954, 686196.102579325204715 ] } },
{ "type": "Feature", "properties": { "fid": 15002.0, "CropType": "plnt", "Photo1": "DCIM/JPEG_20201215101631783.jpg", "Photo2": "DCIM/JPEG_20201215101643408.jpg", "Photo3": "DCIM/JPEG_20201215101653022.jpg", "Photo4": "DCIM/JPEG_20201215101709431.jpg", "Irrigation": "FALSE", "District": "KWAE", "Region": "EAST", "Zone": "deci", "Date": "2020-12-15", "Technician": "PALA", "layer": "pat2_point", "path": "H:\\GSSTI\\rscc\\landcover\\Semi-Dec_East\\final_east-21122020\\shapefiles_east\\pat2_point.shp" }, "geometry": { "type": "Point", "coordinates": [ -91274.837594500830164, 686535.123867478920147 ] } },
{ "type": "Feature", "properties": { "fid": 15008.0, "CropType": "cass", "Photo1": "DCIM/JPEG_20201215111950798.jpg", "Photo2": "DCIM/JPEG_20201215112016110.jpg", "Photo3": "DCIM/JPEG_20201215112046025.jpg", "Photo4": "DCIM/JPEG_20201215112111115.jpg", "Irrigation": "FALSE", "District": "KWAE", "Region": "EAST", "Zone": "deci", "Date": "2020-12-15", "Technician": "PALA", "layer": "pat2_point", "path": "H:\\GSSTI\\rscc\\landcover\\Semi-Dec_East\\final_east-21122020\\shapefiles_east\\pat2_point.shp" }, "geometry": { "type": "Point", "coordinates": [ -89508.790979560595588, 685427.380518361576833 ] } },
{ "type": "Feature", "properties": { "fid": 15009.0, "CropType": "coco", "Photo1": "DCIM/JPEG_20201215113933577.jpg", "Photo2": "DCIM/JPEG_20201215113959777.jpg", "Photo3": "DCIM/JPEG_20201215114024752.jpg", "Photo4": "DCIM/JPEG_20201215114059619.jpg", "Irrigation": "FALSE", "District": "KWAE", "Region": "EAST", "Zone": "deci", "Date": "2020-12-15", "Technician": "PALA", "layer": "pat2_point", "path": "H:\\GSSTI\\rscc\\landcover\\Semi-Dec_East\\final_east-21122020\\shapefiles_east\\pat2_point.shp" }, "geometry": { "type": "Point", "coordinates": [ -89501.0338663795701, 685382.177376447943971 ] } },
{ "type": "Feature", "properties": { "fid": 15012.0, "CropType": "oran", "Photo1": "DCIM/JPEG_20201215123150076.jpg", "Photo2": "DCIM/JPEG_20201215123209976.jpg", "Photo3": "DCIM/JPEG_20201215123227086.jpg", "Photo4": "DCIM/JPEG_20201215123254903.jpg", "Irrigation": "FALSE", "District": "KWAE", "Region": "EAST", "Zone": "deci", "Date": "2020-12-15", "Technician": "PALA", "layer": "pat2_point", "path": "H:\\GSSTI\\rscc\\landcover\\Semi-Dec_East\\final_east-21122020\\shapefiles_east\\pat2_point.shp" }, "geometry": { "type": "Point", "coordinates": [ -82981.502134555092198, 685555.843168261228129 ] } },
{ "type": "Feature", "properties": { "fid": 15015.0, "CropType": "coco", "Photo1": "DCIM/JPEG_20201215125217557.jpg", "Photo2": "DCIM/JPEG_20201215125237173.jpg", "Photo3": "DCIM/JPEG_20201215125252443.jpg", "Photo4": "DCIM/JPEG_20201215125321334.jpg", "Irrigation": "FALSE", "District": "KWAE", "Region": "EAST", "Zone": "deci", "Date": "2020-12-15", "Technician": "PALA", "layer": "pat2_point", "path": "H:\\GSSTI\\rscc\\landcover\\Semi-Dec_East\\final_east-21122020\\shapefiles_east\\pat2_point.shp" }, "geometry": { "type": "Point", "coordinates": [ -82160.745384258974809, 685882.347274744766764 ] } },
{ "type": "Feature", "properties": { "fid": 15019.0, "CropType": "rubb", "Photo1": "DCIM/JPEG_20201215134818473.jpg", "Photo2": "DCIM/JPEG_20201215134837282.jpg", "Photo3": "DCIM/JPEG_20201215134849128.jpg", "Photo4": "DCIM/JPEG_20201215134905598.jpg", "Irrigation": "FALSE", "District": "KWAE", "Region": "EAST", "Zone": "deci", "Date": "2020-12-15", "Technician": "PALA", "layer": "pat2_point", "path": "H:\\GSSTI\\rscc\\landcover\\Semi-Dec_East\\final_east-21122020\\shapefiles_east\\pat2_point.shp" }, "geometry": { "type": "Point", "coordinates": [ -77702.626127621377236, 686325.307437195675448 ] } },
{ "type": "Feature", "properties": { "fid": 15023.0, "CropType": "coco", "Photo1": "DCIM/JPEG_20201215143356770.jpg", "Photo2": "DCIM/JPEG_20201215143418128.jpg", "Photo3": "DCIM/JPEG_20201215143429656.jpg", "Photo4": "DCIM/JPEG_20201215143511059.jpg", "Irrigation": "FALSE", "District": "ATWE", "Region": "EAST", "Zone": "deci", "Date": "2020-12-15", "Technician": "PALA", "layer": "pat2_point", "path": "H:\\GSSTI\\rscc\\landcover\\Semi-Dec_East\\final_east-21122020\\shapefiles_east\\pat2_point.shp" }, "geometry": { "type": "Point", "coordinates": [ -78106.728866474877577, 690388.738787721493281 ] } },
{ "type": "Feature", "properties": { "fid": 15029.0, "CropType": "plnt", "Photo1": "DCIM/JPEG_20201215145424484.jpg", "Photo2": "DCIM/JPEG_20201215145442556.jpg", "Photo3": "DCIM/JPEG_20201215145504101.jpg", "Photo4": "DCIM/JPEG_20201215145528048.jpg", "Irrigation": "FALSE", "District": "KWAE", "Region": "EAST", "Zone": "deci", "Date": "2020-12-15", "Technician": "PALA", "layer": "pat2_point", "path": "H:\\GSSTI\\rscc\\landcover\\Semi-Dec_East\\final_east-21122020\\shapefiles_east\\pat2_point.shp" }, "geometry": { "type": "Point", "coordinates": [ -99360.406626608863007, 686801.596883131656796 ] } },
{ "type": "Feature", "properties": { "fid": 15030.0, "CropType": "oilp", "Photo1": "DCIM/JPEG_20201215150315850.jpg", "Photo2": "DCIM/JPEG_20201215150331625.jpg", "Photo3": "DCIM/JPEG_20201215150352592.jpg", "Photo4": "DCIM/JPEG_20201215150412595.jpg", "Irrigation": "FALSE", "District": "KWAE", "Region": "EAST", "Zone": "deci", "Date": "2020-12-15", "Technician": "PALA", "layer": "pat2_point", "path": "H:\\GSSTI\\rscc\\landcover\\Semi-Dec_East\\final_east-21122020\\shapefiles_east\\pat2_point.shp" }, "geometry": { "type": "Point", "coordinates": [ -99360.406626608863007, 686801.596883131656796 ] } },
{ "type": "Feature", "properties": { "fid": 15031.0, "CropType": "oilp", "Photo1": "DCIM/JPEG_20201215150543745.jpg", "Photo2": "DCIM/JPEG_20201215150604485.jpg", "Photo3": "DCIM/JPEG_20201215150619161.jpg", "Photo4": "DCIM/JPEG_20201215150633441.jpg", "Irrigation": "FALSE", "District": "ATWE", "Region": "EAST", "Zone": "deci", "Date": "2020-12-15", "Technician": "PALA", "layer": "pat2_point", "path": "H:\\GSSTI\\rscc\\landcover\\Semi-Dec_East\\final_east-21122020\\shapefiles_east\\pat2_point.shp" }, "geometry": { "type": "Point", "coordinates": [ -80867.908648058597464, 692686.163259399821982 ] } },
{ "type": "Feature", "properties": { "fid": 15032.0, "CropType": "cass", "Photo1": "DCIM/JPEG_20201215150954655.jpg", "Photo2": "DCIM/JPEG_20201215151026582.jpg", "Photo3": "DCIM/JPEG_20201215151043724.jpg", "Photo4": "DCIM/JPEG_20201215151100916.jpg", "Irrigation": "FALSE", "District": "ATWE", "Region": "EAST", "Zone": "deci", "Date": "2020-12-15", "Technician": "PALA", "layer": "pat2_point", "path": "H:\\GSSTI\\rscc\\landcover\\Semi-Dec_East\\final_east-21122020\\shapefiles_east\\pat2_point.shp" }, "geometry": { "type": "Point", "coordinates": [ -81203.917254395666532, 692590.412126016221009 ] } },
{ "type": "Feature", "properties": { "fid": 15033.0, "CropType": "plnt", "Photo1": "DCIM/JPEG_20201215151337503.jpg", "Photo2": "DCIM/JPEG_20201215151353353.jpg", "Photo3": "DCIM/JPEG_20201215151408568.jpg", "Photo4": "DCIM/JPEG_20201215151422565.jpg", "Irrigation": "FALSE", "District": "KWAE", "Region": "EAST", "Zone": "deci", "Date": "2020-12-15", "Technician": "PALA", "layer": "pat2_point", "path": "H:\\GSSTI\\rscc\\landcover\\Semi-Dec_East\\final_east-21122020\\shapefiles_east\\pat2_point.shp" }, "geometry": { "type": "Point", "coordinates": [ -81537.224507754726801, 692568.384497696068138 ] } },
{ "type": "Feature", "properties": { "fid": 15034.0, "CropType": "plnt", "Photo1": "DCIM/JPEG_20201215151537910.jpg", "Photo2": "DCIM/JPEG_20201215151550968.jpg", "Photo3": "DCIM/JPEG_20201215151608167.jpg", "Photo4": "DCIM/JPEG_20201215151621376.jpg", "Irrigation": "FALSE", "District": "ATWE", "Region": "EAST", "Zone": "deci", "Date": "2020-12-15", "Technician": "PALA", "layer": "pat2_point", "path": "H:\\GSSTI\\rscc\\landcover\\Semi-Dec_East\\final_east-21122020\\shapefiles_east\\pat2_point.shp" }, "geometry": { "type": "Point", "coordinates": [ -81538.105787054897519, 692567.195681591052562 ] } },
{ "type": "Feature", "properties": { "fid": 15035.0, "CropType": "cass", "Photo1": "DCIM/JPEG_20201215153048115.jpg", "Photo2": "DCIM/JPEG_20201215153109872.jpg", "Photo3": "DCIM/JPEG_20201215153131235.jpg", "Photo4": "DCIM/JPEG_20201215153148091.jpg", "Irrigation": "FALSE", "District": "ATWE", "Region": "EAST", "Zone": "deci", "Date": "2020-12-15", "Technician": "PALA", "layer": "pat2_point", "path": "H:\\GSSTI\\rscc\\landcover\\Semi-Dec_East\\final_east-21122020\\shapefiles_east\\pat2_point.shp" }, "geometry": { "type": "Point", "coordinates": [ -86179.722236993460683, 692837.141534778522328 ] } },
{ "type": "Feature", "properties": { "fid": 15036.0, "CropType": "oilp", "Photo1": "DCIM/JPEG_20201215154307702.jpg", "Photo2": "DCIM/JPEG_20201215154329710.jpg", "Photo3": "DCIM/JPEG_20201215154346119.jpg", "Photo4": "DCIM/JPEG_20201215154404462.jpg", "Irrigation": "FALSE", "District": "ATWE", "Region": "EAST", "Zone": "deci", "Date": "2020-12-15", "Technician": "PALA", "layer": "pat2_point", "path": "H:\\GSSTI\\rscc\\landcover\\Semi-Dec_East\\final_east-21122020\\shapefiles_east\\pat2_point.shp" }, "geometry": { "type": "Point", "coordinates": [ -86827.6165160099481, 691367.880926948157139 ] } },
{ "type": "Feature", "properties": { "fid": 15037.0, "CropType": "oilp", "Photo1": "DCIM/JPEG_20201215160101582.jpg", "Photo2": "DCIM/JPEG_20201215160128187.jpg", "Photo3": "DCIM/JPEG_20201215160146339.jpg", "Photo4": "DCIM/JPEG_20201215160158783.jpg", "Irrigation": "FALSE", "District": "ATWE", "Region": "EAST", "Zone": "deci", "Date": "2020-12-15", "Technician": "PALA", "layer": "pat2_point", "path": "H:\\GSSTI\\rscc\\landcover\\Semi-Dec_East\\final_east-21122020\\shapefiles_east\\pat2_point.shp" }, "geometry": { "type": "Point", "coordinates": [ -86827.6165160099481, 691367.880926948157139 ] } },
{ "type": "Feature", "properties": { "fid": 15041.0, "CropType": "plnt", "Photo1": "DCIM/JPEG_20201215162458988.jpg", "Photo2": "DCIM/JPEG_20201215162519073.jpg", "Photo3": "DCIM/JPEG_20201215162539174.jpg", "Photo4": "DCIM/JPEG_20201215162556893.jpg", "Irrigation": "FALSE", "District": "ATWE", "Region": "EAST", "Zone": "deci", "Date": "2020-12-15", "Technician": "PALA", "layer": "pat2_point", "path": "H:\\GSSTI\\rscc\\landcover\\Semi-Dec_East\\final_east-21122020\\shapefiles_east\\pat2_point.shp" }, "geometry": { "type": "Point", "coordinates": [ -92589.42059322768182, 692336.843884275411256 ] } },
{ "type": "Feature", "properties": { "fid": 15042.0, "CropType": "maiz", "Photo1": "DCIM/JPEG_20201215163811791.jpg", "Photo2": "DCIM/JPEG_20201215163827754.jpg", "Photo3": "DCIM/JPEG_20201215163841527.jpg", "Photo4": "DCIM/JPEG_20201215163955122.jpg", "Irrigation": "FALSE", "District": "KWAE", "Region": "EAST", "Zone": "deci", "Date": "2020-12-15", "Technician": "PALA", "layer": "pat2_point", "path": "H:\\GSSTI\\rscc\\landcover\\Semi-Dec_East\\final_east-21122020\\shapefiles_east\\pat2_point.shp" }, "geometry": { "type": "Point", "coordinates": [ -92589.42059322768182, 692336.843884275411256 ] } },
{ "type": "Feature", "properties": { "fid": 15043.0, "CropType": "cass", "Photo1": "DCIM/JPEG_20201215164236778.jpg", "Photo2": "DCIM/JPEG_20201215164321885.jpg", "Photo3": "DCIM/JPEG_20201215164343413.jpg", "Photo4": "DCIM/JPEG_20201215164353233.jpg", "Irrigation": "FALSE", "District": "KWAE", "Region": "EAST", "Zone": "deci", "Date": "2020-12-15", "Technician": "PALA", "layer": "pat2_point", "path": "H:\\GSSTI\\rscc\\landcover\\Semi-Dec_East\\final_east-21122020\\shapefiles_east\\pat2_point.shp" }, "geometry": { "type": "Point", "coordinates": [ -92365.209459205972962, 685905.006839289213531 ] } },
{ "type": "Feature", "properties": { "fid": 16008.0, "CropType": "rubb", "Photo1": "DCIM/JPEG_20201216112748472.jpg", "Photo2": "DCIM/JPEG_20201216112802904.jpg", "Photo3": "DCIM/JPEG_20201216112815428.jpg", "Photo4": "DCIM/JPEG_20201216112831699.jpg", "Irrigation": "FALSE", "District": "KWAE", "Region": "EAST", "Zone": "deci", "Date": "2020-12-16", "Technician": "PALA", "layer": "pat2_point", "path": "H:\\GSSTI\\rscc\\landcover\\Semi-Dec_East\\final_east-21122020\\shapefiles_east\\pat2_point.shp" }, "geometry": { "type": "Point", "coordinates": [ -103268.612894925230648, 682359.567407719790936 ] } },
{ "type": "Feature", "properties": { "fid": 16009.0, "CropType": "maiz", "Photo1": "DCIM/JPEG_20201216113154423.jpg", "Photo2": "DCIM/JPEG_20201216113226894.jpg", "Photo3": "DCIM/JPEG_20201216113240131.jpg", "Photo4": "DCIM/JPEG_20201216113251437.jpg", "Irrigation": "FALSE", "District": "KWAE", "Region": "EAST", "Zone": "deci", "Date": "2020-12-16", "Technician": "PALA", "layer": "pat2_point", "path": "H:\\GSSTI\\rscc\\landcover\\Semi-Dec_East\\final_east-21122020\\shapefiles_east\\pat2_point.shp" }, "geometry": { "type": "Point", "coordinates": [ -103504.151950169645716, 682331.902800296200439 ] } },
{ "type": "Feature", "properties": { "fid": 16010.0, "CropType": "maiz", "Photo1": "DCIM/JPEG_20201216113814142.jpg", "Photo2": "DCIM/JPEG_20201216113825141.jpg", "Photo3": "DCIM/JPEG_20201216113833467.jpg", "Photo4": "DCIM/JPEG_20201216113843435.jpg", "Irrigation": "FALSE", "District": "KWAE", "Region": "EAST", "Zone": "deci", "Date": "2020-12-16", "Technician": "PALA", "layer": "pat2_point", "path": "H:\\GSSTI\\rscc\\landcover\\Semi-Dec_East\\final_east-21122020\\shapefiles_east\\pat2_point.shp" }, "geometry": { "type": "Point", "coordinates": [ -104256.747776250631432, 682411.909268067916855 ] } },
{ "type": "Feature", "properties": { "fid": 16011.0, "CropType": "maiz", "Photo1": "DCIM/JPEG_20201216114357926.jpg", "Photo2": "DCIM/JPEG_20201216114408939.jpg", "Photo3": "DCIM/JPEG_20201216114419922.jpg", "Photo4": "DCIM/JPEG_20201216114437361.jpg", "Irrigation": "FALSE", "District": "KWAE", "Region": "EAST", "Zone": "deci", "Date": "2020-12-16", "Technician": "PALA", "layer": "pat2_point", "path": "H:\\GSSTI\\rscc\\landcover\\Semi-Dec_East\\final_east-21122020\\shapefiles_east\\pat2_point.shp" }, "geometry": { "type": "Point", "coordinates": [ -104826.315806218059151, 682818.638300783117302 ] } },
{ "type": "Feature", "properties": { "fid": 16012.0, "CropType": "maiz", "Photo1": "DCIM/JPEG_20201216114804417.jpg", "Photo2": "DCIM/JPEG_20201216114815553.jpg", "Photo3": "DCIM/JPEG_20201216114830789.jpg", "Photo4": "DCIM/JPEG_20201216114902528.jpg", "Irrigation": "FALSE", "District": "KWAE", "Region": "EAST", "Zone": "deci", "Date": "2020-12-16", "Technician": "PALA", "layer": "pat2_point", "path": "H:\\GSSTI\\rscc\\landcover\\Semi-Dec_East\\final_east-21122020\\shapefiles_east\\pat2_point.shp" }, "geometry": { "type": "Point", "coordinates": [ -104985.608431569868117, 682992.119366375729442 ] } },
{ "type": "Feature", "properties": { "fid": 16017.0, "CropType": "coco", "Photo1": "DCIM/JPEG_20201216115201871.jpg", "Photo2": "DCIM/JPEG_20201216115214753.jpg", "Photo3": "DCIM/JPEG_20201216115225366.jpg", "Photo4": "DCIM/JPEG_20201216115243598.jpg", "Irrigation": "FALSE", "District": "KWAE", "Region": "EAST", "Zone": "deci", "Date": "2020-12-16", "Technician": "PALA", "layer": "pat2_point", "path": "H:\\GSSTI\\rscc\\landcover\\Semi-Dec_East\\final_east-21122020\\shapefiles_east\\pat2_point.shp" }, "geometry": { "type": "Point", "coordinates": [ -104917.351030464793439, 683031.164850975968875 ] } },
{ "type": "Feature", "properties": { "fid": 16020.0, "CropType": "bush", "Photo1": "DCIM/JPEG_20201216121601031.jpg", "Photo2": "DCIM/JPEG_20201216121620236.jpg", "Photo3": "DCIM/JPEG_20201216121629989.jpg", "Photo4": "DCIM/JPEG_20201216121653640.jpg", "Irrigation": "FALSE", "District": "KWAE", "Region": "EAST", "Zone": "deci", "Date": "2020-12-16", "Technician": "PALA", "layer": "pat2_point", "path": "H:\\GSSTI\\rscc\\landcover\\Semi-Dec_East\\final_east-21122020\\shapefiles_east\\pat2_point.shp" }, "geometry": { "type": "Point", "coordinates": [ -108068.386511408432852, 685365.351232193643227 ] } },
{ "type": "Feature", "properties": { "fid": 16025.0, "CropType": "coco", "Photo1": "DCIM/JPEG_20201216123907281.jpg", "Photo2": "DCIM/JPEG_20201216123919610.jpg", "Photo3": "DCIM/JPEG_20201216123934642.jpg", "Photo4": "DCIM/JPEG_20201216123949653.jpg", "Irrigation": "FALSE", "District": "KWAE", "Region": "EAST", "Zone": "deci", "Date": "2020-12-16", "Technician": "PALA", "layer": "pat2_point", "path": "H:\\GSSTI\\rscc\\landcover\\Semi-Dec_East\\final_east-21122020\\shapefiles_east\\pat2_point.shp" }, "geometry": { "type": "Point", "coordinates": [ -113620.219765092144371, 685109.143589528859593 ] } },
{ "type": "Feature", "properties": { "fid": 16030.0, "CropType": "oran", "Photo1": "DCIM/JPEG_20201216125248729.jpg", "Photo2": "DCIM/JPEG_20201216125315721.jpg", "Photo3": "DCIM/JPEG_20201216125438544.jpg", "Photo4": "DCIM/JPEG_20201216125347770.jpg", "Irrigation": "FALSE", "District": "KWAE", "Region": "EAST", "Zone": "deci", "Date": "2020-12-16", "Technician": "PALA", "layer": "pat2_point", "path": "H:\\GSSTI\\rscc\\landcover\\Semi-Dec_East\\final_east-21122020\\shapefiles_east\\pat2_point.shp" }, "geometry": { "type": "Point", "coordinates": [ -114473.776939694274915, 685848.498065411346033 ] } },
{ "type": "Feature", "properties": { "fid": 16032.0, "CropType": "oilp", "Photo1": "DCIM/JPEG_20201216130555648.jpg", "Photo2": "DCIM/JPEG_20201216130609281.jpg", "Photo3": "DCIM/JPEG_20201216125438544.jpg", "Photo4": "DCIM/JPEG_20201216130630535.jpg", "Irrigation": "FALSE", "District": "KWAE", "Region": "EAST", "Zone": "deci", "Date": "2020-12-16", "Technician": "PALA", "layer": "pat2_point", "path": "H:\\GSSTI\\rscc\\landcover\\Semi-Dec_East\\final_east-21122020\\shapefiles_east\\pat2_point.shp" }, "geometry": { "type": "Point", "coordinates": [ -115271.084102905500913, 686190.694418143597431 ] } },
{ "type": "Feature", "properties": { "fid": 16036.0, "CropType": "plnt", "Photo1": "DCIM/JPEG_20201216131122315.jpg", "Photo2": "DCIM/JPEG_20201216131133607.jpg", "Photo3": "DCIM/JPEG_20201216125438544.jpg", "Photo4": "DCIM/JPEG_20201216131147525.jpg", "Irrigation": "FALSE", "District": "KWAE", "Region": "EAST", "Zone": "deci", "Date": "2020-12-16", "Technician": "PALA", "layer": "pat2_point", "path": "H:\\GSSTI\\rscc\\landcover\\Semi-Dec_East\\final_east-21122020\\shapefiles_east\\pat2_point.shp" }, "geometry": { "type": "Point", "coordinates": [ -115985.246874788965215, 686276.949946533306502 ] } },
{ "type": "Feature", "properties": { "fid": 16049.0, "CropType": "oran", "Photo1": "DCIM/JPEG_20201216144643144.jpg", "Photo2": "DCIM/JPEG_20201216144705167.jpg", "Photo3": "DCIM/JPEG_20201216144723331.jpg", "Photo4": "DCIM/JPEG_20201216144743582.jpg", "Irrigation": "FALSE", "District": "BISO", "Region": "EAST", "Zone": "deci", "Date": "2020-12-16", "Technician": "PALA", "layer": "pat2_point", "path": "H:\\GSSTI\\rscc\\landcover\\Semi-Dec_East\\final_east-21122020\\shapefiles_east\\pat2_point.shp" }, "geometry": { "type": "Point", "coordinates": [ -120914.050913050712552, 686345.845480352640152 ] } },
{ "type": "Feature", "properties": { "fid": 16054.0, "CropType": "maiz", "Photo1": "DCIM/JPEG_20201216154213632.jpg", "Photo2": "DCIM/JPEG_20201216154225385.jpg", "Photo3": "DCIM/JPEG_20201216154236966.jpg", "Photo4": "DCIM/JPEG_20201216154250166.jpg", "Irrigation": "FALSE", "District": "BISO", "Region": "EAST", "Zone": "deci", "Date": "2020-12-16", "Technician": "PALA", "layer": "pat2_point", "path": "H:\\GSSTI\\rscc\\landcover\\Semi-Dec_East\\final_east-21122020\\shapefiles_east\\pat2_point.shp" }, "geometry": { "type": "Point", "coordinates": [ -127289.282899609082961, 681917.780493531143293 ] } },
{ "type": "Feature", "properties": { "fid": 16055.0, "CropType": "rice", "Photo1": "DCIM/JPEG_20201216154622631.jpg", "Photo2": "DCIM/JPEG_20201216154636180.jpg", "Photo3": "DCIM/JPEG_20201216154647938.jpg", "Photo4": "DCIM/JPEG_20201216154657949.jpg", "Irrigation": "FALSE", "District": "BISO", "Region": "EAST", "Zone": "deci", "Date": "2020-12-16", "Technician": "PALA", "layer": "pat2_point", "path": "H:\\GSSTI\\rscc\\landcover\\Semi-Dec_East\\final_east-21122020\\shapefiles_east\\pat2_point.shp" }, "geometry": { "type": "Point", "coordinates": [ -127110.984326532561681, 680745.795752611826174 ] } },
{ "type": "Feature", "properties": { "fid": 16059.0, "CropType": "rice", "Photo1": "DCIM/JPEG_20201216160635008.jpg", "Photo2": "DCIM/JPEG_20201216160645787.jpg", "Photo3": "DCIM/JPEG_20201216160718383.jpg", "Photo4": "DCIM/JPEG_20201216160756383.jpg", "Irrigation": "FALSE", "District": "BISO", "Region": "EAST", "Zone": "deci", "Date": "2020-12-16", "Technician": "PALA", "layer": "pat2_point", "path": "H:\\GSSTI\\rscc\\landcover\\Semi-Dec_East\\final_east-21122020\\shapefiles_east\\pat2_point.shp" }, "geometry": { "type": "Point", "coordinates": [ -121779.68426073390583, 674653.68662960419897 ] } },
{ "type": "Feature", "properties": { "fid": 17002.0, "CropType": "bush", "Photo1": "DCIM/JPEG_20201217091825198.jpg", "Photo2": "DCIM/JPEG_20201217091837775.jpg", "Photo3": "DCIM/JPEG_20201217091848677.jpg", "Photo4": "DCIM/JPEG_20201217091858547.jpg", "Irrigation": "FALSE", "District": "KWAE", "Region": "EAST", "Zone": "deci", "Date": "2020-12-17", "Technician": "PALA", "layer": "pat2_point", "path": "H:\\GSSTI\\rscc\\landcover\\Semi-Dec_East\\final_east-21122020\\shapefiles_east\\pat2_point.shp" }, "geometry": { "type": "Point", "coordinates": [ -91489.182469657127513, 688287.217728437273763 ] } },
{ "type": "Feature", "properties": { "fid": 17003.0, "CropType": "oilp", "Photo1": "DCIM/JPEG_20201217091959227.jpg", "Photo2": "DCIM/JPEG_20201217092015105.jpg", "Photo3": "DCIM/JPEG_20201217092033684.jpg", "Photo4": "DCIM/JPEG_20201217092048790.jpg", "Irrigation": "FALSE", "District": "KWAE", "Region": "EAST", "Zone": "deci", "Date": "2020-12-17", "Technician": "PALA", "layer": "pat2_point", "path": "H:\\GSSTI\\rscc\\landcover\\Semi-Dec_East\\final_east-21122020\\shapefiles_east\\pat2_point.shp" }, "geometry": { "type": "Point", "coordinates": [ -90927.653195590493851, 688291.749257067451254 ] } },
{ "type": "Feature", "properties": { "fid": 17006.0, "CropType": "coco", "Photo1": "DCIM/JPEG_20201217095634943.jpg", "Photo2": "DCIM/JPEG_20201217095652103.jpg", "Photo3": "DCIM/JPEG_20201217095705798.jpg", "Photo4": "DCIM/JPEG_20201217095814220.jpg", "Irrigation": "FALSE", "District": "KWAE", "Region": "EAST", "Zone": "deci", "Date": "2020-12-17", "Technician": "PALA", "layer": "pat2_point", "path": "H:\\GSSTI\\rscc\\landcover\\Semi-Dec_East\\final_east-21122020\\shapefiles_east\\pat2_point.shp" }, "geometry": { "type": "Point", "coordinates": [ -91993.905845280794892, 690228.745562865864486 ] } },
{ "type": "Feature", "properties": { "fid": 17012.0, "CropType": "cass", "Photo1": "DCIM/JPEG_20201217102544194.jpg", "Photo2": "DCIM/JPEG_20201217102646054.jpg", "Photo3": "DCIM/JPEG_20201217102659141.jpg", "Photo4": "DCIM/JPEG_20201217102710313.jpg", "Irrigation": "FALSE", "District": "KWAE", "Region": "EAST", "Zone": "deci", "Date": "2020-12-17", "Technician": "PALA", "layer": "pat2_point", "path": "H:\\GSSTI\\rscc\\landcover\\Semi-Dec_East\\final_east-21122020\\shapefiles_east\\pat2_point.shp" }, "geometry": { "type": "Point", "coordinates": [ -92472.271476261055795, 690957.611988837015815 ] } },
{ "type": "Feature", "properties": { "fid": 17015.0, "CropType": "oilp", "Photo1": "DCIM/JPEG_20201217103018925.jpg", "Photo2": "DCIM/JPEG_20201217103035992.jpg", "Photo3": "DCIM/JPEG_20201217103103179.jpg", "Photo4": "DCIM/JPEG_20201217103133929.jpg", "Irrigation": "FALSE", "District": "KWAE", "Region": "EAST", "Zone": "deci", "Date": "2020-12-17", "Technician": "PALA", "layer": "pat2_point", "path": "H:\\GSSTI\\rscc\\landcover\\Semi-Dec_East\\final_east-21122020\\shapefiles_east\\pat2_point.shp" }, "geometry": { "type": "Point", "coordinates": [ -92537.204716975582414, 691036.025885541806929 ] } },
{ "type": "Feature", "properties": { "fid": 17016.0, "CropType": "oilp", "Photo1": "DCIM/JPEG_20201217110054483.jpg", "Photo2": "DCIM/JPEG_20201217110106425.jpg", "Photo3": "DCIM/JPEG_20201217110116470.jpg", "Photo4": "DCIM/JPEG_20201217110244094.jpg", "Irrigation": "FALSE", "District": "KWAE", "Region": "EAST", "Zone": "deci", "Date": "2020-12-17", "Technician": "PALA", "layer": "pat2_point", "path": "H:\\GSSTI\\rscc\\landcover\\Semi-Dec_East\\final_east-21122020\\shapefiles_east\\pat2_point.shp" }, "geometry": { "type": "Point", "coordinates": [ -97023.48514521359175, 696772.330171416164376 ] } },
{ "type": "Feature", "properties": { "fid": 17018.0, "CropType": "plnt", "Photo1": "DCIM/JPEG_20201217111853912.jpg", "Photo2": "DCIM/JPEG_20201217111930993.jpg", "Photo3": "DCIM/JPEG_20201217111944536.jpg", "Photo4": "DCIM/JPEG_20201217112001002.jpg", "Irrigation": "FALSE", "District": "KWAE", "Region": "EAST", "Zone": "deci", "Date": "2020-12-17", "Technician": "PALA", "layer": "pat2_point", "path": "H:\\GSSTI\\rscc\\landcover\\Semi-Dec_East\\final_east-21122020\\shapefiles_east\\pat2_point.shp" }, "geometry": { "type": "Point", "coordinates": [ -95136.710147528370726, 700618.702050767256878 ] } },
{ "type": "Feature", "properties": { "fid": 17020.0, "CropType": "maiz", "Photo1": "DCIM/JPEG_20201217112525417.jpg", "Photo2": "DCIM/JPEG_20201217112538042.jpg", "Photo3": "DCIM/JPEG_20201217112557634.jpg", "Photo4": "DCIM/JPEG_20201217112613645.jpg", "Irrigation": "FALSE", "District": "KWAE", "Region": "EAST", "Zone": "deci", "Date": "2020-12-17", "Technician": "PALA", "layer": "pat2_point", "path": "H:\\GSSTI\\rscc\\landcover\\Semi-Dec_East\\final_east-21122020\\shapefiles_east\\pat2_point.shp" }, "geometry": { "type": "Point", "coordinates": [ -93703.941148769008578, 700755.13184046454262 ] } },
{ "type": "Feature", "properties": { "fid": 17021.0, "CropType": "oran", "Photo1": "DCIM/JPEG_20201217113724345.jpg", "Photo2": "DCIM/JPEG_20201217113738823.jpg", "Photo3": "DCIM/JPEG_20201217113756123.jpg", "Photo4": "DCIM/JPEG_20201217113808438.jpg", "Irrigation": "FALSE", "District": "KWAE", "Region": "EAST", "Zone": "deci", "Date": "2020-12-17", "Technician": "PALA", "layer": "pat2_point", "path": "H:\\GSSTI\\rscc\\landcover\\Semi-Dec_East\\final_east-21122020\\shapefiles_east\\pat2_point.shp" }, "geometry": { "type": "Point", "coordinates": [ -88970.626177945188829, 699591.706405282719061 ] } },
{ "type": "Feature", "properties": { "fid": 17028.0, "CropType": "cass", "Photo1": "DCIM/JPEG_20201217115830903.jpg", "Photo2": "DCIM/JPEG_20201217115845067.jpg", "Photo3": "DCIM/JPEG_20201217115856264.jpg", "Photo4": "DCIM/JPEG_20201217115907263.jpg", "Irrigation": "FALSE", "District": "KWAE", "Region": "EAST", "Zone": "deci", "Date": "2020-12-17", "Technician": "PALA", "layer": "pat2_point", "path": "H:\\GSSTI\\rscc\\landcover\\Semi-Dec_East\\final_east-21122020\\shapefiles_east\\pat2_point.shp" }, "geometry": { "type": "Point", "coordinates": [ -86019.219939842208987, 698733.37805342359934 ] } },
{ "type": "Feature", "properties": { "fid": 17029.0, "CropType": "plnt", "Photo1": "DCIM/JPEG_20201217120354515.jpg", "Photo2": "DCIM/JPEG_20201217120408369.jpg", "Photo3": "DCIM/JPEG_20201217120417696.jpg", "Photo4": "DCIM/JPEG_20201217120428909.jpg", "Irrigation": "FALSE", "District": "KWAE", "Region": "EAST", "Zone": "deci", "Date": "2020-12-17", "Technician": "PALA", "layer": "pat2_point", "path": "H:\\GSSTI\\rscc\\landcover\\Semi-Dec_East\\final_east-21122020\\shapefiles_east\\pat2_point.shp" }, "geometry": { "type": "Point", "coordinates": [ -85516.484421497152653, 699101.060600820695981 ] } },
{ "type": "Feature", "properties": { "fid": 17030.0, "CropType": "maiz", "Photo1": "DCIM/JPEG_20201217121815971.jpg", "Photo2": "DCIM/JPEG_20201217121839278.jpg", "Photo3": "DCIM/JPEG_20201217121857712.jpg", "Photo4": "DCIM/JPEG_20201217121948256.jpg", "Irrigation": "FALSE", "District": "KWAE", "Region": "EAST", "Zone": "deci", "Date": "2020-12-17", "Technician": "PALA", "layer": "pat2_point", "path": "H:\\GSSTI\\rscc\\landcover\\Semi-Dec_East\\final_east-21122020\\shapefiles_east\\pat2_point.shp" }, "geometry": { "type": "Point", "coordinates": [ -79618.61601921331021, 704094.842592154280283 ] } },
{ "type": "Feature", "properties": { "fid": 17035.0, "CropType": "bush", "Photo1": "DCIM/JPEG_20201217123138356.jpg", "Photo2": "DCIM/JPEG_20201217123153003.jpg", "Photo3": "DCIM/JPEG_20201217123202984.jpg", "Photo4": "DCIM/JPEG_20201217123212704.jpg", "Irrigation": "FALSE", "District": "ATWE", "Region": "EAST", "Zone": "deci", "Date": "2020-12-17", "Technician": "PALA", "layer": "pat2_point", "path": "H:\\GSSTI\\rscc\\landcover\\Semi-Dec_East\\final_east-21122020\\shapefiles_east\\pat2_point.shp" }, "geometry": { "type": "Point", "coordinates": [ -75592.970392122704652, 705701.754452765570022 ] } },
{ "type": "Feature", "properties": { "fid": 17038.0, "CropType": "cass", "Photo1": "DCIM/JPEG_20201217124801855.jpg", "Photo2": "DCIM/JPEG_20201217124815326.jpg", "Photo3": "DCIM/JPEG_20201217124850127.jpg", "Photo4": "DCIM/JPEG_20201217124901235.jpg", "Irrigation": "FALSE", "District": "ATWE", "Region": "EAST", "Zone": "deci", "Date": "2020-12-17", "Technician": "PALA", "layer": "pat2_point", "path": "H:\\GSSTI\\rscc\\landcover\\Semi-Dec_East\\final_east-21122020\\shapefiles_east\\pat2_point.shp" }, "geometry": { "type": "Point", "coordinates": [ -77110.353542830387596, 700951.319028335157782 ] } },
{ "type": "Feature", "properties": { "fid": 17040.0, "CropType": "maiz", "Photo1": "DCIM/JPEG_20201217125837948.jpg", "Photo2": "DCIM/JPEG_20201217125854707.jpg", "Photo3": "DCIM/JPEG_20201217125908764.jpg", "Photo4": "DCIM/JPEG_20201217125926153.jpg", "Irrigation": "FALSE", "District": "ATWE", "Region": "EAST", "Zone": "deci", "Date": "2020-12-17", "Technician": "PALA", "layer": "pat2_point", "path": "H:\\GSSTI\\rscc\\landcover\\Semi-Dec_East\\final_east-21122020\\shapefiles_east\\pat2_point.shp" }, "geometry": { "type": "Point", "coordinates": [ -76866.238265494728694, 700562.223722353111953 ] } },
{ "type": "Feature", "properties": { "fid": 17041.0, "CropType": "oran", "Photo1": "DCIM/JPEG_20201217130316232.jpg", "Photo2": "DCIM/JPEG_20201217130334689.jpg", "Photo3": "DCIM/JPEG_20201217130348973.jpg", "Photo4": "DCIM/JPEG_20201217130415708.jpg", "Irrigation": "FALSE", "District": "ATWE", "Region": "EAST", "Zone": "deci", "Date": "2020-12-17", "Technician": "PALA", "layer": "pat2_point", "path": "H:\\GSSTI\\rscc\\landcover\\Semi-Dec_East\\final_east-21122020\\shapefiles_east\\pat2_point.shp" }, "geometry": { "type": "Point", "coordinates": [ -75997.096553345094435, 699833.209573909523897 ] } },
{ "type": "Feature", "properties": { "fid": 17045.0, "CropType": "coco", "Photo1": "DCIM/JPEG_20201217133419712.jpg", "Photo2": "DCIM/JPEG_20201217133434638.jpg", "Photo3": "DCIM/JPEG_20201217133446091.jpg", "Photo4": "DCIM/JPEG_20201217133503054.jpg", "Irrigation": "FALSE", "District": "KWAE", "Region": "EAST", "Zone": "deci", "Date": "2020-12-17", "Technician": "PALA", "layer": "pat2_point", "path": "H:\\GSSTI\\rscc\\landcover\\Semi-Dec_East\\final_east-21122020\\shapefiles_east\\pat2_point.shp" }, "geometry": { "type": "Point", "coordinates": [ -73849.00881248684891, 693359.777420182246715 ] } },
{ "type": "Feature", "properties": { "fid": 18001.0, "CropType": "coco", "Photo1": "DCIM/JPEG_20201218105158909.jpg", "Photo2": "DCIM/JPEG_20201218105212016.jpg", "Photo3": "DCIM/JPEG_20201218105223969.jpg", "Photo4": "DCIM/JPEG_20201218105238831.jpg", "Irrigation": "FALSE", "District": "KWAE", "Region": "EAST", "Zone": "deci", "Date": "2020-12-18", "Technician": "PALA", "layer": "pat2_point", "path": "H:\\GSSTI\\rscc\\landcover\\Semi-Dec_East\\final_east-21122020\\shapefiles_east\\pat2_point.shp" }, "geometry": { "type": "Point", "coordinates": [ -96737.724719715450192, 700553.279321851907298 ] } },
{ "type": "Feature", "properties": { "fid": 18002.0, "CropType": "maiz", "Photo1": "DCIM/JPEG_20201218105659314.jpg", "Photo2": "DCIM/JPEG_20201218105711654.jpg", "Photo3": "DCIM/JPEG_20201218105721273.jpg", "Photo4": "DCIM/JPEG_20201218105731803.jpg", "Irrigation": "FALSE", "District": "KWAE", "Region": "EAST", "Zone": "deci", "Date": "2020-12-18", "Technician": "PALA", "layer": "pat2_point", "path": "H:\\GSSTI\\rscc\\landcover\\Semi-Dec_East\\final_east-21122020\\shapefiles_east\\pat2_point.shp" }, "geometry": { "type": "Point", "coordinates": [ -96814.303252756944858, 700617.465505110798404 ] } },
{ "type": "Feature", "properties": { "fid": 18004.0, "CropType": "cass", "Photo1": "DCIM/JPEG_20201218110419596.jpg", "Photo2": "DCIM/JPEG_20201218110432143.jpg", "Photo3": "DCIM/JPEG_20201218110444537.jpg", "Photo4": "DCIM/JPEG_20201218110457143.jpg", "Irrigation": "FALSE", "District": "KWAE", "Region": "EAST", "Zone": "deci", "Date": "2020-12-18", "Technician": "PALA", "layer": "pat2_point", "path": "H:\\GSSTI\\rscc\\landcover\\Semi-Dec_East\\final_east-21122020\\shapefiles_east\\pat2_point.shp" }, "geometry": { "type": "Point", "coordinates": [ -97022.003158679435728, 701176.618848763173446 ] } },
{ "type": "Feature", "properties": { "fid": 18005.0, "CropType": "cass", "Photo1": "DCIM/JPEG_20201218111438664.jpg", "Photo2": "DCIM/JPEG_20201218111455577.jpg", "Photo3": "DCIM/JPEG_20201218111507000.jpg", "Photo4": "DCIM/JPEG_20201218111528233.jpg", "Irrigation": "FALSE", "District": "KWAE", "Region": "EAST", "Zone": "deci", "Date": "2020-12-18", "Technician": "PALA", "layer": "pat2_point", "path": "H:\\GSSTI\\rscc\\landcover\\Semi-Dec_East\\final_east-21122020\\shapefiles_east\\pat2_point.shp" }, "geometry": { "type": "Point", "coordinates": [ -96859.114913775789319, 703713.054218655568548 ] } },
{ "type": "Feature", "properties": { "fid": 18006.0, "CropType": "oilp", "Photo1": "DCIM/JPEG_20201218111809518.jpg", "Photo2": "DCIM/JPEG_20201218111822209.jpg", "Photo3": "DCIM/JPEG_20201218111832925.jpg", "Photo4": "DCIM/JPEG_20201218111842892.jpg", "Irrigation": "FALSE", "District": "KWAE", "Region": "EAST", "Zone": "deci", "Date": "2020-12-18", "Technician": "PALA", "layer": "pat2_point", "path": "H:\\GSSTI\\rscc\\landcover\\Semi-Dec_East\\final_east-21122020\\shapefiles_east\\pat2_point.shp" }, "geometry": { "type": "Point", "coordinates": [ -96965.311852668484789, 703565.426808972144499 ] } },
{ "type": "Feature", "properties": { "fid": 18009.0, "CropType": "coco", "Photo1": "DCIM/JPEG_20201218112311403.jpg", "Photo2": "DCIM/JPEG_20201218112323456.jpg", "Photo3": "DCIM/JPEG_20201218112337719.jpg", "Photo4": "DCIM/JPEG_20201218112349545.jpg", "Irrigation": "FALSE", "District": "KWAE", "Region": "EAST", "Zone": "deci", "Date": "2020-12-18", "Technician": "PALA", "layer": "pat2_point", "path": "H:\\GSSTI\\rscc\\landcover\\Semi-Dec_East\\final_east-21122020\\shapefiles_east\\pat2_point.shp" }, "geometry": { "type": "Point", "coordinates": [ -97332.606801889094641, 704604.008979635196738 ] } },
{ "type": "Feature", "properties": { "fid": 18010.0, "CropType": "coco", "Photo1": "DCIM/JPEG_20201218121437610.jpg", "Photo2": "DCIM/JPEG_20201218121454790.jpg", "Photo3": "DCIM/JPEG_20201218121509571.jpg", "Photo4": "DCIM/JPEG_20201218121532751.jpg", "Irrigation": "FALSE", "District": "KWAE", "Region": "EAST", "Zone": "deci", "Date": "2020-12-18", "Technician": "PALA", "layer": "pat2_point", "path": "H:\\GSSTI\\rscc\\landcover\\Semi-Dec_East\\final_east-21122020\\shapefiles_east\\pat2_point.shp" }, "geometry": { "type": "Point", "coordinates": [ -101145.826273816186585, 704868.87709345004987 ] } },
{ "type": "Feature", "properties": { "fid": 160023.0, "CropType": "bush", "Photo1": "DCIM/JPEG_20201216123554017.jpg", "Photo2": "DCIM/JPEG_20201216123607978.jpg", "Photo3": "DCIM/JPEG_20201216123620552.jpg", "Photo4": "DCIM/JPEG_20201216123635068.jpg", "Irrigation": "FALSE", "District": "KWAE", "Region": "EAST", "Zone": "deci", "Date": "2020-12-16", "Technician": "PALA", "layer": "pat2_point", "path": "H:\\GSSTI\\rscc\\landcover\\Semi-Dec_East\\final_east-21122020\\shapefiles_east\\pat2_point.shp" }, "geometry": { "type": "Point", "coordinates": [ -113456.205338005354861, 685106.64869604841806 ] } },
{ "type": "Feature", "properties": { "fid": 160051.0, "CropType": "coco", "Photo1": "DCIM/JPEG_20201216151733216.jpg", "Photo2": "DCIM/JPEG_20201216151751419.jpg", "Photo3": "DCIM/JPEG_20201216151803840.jpg", "Photo4": "DCIM/JPEG_20201216151824638.jpg", "Irrigation": "FALSE", "District": "BISO", "Region": "EAST", "Zone": "deci", "Date": "2020-12-16", "Technician": "PALA", "layer": "pat2_point", "path": "H:\\GSSTI\\rscc\\landcover\\Semi-Dec_East\\final_east-21122020\\shapefiles_east\\pat2_point.shp" }, "geometry": { "type": "Point", "coordinates": [ -120872.1242821685737, 686477.286511922022328 ] } },
{ "type": "Feature", "properties": { "fid": 15006.0, "CropType": "maiz", "Photo1": "DCIM/JPEG_20201215105610241.jpg", "Photo2": "DCIM/JPEG_20201215105625907.jpg", "Photo3": "DCIM/JPEG_20201215105643176.jpg", "Photo4": "DCIM/JPEG_20201215105657735.jpg", "Irrigation": "FALSE", "District": "KWAE", "Region": "EAST", "Zone": "deci", "Date": "2020-12-15", "Technician": "PALA", "layer": "pat_sam_point", "path": "H:\\GSSTI\\rscc\\landcover\\Semi-Dec_East\\final_east-21122020\\shapefiles_east\\pat_sam_point.shp" }, "geometry": { "type": "Point", "coordinates": [ -90170.932439931682893, 685455.613569584907964 ] } },
{ "type": "Feature", "properties": { "fid": 15008.0, "CropType": "maiz", "Photo1": "DCIM/JPEG_20201215110350449.jpg", "Photo2": "DCIM/JPEG_20201215110405983.jpg", "Photo3": "DCIM/JPEG_20201215110420378.jpg", "Photo4": "DCIM/JPEG_20201215110435552.jpg", "Irrigation": "FALSE", "District": "EAST", "Region": "EAST", "Zone": "deci", "Date": "2020-12-15", "Technician": "PALA", "layer": "pat_sam_point", "path": "H:\\GSSTI\\rscc\\landcover\\Semi-Dec_East\\final_east-21122020\\shapefiles_east\\pat_sam_point.shp" }, "geometry": { "type": "Point", "coordinates": [ -90158.967773074720753, 685330.11209366901312 ] } },
{ "type": "Feature", "properties": { "fid": 6.0, "CropType": "oilp", "Photo1": "DCIM/JPEG_20201214152552689.jpg", "Photo2": "DCIM/JPEG_20201214152606449.jpg", "Photo3": "DCIM/JPEG_20201214152618148.jpg", "Photo4": "DCIM/JPEG_20201214152630878.jpg", "Irrigation": "FALSE", "District": "WEAK", "Region": "EAST", "Zone": "deci", "Date": "2020-12-14", "Technician": "CADO", "layer": "capointday2", "path": "C:\\Users\\caro\\Desktop\\eartern region\\caroday2\\capointday2.shp" }, "geometry": { "type": "Point", "coordinates": [ -81348.897903879988007, 660124.342357676592655 ] } },
{ "type": "Feature", "properties": { "fid": 60.0, "CropType": "oilp", "Photo1": "DCIM/JPEG_20201214093841014.jpg", "Photo2": "DCIM/JPEG_20201214093853619.jpg", "Photo3": "DCIM/JPEG_20201214093904152.jpg", "Photo4": "DCIM/JPEG_20201214093915209.jpg", "Irrigation": "FALSE", "District": "KWAE", "Region": "EAST", "Zone": "deci", "Date": "2020-12-14", "Technician": "CADO", "layer": "capointday2", "path": "C:\\Users\\caro\\Desktop\\eartern region\\caroday2\\capointday2.shp" }, "geometry": { "type": "Point", "coordinates": [ -95540.676550018499256, 675851.253486363450065 ] } },
{ "type": "Feature", "properties": { "fid": 63.0, "CropType": "oilp", "Photo1": "DCIM/JPEG_20201214113511482.jpg", "Photo2": "DCIM/JPEG_20201214113526357.jpg", "Photo3": "DCIM/JPEG_20201214113541232.jpg", "Photo4": "DCIM/JPEG_20201214113553673.jpg", "Irrigation": "FALSE", "District": "KWAE", "Region": "EAST", "Zone": "deci", "Date": "2020-12-14", "Technician": "CADO", "layer": "capointday2", "path": "C:\\Users\\caro\\Desktop\\eartern region\\caroday2\\capointday2.shp" }, "geometry": { "type": "Point", "coordinates": [ -102099.487364166503539, 671204.391638439730741 ] } },
{ "type": "Feature", "properties": { "fid": 68.0, "CropType": "oilp", "Photo1": "DCIM/JPEG_20201214115211910.jpg", "Photo2": "DCIM/JPEG_20201214115224757.jpg", "Photo3": "DCIM/JPEG_20201214115237669.jpg", "Photo4": "DCIM/JPEG_20201214115253561.jpg", "Irrigation": "FALSE", "District": "KWAE", "Region": "EAST", "Zone": "deci", "Date": "2020-12-14", "Technician": "CADO", "layer": "capointday2", "path": "C:\\Users\\caro\\Desktop\\eartern region\\caroday2\\capointday2.shp" }, "geometry": { "type": "Point", "coordinates": [ -102450.025019376276759, 671083.535827650688589 ] } },
{ "type": "Feature", "properties": { "fid": 623.0, "CropType": "oilp", "Photo1": "DCIM/JPEG_20201214101453273.jpg", "Photo2": "DCIM/JPEG_20201214101509960.jpg", "Photo3": "DCIM/JPEG_20201214101524271.jpg", "Photo4": "DCIM/JPEG_20201214101543249.jpg", "Irrigation": "FALSE", "District": "KWAE", "Region": "EAST", "Zone": "deci", "Date": "2020-12-14", "Technician": "CADO", "layer": "capointday2", "path": "C:\\Users\\caro\\Desktop\\eartern region\\caroday2\\capointday2.shp" }, "geometry": { "type": "Point", "coordinates": [ -97080.76129656752164, 672953.168404144584201 ] } },
{ "type": "Feature", "properties": { "fid": 6008.0, "CropType": "oilp", "Photo1": "DCIM/JPEG_20201214094329447.jpg", "Photo2": "DCIM/JPEG_20201214094422717.jpg", "Photo3": "DCIM/JPEG_20201214094459141.jpg", "Photo4": "DCIM/JPEG_20201214094508192.jpg", "Irrigation": "FALSE", "District": "KWAE", "Region": "EAST", "Zone": "deci", "Date": "2020-12-14", "Technician": "CADO", "layer": "capointday2", "path": "C:\\Users\\caro\\Desktop\\eartern region\\caroday2\\capointday2.shp" }, "geometry": { "type": "Point", "coordinates": [ -95515.156556753092445, 675730.192508913343772 ] } },
{ "type": "Feature", "properties": { "fid": 6009.0, "CropType": "oilp", "Photo1": "DCIM/JPEG_20201214095105836.jpg", "Photo2": "DCIM/JPEG_20201214095120247.jpg", "Photo3": "DCIM/JPEG_20201214095130479.jpg", "Photo4": "DCIM/JPEG_20201214095141606.jpg", "Irrigation": "FALSE", "District": "KWAE", "Region": "EAST", "Zone": "deci", "Date": "2020-12-14", "Technician": "CADO", "layer": "capointday2", "path": "C:\\Users\\caro\\Desktop\\eartern region\\caroday2\\capointday2.shp" }, "geometry": { "type": "Point", "coordinates": [ -95672.15043461843743, 675345.458056240924634 ] } },
{ "type": "Feature", "properties": { "fid": 6010.0, "CropType": "oilp", "Photo1": "DCIM/JPEG_20201214095521891.jpg", "Photo2": "DCIM/JPEG_20201214095533060.jpg", "Photo3": "DCIM/JPEG_20201214095544113.jpg", "Photo4": "DCIM/JPEG_20201214095555227.jpg", "Irrigation": "FALSE", "District": "KWAE", "Region": "EAST", "Zone": "deci", "Date": "2020-12-14", "Technician": "CADO", "layer": "capointday2", "path": "C:\\Users\\caro\\Desktop\\eartern region\\caroday2\\capointday2.shp" }, "geometry": { "type": "Point", "coordinates": [ -95776.529155160911614, 675264.261320603545755 ] } },
{ "type": "Feature", "properties": { "fid": 6033.0, "CropType": "oilp", "Photo1": "DCIM/JPEG_20201214100648976.jpg", "Photo2": "DCIM/JPEG_20201214100701646.jpg", "Photo3": "DCIM/JPEG_20201214100712943.jpg", "Photo4": "DCIM/JPEG_20201214100726840.jpg", "Irrigation": "FALSE", "District": "KWAE", "Region": "EAST", "Zone": "deci", "Date": "2020-12-14", "Technician": "CADO", "layer": "capointday2", "path": "C:\\Users\\caro\\Desktop\\eartern region\\caroday2\\capointday2.shp" }, "geometry": { "type": "Point", "coordinates": [ -96800.49221459859109, 673565.233423361554742 ] } },
{ "type": "Feature", "properties": { "fid": 6034.0, "CropType": "oilp", "Photo1": "DCIM/JPEG_20201214105235766.jpg", "Photo2": "DCIM/JPEG_20201214105253334.jpg", "Photo3": "DCIM/JPEG_20201214105304650.jpg", "Photo4": "DCIM/JPEG_20201214105316667.jpg", "Irrigation": "FALSE", "District": "KWAE", "Region": "EAST", "Zone": "deci", "Date": "2020-12-14", "Technician": "CADO", "layer": "capointday2", "path": "C:\\Users\\caro\\Desktop\\eartern region\\caroday2\\capointday2.shp" }, "geometry": { "type": "Point", "coordinates": [ -98344.797825176283368, 672233.997516916599125 ] } },
{ "type": "Feature", "properties": { "fid": 6035.0, "CropType": "oilp", "Photo1": "DCIM/JPEG_20201214110213636.jpg", "Photo2": "DCIM/JPEG_20201214110231590.jpg", "Photo3": "DCIM/JPEG_20201214110248106.jpg", "Photo4": "DCIM/JPEG_20201214110305303.jpg", "Irrigation": "FALSE", "District": "KWAE", "Region": "EAST", "Zone": "deci", "Date": "2020-12-14", "Technician": "CADO", "layer": "capointday2", "path": "C:\\Users\\caro\\Desktop\\eartern region\\caroday2\\capointday2.shp" }, "geometry": { "type": "Point", "coordinates": [ -98746.952472940276493, 671817.401694930391386 ] } },
{ "type": "Feature", "properties": { "fid": 6036.0, "CropType": "oilp", "Photo1": "DCIM/JPEG_20201214110738025.jpg", "Photo2": "DCIM/JPEG_20201214110752566.jpg", "Photo3": "DCIM/JPEG_20201214110803955.jpg", "Photo4": "DCIM/JPEG_20201214110816742.jpg", "Irrigation": "FALSE", "District": "KWAE", "Region": "EAST", "Zone": "deci", "Date": "2020-12-14", "Technician": "CADO", "layer": "capointday2", "path": "C:\\Users\\caro\\Desktop\\eartern region\\caroday2\\capointday2.shp" }, "geometry": { "type": "Point", "coordinates": [ -98862.162579936441034, 671796.387281845905818 ] } },
{ "type": "Feature", "properties": { "fid": 6037.0, "CropType": "oilp", "Photo1": "DCIM/JPEG_20201214111504466.jpg", "Photo2": "DCIM/JPEG_20201214111527717.jpg", "Photo3": "DCIM/JPEG_20201214111543236.jpg", "Photo4": "DCIM/JPEG_20201214111556371.jpg", "Irrigation": "FALSE", "District": "KWAE", "Region": "EAST", "Zone": "deci", "Date": "2020-12-14", "Technician": "CADO", "layer": "capointday2", "path": "C:\\Users\\caro\\Desktop\\eartern region\\caroday2\\capointday2.shp" }, "geometry": { "type": "Point", "coordinates": [ -99870.409182599643827, 671974.071612138417549 ] } },
{ "type": "Feature", "properties": { "fid": 6038.0, "CropType": "oilp", "Photo1": "DCIM/JPEG_20201214112206179.jpg", "Photo2": "DCIM/JPEG_20201214112218052.jpg", "Photo3": "DCIM/JPEG_20201214112227620.jpg", "Photo4": "DCIM/JPEG_20201214112238751.jpg", "Irrigation": "FALSE", "District": "KWAE", "Region": "EAST", "Zone": "deci", "Date": "2020-12-14", "Technician": "CADO", "layer": "capointday2", "path": "C:\\Users\\caro\\Desktop\\eartern region\\caroday2\\capointday2.shp" }, "geometry": { "type": "Point", "coordinates": [ -100700.121585927379783, 671741.470744454301894 ] } },
{ "type": "Feature", "properties": { "fid": 6039.0, "CropType": "rice", "Photo1": "DCIM/JPEG_20201214121602453.jpg", "Photo2": "DCIM/JPEG_20201214121619274.jpg", "Photo3": "DCIM/JPEG_20201214121628165.jpg", "Photo4": "DCIM/JPEG_20201214121638658.jpg", "Irrigation": "FALSE", "District": "KWAE", "Region": "EAST", "Zone": "deci", "Date": "2020-12-14", "Technician": "CADO", "layer": "capointday2", "path": "C:\\Users\\caro\\Desktop\\eartern region\\caroday2\\capointday2.shp" }, "geometry": { "type": "Point", "coordinates": [ -103415.549275968514849, 670501.578659166349098 ] } },
{ "type": "Feature", "properties": { "fid": 6040.0, "CropType": "rice", "Photo1": "DCIM/JPEG_20201214121715974.jpg", "Photo2": "DCIM/JPEG_20201214121725443.jpg", "Photo3": "DCIM/JPEG_20201214121734040.jpg", "Photo4": "DCIM/JPEG_20201214121758799.jpg", "Irrigation": "FALSE", "District": "KWAE", "Region": "EAST", "Zone": "deci", "Date": "2020-12-14", "Technician": "CADO", "layer": "capointday2", "path": "C:\\Users\\caro\\Desktop\\eartern region\\caroday2\\capointday2.shp" }, "geometry": { "type": "Point", "coordinates": [ -103415.549275968514849, 670501.578659166349098 ] } },
{ "type": "Feature", "properties": { "fid": 6041.0, "CropType": "maiz", "Photo1": "DCIM/JPEG_20201214153511870.jpg", "Photo2": "DCIM/JPEG_20201214153525067.jpg", "Photo3": "DCIM/JPEG_20201214153535039.jpg", "Photo4": "DCIM/JPEG_20201214153550546.jpg", "Irrigation": "FALSE", "District": "WEAK", "Region": "EAST", "Zone": "deci", "Date": "2020-12-14", "Technician": "CADO", "layer": "capointday2", "path": "C:\\Users\\caro\\Desktop\\eartern region\\caroday2\\capointday2.shp" }, "geometry": { "type": "Point", "coordinates": [ -81681.943556435639039, 660986.864461823599413 ] } },
{ "type": "Feature", "properties": { "fid": 6042.0, "CropType": "oilp", "Photo1": "DCIM/JPEG_20201214153929091.jpg", "Photo2": "DCIM/JPEG_20201214153948831.jpg", "Photo3": "DCIM/JPEG_20201214154006910.jpg", "Photo4": "DCIM/JPEG_20201214154023255.jpg", "Irrigation": "FALSE", "District": "WEAK", "Region": "EAST", "Zone": "deci", "Date": "2020-12-14", "Technician": "CADO", "layer": "capointday2", "path": "C:\\Users\\caro\\Desktop\\eartern region\\caroday2\\capointday2.shp" }, "geometry": { "type": "Point", "coordinates": [ -81638.964956365452963, 661040.159742591436952 ] } },
{ "type": "Feature", "properties": { "fid": 6043.0, "CropType": "oran", "Photo1": "DCIM/JPEG_20201214153929091.jpg", "Photo2": "DCIM/JPEG_20201214153948831.jpg", "Photo3": "DCIM/JPEG_20201214154006910.jpg", "Photo4": "DCIM/JPEG_20201214154023255.jpg", "Irrigation": "FALSE", "District": null, "Region": null, "Zone": "deci", "Date": "2020-12-14", "Technician": "CADO", "layer": "capointday2", "path": "C:\\Users\\caro\\Desktop\\eartern region\\caroday2\\capointday2.shp" }, "geometry": { "type": "Point", "coordinates": [ -86440.677387311297935, 671114.113084395416081 ] } },
{ "type": "Feature", "properties": { "fid": 6044.0, "CropType": "oran", "Photo1": "DCIM/JPEG_20201214155936051.jpg", "Photo2": "DCIM/JPEG_20201214155956556.jpg", "Photo3": "DCIM/JPEG_20201214154006910.jpg", "Photo4": "DCIM/JPEG_20201214154023255.jpg", "Irrigation": "FALSE", "District": null, "Region": null, "Zone": "deci", "Date": "2020-12-14", "Technician": "CADO", "layer": "capointday2", "path": "C:\\Users\\caro\\Desktop\\eartern region\\caroday2\\capointday2.shp" }, "geometry": { "type": "Point", "coordinates": [ -87038.761760172084905, 672268.170441150665283 ] } },
{ "type": "Feature", "properties": { "fid": 604.0, "CropType": "oilp", "Photo1": "DCIM/JPEG_20201214101655619.jpg", "Photo2": "DCIM/JPEG_20201214101711690.jpg", "Photo3": "DCIM/JPEG_20201214101725517.jpg", "Photo4": "DCIM/JPEG_20201214101737151.jpg", "Irrigation": "FALSE", "District": "KWAE", "Region": "EAST", "Zone": "deci", "Date": "2020-12-14", "Technician": "CADO", "layer": "empointday2", "path": "C:\\Users\\caro\\Desktop\\eartern region\\emmaday2\\empointday2.shp" }, "geometry": { "type": "Point", "coordinates": [ -97152.578323925452423, 673004.217771631665528 ] } },
{ "type": "Feature", "properties": { "fid": 607.0, "CropType": "oilp", "Photo1": "DCIM/JPEG_20201214110438699.jpg", "Photo2": "DCIM/JPEG_20201214110502227.jpg", "Photo3": "DCIM/JPEG_20201214110512665.jpg", "Photo4": "DCIM/JPEG_20201214110527609.jpg", "Irrigation": "FALSE", "District": "KWAE", "Region": "EAST", "Zone": "deci", "Date": "2020-12-14", "Technician": "CADO", "layer": "empointday2", "path": "C:\\Users\\caro\\Desktop\\eartern region\\emmaday2\\empointday2.shp" }, "geometry": { "type": "Point", "coordinates": [ -98083.969888663879829, 686215.596864897757769 ] } },
{ "type": "Feature", "properties": { "fid": 608.0, "CropType": "oilp", "Photo1": "DCIM/JPEG_20201214112603173.jpg", "Photo2": "DCIM/JPEG_20201214112622459.jpg", "Photo3": "DCIM/JPEG_20201214112638244.jpg", "Photo4": "DCIM/JPEG_20201214112656234.jpg", "Irrigation": "FALSE", "District": "KWAE", "Region": "EAST", "Zone": "deci", "Date": "2020-12-14", "Technician": "CADO", "layer": "empointday2", "path": "C:\\Users\\caro\\Desktop\\eartern region\\emmaday2\\empointday2.shp" }, "geometry": { "type": "Point", "coordinates": [ -100659.256942987820366, 671892.564101202529855 ] } },
{ "type": "Feature", "properties": { "fid": 611.0, "CropType": "oilp", "Photo1": "DCIM/JPEG_20201214120018723.jpg", "Photo2": "DCIM/JPEG_20201214120031240.jpg", "Photo3": "DCIM/JPEG_20201214120042562.jpg", "Photo4": "DCIM/JPEG_20201214120057939.jpg", "Irrigation": "FALSE", "District": "KWAE", "Region": "EAST", "Zone": "deci", "Date": "2020-12-14", "Technician": "CADO", "layer": "empointday2", "path": "C:\\Users\\caro\\Desktop\\eartern region\\emmaday2\\empointday2.shp" }, "geometry": { "type": "Point", "coordinates": [ -103557.093644666980254, 667789.731263390858658 ] } },
{ "type": "Feature", "properties": { "fid": 6010.0, "CropType": "oilp", "Photo1": "DCIM/JPEG_20201214115220829.jpg", "Photo2": "DCIM/JPEG_20201214115232018.jpg", "Photo3": "DCIM/JPEG_20201214115246589.jpg", "Photo4": "DCIM/JPEG_20201214115302611.jpg", "Irrigation": "FALSE", "District": "KWAE", "Region": "EAST", "Zone": "deci", "Date": "2020-12-14", "Technician": "CADO", "layer": "empointday2", "path": "C:\\Users\\caro\\Desktop\\eartern region\\emmaday2\\empointday2.shp" }, "geometry": { "type": "Point", "coordinates": [ -102449.04392359755002, 671081.918722151662223 ] } },
{ "type": "Feature", "properties": { "fid": 6030.0, "CropType": "oilp", "Photo1": "DCIM/JPEG_20201214100642082.jpg", "Photo2": "DCIM/JPEG_20201214100701570.jpg", "Photo3": "DCIM/JPEG_20201214100715477.jpg", "Photo4": "DCIM/JPEG_20201214100734362.jpg", "Irrigation": "FALSE", "District": "KWAE", "Region": "EAST", "Zone": "deci", "Date": "2020-12-14", "Technician": "CADO", "layer": "empointday2", "path": "C:\\Users\\caro\\Desktop\\eartern region\\emmaday2\\empointday2.shp" }, "geometry": { "type": "Point", "coordinates": [ -96763.501118873682572, 673507.374603280215524 ] } },
{ "type": "Feature", "properties": { "fid": 6070.0, "CropType": "plnt", "Photo1": "DCIM/JPEG_20201214105601809.jpg", "Photo2": "DCIM/JPEG_20201214105623102.jpg", "Photo3": "DCIM/JPEG_20201214105633527.jpg", "Photo4": "DCIM/JPEG_20201214105649699.jpg", "Irrigation": "FALSE", "District": "KWAE", "Region": "EAST", "Zone": "deci", "Date": "2020-12-14", "Technician": "CADO", "layer": "empointday2", "path": "C:\\Users\\caro\\Desktop\\eartern region\\emmaday2\\empointday2.shp" }, "geometry": { "type": "Point", "coordinates": [ -98345.660551228385884, 671461.409488507546484 ] } },
{ "type": "Feature", "properties": { "fid": 6080.0, "CropType": "oilp", "Photo1": "DCIM/JPEG_20201214111431656.jpg", "Photo2": "DCIM/JPEG_20201214111443601.jpg", "Photo3": "DCIM/JPEG_20201214111456306.jpg", "Photo4": "DCIM/JPEG_20201214111513278.jpg", "Irrigation": "FALSE", "District": "KWAE", "Region": "EAST", "Zone": "deci", "Date": "2020-12-14", "Technician": "CADO", "layer": "empointday2", "path": "C:\\Users\\caro\\Desktop\\eartern region\\emmaday2\\empointday2.shp" }, "geometry": { "type": "Point", "coordinates": [ -99844.206800857864437, 672013.523010540404357 ] } },
{ "type": "Feature", "properties": { "fid": 6090.0, "CropType": "oilp", "Photo1": "DCIM/JPEG_20201214113440633.jpg", "Photo2": "DCIM/JPEG_20201214113457610.jpg", "Photo3": "DCIM/JPEG_20201214113511641.jpg", "Photo4": "DCIM/JPEG_20201214113526015.jpg", "Irrigation": "FALSE", "District": "KWAE", "Region": "EAST", "Zone": "deci", "Date": "2020-12-14", "Technician": "CADO", "layer": "empointday2", "path": "C:\\Users\\caro\\Desktop\\eartern region\\emmaday2\\empointday2.shp" }, "geometry": { "type": "Point", "coordinates": [ -102141.974674218261498, 671342.02214983466547 ] } },
{ "type": "Feature", "properties": { "fid": 6140.0, "CropType": "oilp", "Photo1": "DCIM/JPEG_20201214152556713.jpg", "Photo2": "DCIM/JPEG_20201214152607596.jpg", "Photo3": "DCIM/JPEG_20201214152617401.jpg", "Photo4": "DCIM/JPEG_20201214152635273.jpg", "Irrigation": "FALSE", "District": "WEAK", "Region": "EAST", "Zone": "deci", "Date": "2020-12-14", "Technician": "CADO", "layer": "empointday2", "path": "C:\\Users\\caro\\Desktop\\eartern region\\emmaday2\\empointday2.shp" }, "geometry": { "type": "Point", "coordinates": [ -81421.314201158966171, 660130.648092075483873 ] } },
{ "type": "Feature", "properties": { "fid": 6150.0, "CropType": "maiz", "Photo1": "DCIM/JPEG_20201214153524809.jpg", "Photo2": "DCIM/JPEG_20201214153535925.jpg", "Photo3": "DCIM/JPEG_20201214153546726.jpg", "Photo4": "DCIM/JPEG_20201214153607229.jpg", "Irrigation": "FALSE", "District": "WEAK", "Region": "EAST", "Zone": "deci", "Date": "2020-12-14", "Technician": "CADO", "layer": "empointday2", "path": "C:\\Users\\caro\\Desktop\\eartern region\\emmaday2\\empointday2.shp" }, "geometry": { "type": "Point", "coordinates": [ -81682.5120279683033, 660986.130654100095853 ] } },
{ "type": "Feature", "properties": { "fid": 6160.0, "CropType": "oilp", "Photo1": "DCIM/JPEG_20201214153900406.jpg", "Photo2": "DCIM/JPEG_20201214153914464.jpg", "Photo3": "DCIM/JPEG_20201214153925089.jpg", "Photo4": "DCIM/JPEG_20201214153936128.jpg", "Irrigation": "FALSE", "District": "WEAK", "Region": "EAST", "Zone": "deci", "Date": "2020-12-14", "Technician": "CADO", "layer": "empointday2", "path": "C:\\Users\\caro\\Desktop\\eartern region\\emmaday2\\empointday2.shp" }, "geometry": { "type": "Point", "coordinates": [ -81651.340344156109495, 661056.27069938974455 ] } },
{ "type": "Feature", "properties": { "fid": 6170.0, "CropType": "oran", "Photo1": "DCIM/JPEG_20201214155358386.jpg", "Photo2": "DCIM/JPEG_20201214155409386.jpg", "Photo3": "DCIM/JPEG_20201214155420938.jpg", "Photo4": "DCIM/JPEG_20201214155452074.jpg", "Irrigation": "FALSE", "District": "KWAE", "Region": "EAST", "Zone": "deci", "Date": "2020-12-14", "Technician": "CADO", "layer": "empointday2", "path": "C:\\Users\\caro\\Desktop\\eartern region\\emmaday2\\empointday2.shp" }, "geometry": { "type": "Point", "coordinates": [ -89562.441408151076757, 672821.021887002047151 ] } },
{ "type": "Feature", "properties": { "fid": 6180.0, "CropType": "oran", "Photo1": "DCIM/JPEG_20201214155945557.jpg", "Photo2": "DCIM/JPEG_20201214155959799.jpg", "Photo3": "DCIM/JPEG_20201214160030362.jpg", "Photo4": "DCIM/JPEG_20201214160043036.jpg", "Irrigation": "FALSE", "District": "KWAE", "Region": "EAST", "Zone": "deci", "Date": "2020-12-14", "Technician": "CADO", "layer": "empointday2", "path": "C:\\Users\\caro\\Desktop\\eartern region\\emmaday2\\empointday2.shp" }, "geometry": { "type": "Point", "coordinates": [ -87032.940863998403074, 672270.872261531068943 ] } },
{ "type": "Feature", "properties": { "fid": 65.0, "CropType": "cass", "Photo1": "DCIM/JPEG_20201215112236214.jpg", "Photo2": "DCIM/JPEG_20201215112248052.jpg", "Photo3": "DCIM/JPEG_20201215112258599.jpg", "Photo4": "DCIM/JPEG_20201215112307013.jpg", "Irrigation": "FALSE", "District": "KWAE", "Region": "EAST", "Zone": "deci", "Date": "2020-12-15", "Technician": "CADO", "layer": "capointday4", "path": "C:\\Users\\caro\\Desktop\\eartern region\\caroday4\\capointday4.shp" }, "geometry": { "type": "Point", "coordinates": [ -87308.919321729335934, 675962.034400411765091 ] } },
{ "type": "Feature", "properties": { "fid": 600.0, "CropType": "plnt", "Photo1": "DCIM/JPEG_20201215094535434.jpg", "Photo2": "DCIM/JPEG_20201215094558801.jpg", "Photo3": "DCIM/JPEG_20201215094620130.jpg", "Photo4": "DCIM/JPEG_20201215094635456.jpg", "Irrigation": "FALSE", "District": "KWAE", "Region": "EAST", "Zone": "deci", "Date": "2020-12-15", "Technician": "CADO", "layer": "capointday4", "path": "C:\\Users\\caro\\Desktop\\eartern region\\caroday4\\capointday4.shp" }, "geometry": { "type": "Point", "coordinates": [ -88743.996392615081277, 675687.142279273481108 ] } },
{ "type": "Feature", "properties": { "fid": 655.0, "CropType": "oilp", "Photo1": "DCIM/JPEG_20201215153959788.jpg", "Photo2": "DCIM/JPEG_20201215154015300.jpg", "Photo3": "DCIM/JPEG_20201215154027980.jpg", "Photo4": "DCIM/JPEG_20201215154043490.jpg", "Irrigation": "FALSE", "District": "WEAK", "Region": "EAST", "Zone": "deci", "Date": "2020-12-15", "Technician": "CADO", "layer": "capointday4", "path": "C:\\Users\\caro\\Desktop\\eartern region\\caroday4\\capointday4.shp" }, "geometry": { "type": "Point", "coordinates": [ -85728.664936924091307, 663593.033745233900845 ] } },
{ "type": "Feature", "properties": { "fid": 6046.0, "CropType": "oilp", "Photo1": "DCIM/JPEG_20201215095552631.jpg", "Photo2": "DCIM/JPEG_20201215095606186.jpg", "Photo3": "DCIM/JPEG_20201215095643403.jpg", "Photo4": "DCIM/JPEG_20201215095659521.jpg", "Irrigation": "FALSE", "District": "KWAE", "Region": "EAST", "Zone": "deci", "Date": "2020-12-15", "Technician": "CADO", "layer": "capointday4", "path": "C:\\Users\\caro\\Desktop\\eartern region\\caroday4\\capointday4.shp" }, "geometry": { "type": "Point", "coordinates": [ -88755.269346381246578, 676436.025493068154901 ] } },
{ "type": "Feature", "properties": { "fid": 6047.0, "CropType": "oilp", "Photo1": "DCIM/JPEG_20201215100323813.jpg", "Photo2": "DCIM/JPEG_20201215100336403.jpg", "Photo3": "DCIM/JPEG_20201215100350887.jpg", "Photo4": "DCIM/JPEG_20201215100402986.jpg", "Irrigation": "FALSE", "District": "KWAE", "Region": "EAST", "Zone": "deci", "Date": "2020-12-15", "Technician": "CADO", "layer": "capointday4", "path": "C:\\Users\\caro\\Desktop\\eartern region\\caroday4\\capointday4.shp" }, "geometry": { "type": "Point", "coordinates": [ -88551.658576423316845, 676312.231863562017679 ] } },
{ "type": "Feature", "properties": { "fid": 6048.0, "CropType": "oran", "Photo1": "DCIM/JPEG_20201215101351937.jpg", "Photo2": "DCIM/JPEG_20201215101404194.jpg", "Photo3": "DCIM/JPEG_20201215101418310.jpg", "Photo4": "DCIM/JPEG_20201215101429930.jpg", "Irrigation": "FALSE", "District": "KWAE", "Region": "EAST", "Zone": "deci", "Date": "2020-12-15", "Technician": "CADO", "layer": "capointday4", "path": "C:\\Users\\caro\\Desktop\\eartern region\\caroday4\\capointday4.shp" }, "geometry": { "type": "Point", "coordinates": [ -88279.573332349449629, 676287.745569688035175 ] } },
{ "type": "Feature", "properties": { "fid": 6049.0, "CropType": "oran", "Photo1": "DCIM/JPEG_20201215103108429.jpg", "Photo2": "DCIM/JPEG_20201215103131110.jpg", "Photo3": "DCIM/JPEG_20201215103142362.jpg", "Photo4": "DCIM/JPEG_20201215103155725.jpg", "Irrigation": "FALSE", "District": "KWAE", "Region": "EAST", "Zone": "deci", "Date": "2020-12-15", "Technician": "CADO", "layer": "capointday4", "path": "C:\\Users\\caro\\Desktop\\eartern region\\caroday4\\capointday4.shp" }, "geometry": { "type": "Point", "coordinates": [ -88508.444350097022834, 676811.97906673932448 ] } },
{ "type": "Feature", "properties": { "fid": 6050.0, "CropType": "oran", "Photo1": "DCIM/JPEG_20201215103702938.jpg", "Photo2": "DCIM/JPEG_20201215103715933.jpg", "Photo3": "DCIM/JPEG_20201215103726133.jpg", "Photo4": "DCIM/JPEG_20201215103737945.jpg", "Irrigation": "FALSE", "District": "KWAE", "Region": "EAST", "Zone": "deci", "Date": "2020-12-15", "Technician": "CADO", "layer": "capointday4", "path": "C:\\Users\\caro\\Desktop\\eartern region\\caroday4\\capointday4.shp" }, "geometry": { "type": "Point", "coordinates": [ -88040.622334711893927, 676688.20332386449445 ] } },
{ "type": "Feature", "properties": { "fid": 6051.0, "CropType": "oran", "Photo1": "DCIM/JPEG_20201215104432478.jpg", "Photo2": "DCIM/JPEG_20201215104447409.jpg", "Photo3": "DCIM/JPEG_20201215104458145.jpg", "Photo4": "DCIM/JPEG_20201215104510363.jpg", "Irrigation": "FALSE", "District": "KWAE", "Region": "EAST", "Zone": "deci", "Date": "2020-12-15", "Technician": null, "layer": "capointday4", "path": "C:\\Users\\caro\\Desktop\\eartern region\\caroday4\\capointday4.shp" }, "geometry": { "type": "Point", "coordinates": [ -87984.133259110531071, 677003.374852411448956 ] } },
{ "type": "Feature", "properties": { "fid": 6052.0, "CropType": "oilp", "Photo1": "DCIM/JPEG_20201215104803937.jpg", "Photo2": "DCIM/JPEG_20201215104816193.jpg", "Photo3": "DCIM/JPEG_20201215104829345.jpg", "Photo4": "DCIM/JPEG_20201215104839386.jpg", "Irrigation": "FALSE", "District": "KWAE", "Region": "EAST", "Zone": "deci", "Date": "2020-12-15", "Technician": "CADO", "layer": "capointday4", "path": "C:\\Users\\caro\\Desktop\\eartern region\\caroday4\\capointday4.shp" }, "geometry": { "type": "Point", "coordinates": [ -87785.776769115604111, 677089.1805591925513 ] } },
{ "type": "Feature", "properties": { "fid": 6053.0, "CropType": "oran", "Photo1": "DCIM/JPEG_20201215105040055.jpg", "Photo2": "DCIM/JPEG_20201215105052967.jpg", "Photo3": "DCIM/JPEG_20201215105105014.jpg", "Photo4": "DCIM/JPEG_20201215105116380.jpg", "Irrigation": "FALSE", "District": "KWAE", "Region": "EAST", "Zone": "deci", "Date": "2020-12-15", "Technician": "CADO", "layer": "capointday4", "path": "C:\\Users\\caro\\Desktop\\eartern region\\caroday4\\capointday4.shp" }, "geometry": { "type": "Point", "coordinates": [ -87848.533132049909909, 677066.38435416307766 ] } },
{ "type": "Feature", "properties": { "fid": 6054.0, "CropType": "oran", "Photo1": "DCIM/JPEG_20201215105438867.jpg", "Photo2": "DCIM/JPEG_20201215105452513.jpg", "Photo3": "DCIM/JPEG_20201215105502664.jpg", "Photo4": "DCIM/JPEG_20201215105514482.jpg", "Irrigation": "FALSE", "District": "KWAE", "Region": "EAST", "Zone": "deci", "Date": "2020-12-15", "Technician": "CADO", "layer": "capointday4", "path": "C:\\Users\\caro\\Desktop\\eartern region\\caroday4\\capointday4.shp" }, "geometry": { "type": "Point", "coordinates": [ -87667.06566413276596, 677389.877452801447362 ] } },
{ "type": "Feature", "properties": { "fid": 6055.0, "CropType": "coco", "Photo1": "DCIM/JPEG_20201215111539221.jpg", "Photo2": "DCIM/JPEG_20201215111553951.jpg", "Photo3": "DCIM/JPEG_20201215111614600.jpg", "Photo4": "DCIM/JPEG_20201215111632155.jpg", "Irrigation": "FALSE", "District": "KWAE", "Region": "EAST", "Zone": "deci", "Date": "2020-12-15", "Technician": "CADO", "layer": "capointday4", "path": "C:\\Users\\caro\\Desktop\\eartern region\\caroday4\\capointday4.shp" }, "geometry": { "type": "Point", "coordinates": [ -87325.524479106039507, 675946.556106355041265 ] } },
{ "type": "Feature", "properties": { "fid": 6056.0, "CropType": "oilp", "Photo1": "DCIM/JPEG_20201215112729956.jpg", "Photo2": "DCIM/JPEG_20201215112743214.jpg", "Photo3": "DCIM/JPEG_20201215112753234.jpg", "Photo4": "DCIM/JPEG_20201215112805539.jpg", "Irrigation": "FALSE", "District": "KWAE", "Region": "EAST", "Zone": "deci", "Date": "2020-12-15", "Technician": null, "layer": "capointday4", "path": "C:\\Users\\caro\\Desktop\\eartern region\\caroday4\\capointday4.shp" }, "geometry": { "type": "Point", "coordinates": [ -87274.048491237132112, 676032.856601925683208 ] } },
{ "type": "Feature", "properties": { "fid": 6057.0, "CropType": "cass", "Photo1": "DCIM/JPEG_20201215113437684.jpg", "Photo2": "DCIM/JPEG_20201215113449647.jpg", "Photo3": "DCIM/JPEG_20201215113458654.jpg", "Photo4": "DCIM/JPEG_20201215113507965.jpg", "Irrigation": "FALSE", "District": "KWAE", "Region": "EAST", "Zone": "deci", "Date": "2020-12-15", "Technician": "CADO", "layer": "capointday4", "path": "C:\\Users\\caro\\Desktop\\eartern region\\caroday4\\capointday4.shp" }, "geometry": { "type": "Point", "coordinates": [ -86885.111177679194952, 675842.288555003702641 ] } },
{ "type": "Feature", "properties": { "fid": 6058.0, "CropType": "maiz", "Photo1": "DCIM/JPEG_20201215113933687.jpg", "Photo2": "DCIM/JPEG_20201215113947736.jpg", "Photo3": "DCIM/JPEG_20201215114000747.jpg", "Photo4": "DCIM/JPEG_20201215114014225.jpg", "Irrigation": "FALSE", "District": "KWAE", "Region": "EAST", "Zone": "deci", "Date": "2020-12-15", "Technician": "CADO", "layer": "capointday4", "path": "C:\\Users\\caro\\Desktop\\eartern region\\caroday4\\capointday4.shp" }, "geometry": { "type": "Point", "coordinates": [ -86021.514976679056417, 675635.127179675968364 ] } },
{ "type": "Feature", "properties": { "fid": 6059.0, "CropType": "oran", "Photo1": "DCIM/JPEG_20201215115729399.jpg", "Photo2": "DCIM/JPEG_20201215115742301.jpg", "Photo3": "DCIM/JPEG_20201215115751558.jpg", "Photo4": "DCIM/JPEG_20201215115801849.jpg", "Irrigation": "FALSE", "District": "KWAE", "Region": "EAST", "Zone": "deci", "Date": "2020-12-15", "Technician": "CADO", "layer": "capointday4", "path": "C:\\Users\\caro\\Desktop\\eartern region\\caroday4\\capointday4.shp" }, "geometry": { "type": "Point", "coordinates": [ -83827.238978580877301, 676450.18108221993316 ] } },
{ "type": "Feature", "properties": { "fid": 6060.0, "CropType": "oilp", "Photo1": "DCIM/JPEG_20201215120339506.jpg", "Photo2": "DCIM/JPEG_20201215120352031.jpg", "Photo3": "DCIM/JPEG_20201215120402236.jpg", "Photo4": "DCIM/JPEG_20201215120411553.jpg", "Irrigation": "FALSE", "District": "KWAE", "Region": "EAST", "Zone": "deci", "Date": "2020-12-15", "Technician": "CADO", "layer": "capointday4", "path": "C:\\Users\\caro\\Desktop\\eartern region\\caroday4\\capointday4.shp" }, "geometry": { "type": "Point", "coordinates": [ -81669.216027987058624, 677057.480813336442225 ] } },
{ "type": "Feature", "properties": { "fid": 6061.0, "CropType": "oilp", "Photo1": "DCIM/JPEG_20201215121752608.jpg", "Photo2": "DCIM/JPEG_20201215121804044.jpg", "Photo3": "DCIM/JPEG_20201215121813795.jpg", "Photo4": "DCIM/JPEG_20201215121828899.jpg", "Irrigation": "FALSE", "District": "KWAE", "Region": "EAST", "Zone": "deci", "Date": "2020-12-15", "Technician": "CADO", "layer": "capointday4", "path": "C:\\Users\\caro\\Desktop\\eartern region\\caroday4\\capointday4.shp" }, "geometry": { "type": "Point", "coordinates": [ -79463.167993738388759, 677927.132722286041826 ] } },
{ "type": "Feature", "properties": { "fid": 6062.0, "CropType": "plnt", "Photo1": "DCIM/JPEG_20201215122407692.jpg", "Photo2": "DCIM/JPEG_20201215122421440.jpg", "Photo3": "DCIM/JPEG_20201215122447033.jpg", "Photo4": "DCIM/JPEG_20201215122459557.jpg", "Irrigation": "FALSE", "District": "KWAE", "Region": "EAST", "Zone": "deci", "Date": "2020-12-15", "Technician": "CADO", "layer": "capointday4", "path": "C:\\Users\\caro\\Desktop\\eartern region\\caroday4\\capointday4.shp" }, "geometry": { "type": "Point", "coordinates": [ -78829.194217046693666, 678132.255162756191567 ] } },
{ "type": "Feature", "properties": { "fid": 6063.0, "CropType": "oilp", "Photo1": "DCIM/JPEG_20201215124600927.jpg", "Photo2": "DCIM/JPEG_20201215124611607.jpg", "Photo3": "DCIM/JPEG_20201215124620618.jpg", "Photo4": "DCIM/JPEG_20201215124632311.jpg", "Irrigation": "FALSE", "District": "KWAE", "Region": "EAST", "Zone": "deci", "Date": "2020-12-15", "Technician": "CADO", "layer": "capointday4", "path": "C:\\Users\\caro\\Desktop\\eartern region\\caroday4\\capointday4.shp" }, "geometry": { "type": "Point", "coordinates": [ -76626.339196861139499, 679959.49284769303631 ] } },
{ "type": "Feature", "properties": { "fid": 6064.0, "CropType": "coco", "Photo1": "DCIM/JPEG_20201215124912404.jpg", "Photo2": "DCIM/JPEG_20201215124924984.jpg", "Photo3": "DCIM/JPEG_20201215124937664.jpg", "Photo4": "DCIM/JPEG_20201215124948730.jpg", "Irrigation": "FALSE", "District": "KWAE", "Region": "EAST", "Zone": "deci", "Date": "2020-12-15", "Technician": "CADO", "layer": "capointday4", "path": "C:\\Users\\caro\\Desktop\\eartern region\\caroday4\\capointday4.shp" }, "geometry": { "type": "Point", "coordinates": [ -76573.078386491382844, 679972.557726426399313 ] } },
{ "type": "Feature", "properties": { "fid": 6065.0, "CropType": "coco", "Photo1": "DCIM/JPEG_20201215125453916.jpg", "Photo2": "DCIM/JPEG_20201215125505145.jpg", "Photo3": "DCIM/JPEG_20201215125517281.jpg", "Photo4": "DCIM/JPEG_20201215125527372.jpg", "Irrigation": "FALSE", "District": "KWAE", "Region": "EAST", "Zone": "deci", "Date": "2020-12-15", "Technician": "CADO", "layer": "capointday4", "path": "C:\\Users\\caro\\Desktop\\eartern region\\caroday4\\capointday4.shp" }, "geometry": { "type": "Point", "coordinates": [ -76390.471749117452418, 680637.121964571881108 ] } },
{ "type": "Feature", "properties": { "fid": 6066.0, "CropType": "cass", "Photo1": "DCIM/JPEG_20201215125938925.jpg", "Photo2": "DCIM/JPEG_20201215125949179.jpg", "Photo3": "DCIM/JPEG_20201215130002686.jpg", "Photo4": "DCIM/JPEG_20201215130016450.jpg", "Irrigation": "FALSE", "District": "KWAE", "Region": "EAST", "Zone": "deci", "Date": "2020-12-15", "Technician": "CADO", "layer": "capointday4", "path": "C:\\Users\\caro\\Desktop\\eartern region\\caroday4\\capointday4.shp" }, "geometry": { "type": "Point", "coordinates": [ -76286.093028574978234, 681213.818141252268106 ] } },
{ "type": "Feature", "properties": { "fid": 6067.0, "CropType": "coco", "Photo1": "DCIM/JPEG_20201215130830685.jpg", "Photo2": "DCIM/JPEG_20201215130843864.jpg", "Photo3": "DCIM/JPEG_20201215130857751.jpg", "Photo4": "DCIM/JPEG_20201215130913006.jpg", "Irrigation": "FALSE", "District": "KWAE", "Region": "EAST", "Zone": "deci", "Date": "2020-12-15", "Technician": "CADO", "layer": "capointday4", "path": "C:\\Users\\caro\\Desktop\\eartern region\\caroday4\\capointday4.shp" }, "geometry": { "type": "Point", "coordinates": [ -75817.306244273378979, 682780.645359640708193 ] } },
{ "type": "Feature", "properties": { "fid": 6069.0, "CropType": "maiz", "Photo1": "DCIM/JPEG_20201215132233094.jpg", "Photo2": "DCIM/JPEG_20201215132245833.jpg", "Photo3": "DCIM/JPEG_20201215132254918.jpg", "Photo4": "DCIM/JPEG_20201215132304971.jpg", "Irrigation": "FALSE", "District": "KWAE", "Region": "EAST", "Zone": "deci", "Date": "2020-12-15", "Technician": "CADO", "layer": "capointday4", "path": "C:\\Users\\caro\\Desktop\\eartern region\\caroday4\\capointday4.shp" }, "geometry": { "type": "Point", "coordinates": [ -75163.255997415210004, 684593.042481169919483 ] } },
{ "type": "Feature", "properties": { "fid": 6070.0, "CropType": "oilp", "Photo1": "DCIM/JPEG_20201215135701340.jpg", "Photo2": "DCIM/JPEG_20201215135714384.jpg", "Photo3": "DCIM/JPEG_20201215135726787.jpg", "Photo4": "DCIM/JPEG_20201215135736829.jpg", "Irrigation": "FALSE", "District": "KWAE", "Region": "EAST", "Zone": "deci", "Date": "2020-12-15", "Technician": "CADO", "layer": "capointday4", "path": "C:\\Users\\caro\\Desktop\\eartern region\\caroday4\\capointday4.shp" }, "geometry": { "type": "Point", "coordinates": [ -77297.31557229324244, 676143.947565148118883 ] } },
{ "type": "Feature", "properties": { "fid": 6071.0, "CropType": "maiz", "Photo1": "DCIM/JPEG_20201215141009795.jpg", "Photo2": "DCIM/JPEG_20201215141022925.jpg", "Photo3": "DCIM/JPEG_20201215141034756.jpg", "Photo4": "DCIM/JPEG_20201215141055275.jpg", "Irrigation": "FALSE", "District": "KWAE", "Region": "EAST", "Zone": "deci", "Date": "2020-12-15", "Technician": "CADO", "layer": "capointday4", "path": "C:\\Users\\caro\\Desktop\\eartern region\\caroday4\\capointday4.shp" }, "geometry": { "type": "Point", "coordinates": [ -76978.646831973310327, 673430.34676019102335 ] } },
{ "type": "Feature", "properties": { "fid": 6072.0, "CropType": "coco", "Photo1": "DCIM/JPEG_20201215141353658.jpg", "Photo2": "DCIM/JPEG_20201215141408754.jpg", "Photo3": "DCIM/JPEG_20201215141420261.jpg", "Photo4": "DCIM/JPEG_20201215141430279.jpg", "Irrigation": "FALSE", "District": "KWAE", "Region": "EAST", "Zone": "deci", "Date": "2020-12-15", "Technician": "CADO", "layer": "capointday4", "path": "C:\\Users\\caro\\Desktop\\eartern region\\caroday4\\capointday4.shp" }, "geometry": { "type": "Point", "coordinates": [ -76956.201111980553833, 673399.639605773496442 ] } },
{ "type": "Feature", "properties": { "fid": 6073.0, "CropType": "coco", "Photo1": "DCIM/JPEG_20201215143004277.jpg", "Photo2": "DCIM/JPEG_20201215143022332.jpg", "Photo3": "DCIM/JPEG_20201215143036382.jpg", "Photo4": "DCIM/JPEG_20201215143053566.jpg", "Irrigation": "FALSE", "District": "KWAE", "Region": "EAST", "Zone": "deci", "Date": "2020-12-15", "Technician": "CADO", "layer": "capointday4", "path": "C:\\Users\\caro\\Desktop\\eartern region\\caroday4\\capointday4.shp" }, "geometry": { "type": "Point", "coordinates": [ -76331.361099507586914, 671829.246558632934466 ] } },
{ "type": "Feature", "properties": { "fid": 6074.0, "CropType": "plnt", "Photo1": "DCIM/JPEG_20201215143540893.jpg", "Photo2": "DCIM/JPEG_20201215143552978.jpg", "Photo3": "DCIM/JPEG_20201215143604172.jpg", "Photo4": "DCIM/JPEG_20201215143617652.jpg", "Irrigation": "FALSE", "District": "KWAE", "Region": "EAST", "Zone": "deci", "Date": "2020-12-15", "Technician": "CADO", "layer": "capointday4", "path": "C:\\Users\\caro\\Desktop\\eartern region\\caroday4\\capointday4.shp" }, "geometry": { "type": "Point", "coordinates": [ -76748.991011815523962, 671402.898215865599923 ] } },
{ "type": "Feature", "properties": { "fid": 6075.0, "CropType": "oran", "Photo1": "DCIM/JPEG_20201215145301922.jpg", "Photo2": "DCIM/JPEG_20201215145321723.jpg", "Photo3": "DCIM/JPEG_20201215145334157.jpg", "Photo4": "DCIM/JPEG_20201215145349399.jpg", "Irrigation": "FALSE", "District": "WEAK", "Region": "EAST", "Zone": "deci", "Date": "2020-12-15", "Technician": "CADO", "layer": "capointday4", "path": "C:\\Users\\caro\\Desktop\\eartern region\\caroday4\\capointday4.shp" }, "geometry": { "type": "Point", "coordinates": [ -80014.856258161438745, 668359.911923928884789 ] } },
{ "type": "Feature", "properties": { "fid": 6076.0, "CropType": "coco", "Photo1": "DCIM/JPEG_20201215145650757.jpg", "Photo2": "DCIM/JPEG_20201215145701373.jpg", "Photo3": "DCIM/JPEG_20201215145712449.jpg", "Photo4": "DCIM/JPEG_20201215145727048.jpg", "Irrigation": "FALSE", "District": "WEAK", "Region": "EAST", "Zone": "deci", "Date": "2020-12-15", "Technician": "CADO", "layer": "capointday4", "path": "C:\\Users\\caro\\Desktop\\eartern region\\caroday4\\capointday4.shp" }, "geometry": { "type": "Point", "coordinates": [ -79972.501047240453772, 668285.445982481120154 ] } },
{ "type": "Feature", "properties": { "fid": 6077.0, "CropType": "oran", "Photo1": "DCIM/JPEG_20201215151425823.jpg", "Photo2": "DCIM/JPEG_20201215151439341.jpg", "Photo3": "DCIM/JPEG_20201215151450537.jpg", "Photo4": "DCIM/JPEG_20201215151503561.jpg", "Irrigation": "FALSE", "District": "WEAK", "Region": "EAST", "Zone": "deci", "Date": "2020-12-15", "Technician": "CADO", "layer": "capointday4", "path": "C:\\Users\\caro\\Desktop\\eartern region\\caroday4\\capointday4.shp" }, "geometry": { "type": "Point", "coordinates": [ -81956.398050335803418, 665916.388022434548475 ] } },
{ "type": "Feature", "properties": { "fid": 6078.0, "CropType": "maiz", "Photo1": "DCIM/JPEG_20201215154327723.jpg", "Photo2": "DCIM/JPEG_20201215154338405.jpg", "Photo3": "DCIM/JPEG_20201215154351004.jpg", "Photo4": "DCIM/JPEG_20201215154405120.jpg", "Irrigation": "FALSE", "District": "WEAK", "Region": "EAST", "Zone": "deci", "Date": "2020-12-15", "Technician": "CADO", "layer": "capointday4", "path": "C:\\Users\\caro\\Desktop\\eartern region\\caroday4\\capointday4.shp" }, "geometry": { "type": "Point", "coordinates": [ -86092.462598810467171, 663474.450068683945574 ] } },
{ "type": "Feature", "properties": { "fid": 6079.0, "CropType": "coco", "Photo1": "DCIM/JPEG_20201215154807683.jpg", "Photo2": "DCIM/JPEG_20201215154820260.jpg", "Photo3": "DCIM/JPEG_20201215154831101.jpg", "Photo4": "DCIM/JPEG_20201215154841928.jpg", "Irrigation": "FALSE", "District": "WEAK", "Region": "EAST", "Zone": "deci", "Date": "2020-12-15", "Technician": "CADO", "layer": "capointday4", "path": "C:\\Users\\caro\\Desktop\\eartern region\\caroday4\\capointday4.shp" }, "geometry": { "type": "Point", "coordinates": [ -86641.974567187135108, 662767.319592338637449 ] } },
{ "type": "Feature", "properties": { "fid": 6080.0, "CropType": "oran", "Photo1": "DCIM/JPEG_20201215155918067.jpg", "Photo2": "DCIM/JPEG_20201215155929180.jpg", "Photo3": "DCIM/JPEG_20201215155938583.jpg", "Photo4": "DCIM/JPEG_20201215155948425.jpg", "Irrigation": "FALSE", "District": "WEAK", "Region": "EAST", "Zone": "deci", "Date": "2020-12-15", "Technician": "CADO", "layer": "capointday4", "path": "C:\\Users\\caro\\Desktop\\eartern region\\caroday4\\capointday4.shp" }, "geometry": { "type": "Point", "coordinates": [ -88831.988884110876825, 662921.666352284839377 ] } },
{ "type": "Feature", "properties": { "fid": 6081.0, "CropType": "rubb", "Photo1": "DCIM/JPEG_20201215160117413.jpg", "Photo2": "DCIM/JPEG_20201215160130853.jpg", "Photo3": "DCIM/JPEG_20201215160140816.jpg", "Photo4": "DCIM/JPEG_20201215160150047.jpg", "Irrigation": "FALSE", "District": "WEAK", "Region": "EAST", "Zone": "deci", "Date": "2020-12-15", "Technician": "CADO", "layer": "capointday4", "path": "C:\\Users\\caro\\Desktop\\eartern region\\caroday4\\capointday4.shp" }, "geometry": { "type": "Point", "coordinates": [ -88879.605796299743815, 662939.243597147869878 ] } },
{ "type": "Feature", "properties": { "fid": 6082.0, "CropType": "coco", "Photo1": "DCIM/JPEG_20201215161257411.jpg", "Photo2": "DCIM/JPEG_20201215161309330.jpg", "Photo3": "DCIM/JPEG_20201215161319595.jpg", "Photo4": "DCIM/JPEG_20201215161332712.jpg", "Irrigation": "FALSE", "District": "WEAK", "Region": "EAST", "Zone": "deci", "Date": "2020-12-15", "Technician": "CADO", "layer": "capointday4", "path": "C:\\Users\\caro\\Desktop\\eartern region\\caroday4\\capointday4.shp" }, "geometry": { "type": "Point", "coordinates": [ -90898.371774559665937, 662999.048797359573655 ] } },
{ "type": "Feature", "properties": { "fid": 6083.0, "CropType": "coco", "Photo1": "DCIM/JPEG_20201215163029996.jpg", "Photo2": "DCIM/JPEG_20201215163041852.jpg", "Photo3": "DCIM/JPEG_20201215163051895.jpg", "Photo4": "DCIM/JPEG_20201215163103660.jpg", "Irrigation": "FALSE", "District": "WEAK", "Region": "EAST", "Zone": "deci", "Date": "2020-12-15", "Technician": "CADO", "layer": "capointday4", "path": "C:\\Users\\caro\\Desktop\\eartern region\\caroday4\\capointday4.shp" }, "geometry": { "type": "Point", "coordinates": [ -92120.490948910315637, 661193.731809990480542 ] } },
{ "type": "Feature", "properties": { "fid": 6084.0, "CropType": "maiz", "Photo1": "DCIM/JPEG_20201215163928128.jpg", "Photo2": "DCIM/JPEG_20201215163939185.jpg", "Photo3": "DCIM/JPEG_20201215164003625.jpg", "Photo4": "DCIM/JPEG_20201215164018280.jpg", "Irrigation": "FALSE", "District": "WEAK", "Region": "EAST", "Zone": "deci", "Date": "2020-12-15", "Technician": "CADO", "layer": "capointday4", "path": "C:\\Users\\caro\\Desktop\\eartern region\\caroday4\\capointday4.shp" }, "geometry": { "type": "Point", "coordinates": [ -91591.385698521393351, 659019.347217063535936 ] } },
{ "type": "Feature", "properties": { "fid": 619.0, "CropType": "plnt", "Photo1": "DCIM/JPEG_20201215094538593.jpg", "Photo2": "DCIM/JPEG_20201215094551829.jpg", "Photo3": "DCIM/JPEG_20201215094612360.jpg", "Photo4": "DCIM/JPEG_20201215094627335.jpg", "Irrigation": "FALSE", "District": "KWAE", "Region": "EAST", "Zone": "deci", "Date": "2020-12-15", "Technician": "CADO", "layer": "empointday4", "path": "C:\\Users\\caro\\Desktop\\eartern region\\emmaday4\\empointday4.shp" }, "geometry": { "type": "Point", "coordinates": [ -88742.047930461747455, 675679.542351565673016 ] } },
{ "type": "Feature", "properties": { "fid": 620.0, "CropType": "maiz", "Photo1": "DCIM/JPEG_20201215095005633.jpg", "Photo2": "DCIM/JPEG_20201215095018533.jpg", "Photo3": "DCIM/JPEG_20201215095032482.jpg", "Photo4": "DCIM/JPEG_20201215095044606.jpg", "Irrigation": "FALSE", "District": "KWAE", "Region": "EAST", "Zone": "deci", "Date": "2020-12-15", "Technician": "CADO", "layer": "empointday4", "path": "C:\\Users\\caro\\Desktop\\eartern region\\emmaday4\\empointday4.shp" }, "geometry": { "type": "Point", "coordinates": [ -88714.869276782337693, 675711.454442116315477 ] } },
{ "type": "Feature", "properties": { "fid": 621.0, "CropType": "oilp", "Photo1": "DCIM/JPEG_20201215095639566.jpg", "Photo2": "DCIM/JPEG_20201215095650899.jpg", "Photo3": "DCIM/JPEG_20201215095700897.jpg", "Photo4": "DCIM/JPEG_20201215095713865.jpg", "Irrigation": "FALSE", "District": "KWAE", "Region": "EAST", "Zone": "deci", "Date": "2020-12-15", "Technician": "CADO", "layer": "empointday4", "path": "C:\\Users\\caro\\Desktop\\eartern region\\emmaday4\\empointday4.shp" }, "geometry": { "type": "Point", "coordinates": [ -88768.23250108594948, 675215.565720329177566 ] } },
{ "type": "Feature", "properties": { "fid": 622.0, "CropType": "oilp", "Photo1": "DCIM/JPEG_20201215100347897.jpg", "Photo2": "DCIM/JPEG_20201215100401720.jpg", "Photo3": "DCIM/JPEG_20201215100414147.jpg", "Photo4": "DCIM/JPEG_20201215100425159.jpg", "Irrigation": "FALSE", "District": "KWAE", "Region": "EAST", "Zone": "deci", "Date": "2020-12-15", "Technician": "CADO", "layer": "empointday4", "path": "C:\\Users\\caro\\Desktop\\eartern region\\emmaday4\\empointday4.shp" }, "geometry": { "type": "Point", "coordinates": [ -88550.282296449440764, 676310.314976709894836 ] } },
{ "type": "Feature", "properties": { "fid": 624.0, "CropType": "oilp", "Photo1": "DCIM/JPEG_20201215104021165.jpg", "Photo2": "DCIM/JPEG_20201215104032879.jpg", "Photo3": "DCIM/JPEG_20201215104045276.jpg", "Photo4": "DCIM/JPEG_20201215104055509.jpg", "Irrigation": "FALSE", "District": "KWAE", "Region": "EAST", "Zone": "deci", "Date": "2020-12-15", "Technician": "CADO", "layer": "empointday4", "path": "C:\\Users\\caro\\Desktop\\eartern region\\emmaday4\\empointday4.shp" }, "geometry": { "type": "Point", "coordinates": [ -87979.02963152070879, 676798.029374826932326 ] } },
{ "type": "Feature", "properties": { "fid": 629.0, "CropType": "oilp", "Photo1": "DCIM/JPEG_20201215112731833.jpg", "Photo2": "DCIM/JPEG_20201215112742726.jpg", "Photo3": "DCIM/JPEG_20201215112752886.jpg", "Photo4": "DCIM/JPEG_20201215112804418.jpg", "Irrigation": "FALSE", "District": "KWAE", "Region": "EAST", "Zone": "deci", "Date": "2020-12-15", "Technician": "CADO", "layer": "empointday4", "path": "C:\\Users\\caro\\Desktop\\eartern region\\emmaday4\\empointday4.shp" }, "geometry": { "type": "Point", "coordinates": [ -87278.457114137941971, 676035.623891719500534 ] } },
{ "type": "Feature", "properties": { "fid": 6230.0, "CropType": "oran", "Photo1": "DCIM/JPEG_20201215101411101.jpg", "Photo2": "DCIM/JPEG_20201215101443966.jpg", "Photo3": "DCIM/JPEG_20201215101458422.jpg", "Photo4": "DCIM/JPEG_20201215101522785.jpg", "Irrigation": "FALSE", "District": "KWAE", "Region": "EAST", "Zone": "deci", "Date": "2020-12-15", "Technician": "CADO", "layer": "empointday4", "path": "C:\\Users\\caro\\Desktop\\eartern region\\emmaday4\\empointday4.shp" }, "geometry": { "type": "Point", "coordinates": [ -88275.602566114350338, 676276.554344107746147 ] } },
{ "type": "Feature", "properties": { "fid": 6231.0, "CropType": "oran", "Photo1": "DCIM/JPEG_20201215103115932.jpg", "Photo2": "DCIM/JPEG_20201215103126541.jpg", "Photo3": "DCIM/JPEG_20201215103139468.jpg", "Photo4": "DCIM/JPEG_20201215103149210.jpg", "Irrigation": "FALSE", "District": "KWAE", "Region": "EAST", "Zone": "deci", "Date": "2020-12-15", "Technician": "CADO", "layer": "empointday4", "path": "C:\\Users\\caro\\Desktop\\eartern region\\emmaday4\\empointday4.shp" }, "geometry": { "type": "Point", "coordinates": [ -88485.063546379024046, 676829.073348922538571 ] } },
{ "type": "Feature", "properties": { "fid": 6250.0, "CropType": "oran", "Photo1": "DCIM/JPEG_20201215104509385.jpg", "Photo2": "DCIM/JPEG_20201215104520043.jpg", "Photo3": "DCIM/JPEG_20201215104529117.jpg", "Photo4": "DCIM/JPEG_20201215104539052.jpg", "Irrigation": "FALSE", "District": "KWAE", "Region": "EAST", "Zone": "deci", "Date": "2020-12-15", "Technician": "CADO", "layer": "empointday4", "path": "C:\\Users\\caro\\Desktop\\eartern region\\emmaday4\\empointday4.shp" }, "geometry": { "type": "Point", "coordinates": [ -87982.675344845149084, 676920.747816787217744 ] } },
{ "type": "Feature", "properties": { "fid": 6260.0, "CropType": "oran", "Photo1": "DCIM/JPEG_20201215104817889.jpg", "Photo2": "DCIM/JPEG_20201215104826749.jpg", "Photo3": "DCIM/JPEG_20201215104834658.jpg", "Photo4": "DCIM/JPEG_20201215104845722.jpg", "Irrigation": "FALSE", "District": "KWAE", "Region": "EAST", "Zone": "deci", "Date": "2020-12-15", "Technician": "CADO", "layer": "empointday4", "path": "C:\\Users\\caro\\Desktop\\eartern region\\emmaday4\\empointday4.shp" }, "geometry": { "type": "Point", "coordinates": [ -87984.893942295442685, 676986.385751150082797 ] } },
{ "type": "Feature", "properties": { "fid": 6261.0, "CropType": "plnt", "Photo1": "DCIM/JPEG_20201215105450344.jpg", "Photo2": "DCIM/JPEG_20201215105459385.jpg", "Photo3": "DCIM/JPEG_20201215105509577.jpg", "Photo4": "DCIM/JPEG_20201215105522462.jpg", "Irrigation": "FALSE", "District": "KWAE", "Region": "EAST", "Zone": "deci", "Date": "2020-12-15", "Technician": "CADO", "layer": "empointday4", "path": "C:\\Users\\caro\\Desktop\\eartern region\\emmaday4\\empointday4.shp" }, "geometry": { "type": "Point", "coordinates": [ -87679.308581728822901, 677409.534013736527413 ] } },
{ "type": "Feature", "properties": { "fid": 6270.0, "CropType": "coco", "Photo1": "DCIM/JPEG_20201215111545331.jpg", "Photo2": "DCIM/JPEG_20201215111604295.jpg", "Photo3": "DCIM/JPEG_20201215111617764.jpg", "Photo4": "DCIM/JPEG_20201215111634693.jpg", "Irrigation": "FALSE", "District": "KWAE", "Region": "EAST", "Zone": "deci", "Date": "2020-12-15", "Technician": "CADO", "layer": "empointday4", "path": "C:\\Users\\caro\\Desktop\\eartern region\\emmaday4\\empointday4.shp" }, "geometry": { "type": "Point", "coordinates": [ -87321.954091971012531, 675942.117105493322015 ] } },
{ "type": "Feature", "properties": { "fid": 6290.0, "CropType": "cass", "Photo1": "DCIM/JPEG_20201215112311903.jpg", "Photo2": "DCIM/JPEG_20201215112339639.jpg", "Photo3": "DCIM/JPEG_20201215112358461.jpg", "Photo4": "DCIM/JPEG_20201215112410275.jpg", "Irrigation": "FALSE", "District": "KWAE", "Region": "EAST", "Zone": "deci", "Date": "2020-12-15", "Technician": "CADO", "layer": "empointday4", "path": "C:\\Users\\caro\\Desktop\\eartern region\\emmaday4\\empointday4.shp" }, "geometry": { "type": "Point", "coordinates": [ -87308.315227958679316, 675964.300172235933132 ] } },
{ "type": "Feature", "properties": { "fid": 6300.0, "CropType": "maiz", "Photo1": "DCIM/JPEG_20201215113441441.jpg", "Photo2": "DCIM/JPEG_20201215113450490.jpg", "Photo3": "DCIM/JPEG_20201215113458745.jpg", "Photo4": "DCIM/JPEG_20201215113508440.jpg", "Irrigation": "FALSE", "District": "KWAE", "Region": "EAST", "Zone": "deci", "Date": "2020-12-15", "Technician": "CADO", "layer": "empointday4", "path": "C:\\Users\\caro\\Desktop\\eartern region\\emmaday4\\empointday4.shp" }, "geometry": { "type": "Point", "coordinates": [ -88370.988898190058535, 674290.334373630699702 ] } },
{ "type": "Feature", "properties": { "fid": 6310.0, "CropType": "maiz", "Photo1": "DCIM/JPEG_20201215114001474.jpg", "Photo2": "DCIM/JPEG_20201215114009683.jpg", "Photo3": "DCIM/JPEG_20201215114019123.jpg", "Photo4": "DCIM/JPEG_20201215114029618.jpg", "Irrigation": "FALSE", "District": "KWAE", "Region": "EAST", "Zone": "deci", "Date": "2020-12-15", "Technician": "CADO", "layer": "empointday4", "path": "C:\\Users\\caro\\Desktop\\eartern region\\emmaday4\\empointday4.shp" }, "geometry": { "type": "Point", "coordinates": [ -89041.521850982026081, 674913.138934519374743 ] } },
{ "type": "Feature", "properties": { "fid": 6330.0, "CropType": "oran", "Photo1": "DCIM/JPEG_20201215115743457.jpg", "Photo2": "DCIM/JPEG_20201215115752711.jpg", "Photo3": "DCIM/JPEG_20201215115805491.jpg", "Photo4": "DCIM/JPEG_20201215115815375.jpg", "Irrigation": "FALSE", "District": "KWAE", "Region": "EAST", "Zone": "deci", "Date": "2020-12-15", "Technician": "CADO", "layer": "empointday4", "path": "C:\\Users\\caro\\Desktop\\eartern region\\emmaday4\\empointday4.shp" }, "geometry": { "type": "Point", "coordinates": [ -83813.556699967506574, 676410.129374707350507 ] } },
{ "type": "Feature", "properties": { "fid": 6340.0, "CropType": "oilp", "Photo1": "DCIM/JPEG_20201215120355521.jpg", "Photo2": "DCIM/JPEG_20201215120406081.jpg", "Photo3": "DCIM/JPEG_20201215120417538.jpg", "Photo4": "DCIM/JPEG_20201215120428135.jpg", "Irrigation": "FALSE", "District": "KWAE", "Region": "EAST", "Zone": "deci", "Date": "2020-12-15", "Technician": "CADO", "layer": "empointday4", "path": "C:\\Users\\caro\\Desktop\\eartern region\\emmaday4\\empointday4.shp" }, "geometry": { "type": "Point", "coordinates": [ -78682.553051826398587, 678044.901207238435745 ] } },
{ "type": "Feature", "properties": { "fid": 6341.0, "CropType": "cass", "Photo1": "DCIM/JPEG_20201215120827042.jpg", "Photo2": "DCIM/JPEG_20201215120840077.jpg", "Photo3": "DCIM/JPEG_20201215120849046.jpg", "Photo4": "DCIM/JPEG_20201215120902278.jpg", "Irrigation": "FALSE", "District": "KWAE", "Region": "EAST", "Zone": "deci", "Date": "2020-12-15", "Technician": "CADO", "layer": "empointday4", "path": "C:\\Users\\caro\\Desktop\\eartern region\\emmaday4\\empointday4.shp" }, "geometry": { "type": "Point", "coordinates": [ -78781.6496625309519, 678044.77806321461685 ] } },
{ "type": "Feature", "properties": { "fid": 6350.0, "CropType": "maiz", "Photo1": "DCIM/JPEG_20201215121008884.jpg", "Photo2": "DCIM/JPEG_20201215121017096.jpg", "Photo3": "DCIM/JPEG_20201215121025572.jpg", "Photo4": "DCIM/JPEG_20201215121033561.jpg", "Irrigation": "FALSE", "District": "KWAE", "Region": "EAST", "Zone": "deci", "Date": "2020-12-15", "Technician": "CADO", "layer": "empointday4", "path": "C:\\Users\\caro\\Desktop\\eartern region\\emmaday4\\empointday4.shp" }, "geometry": { "type": "Point", "coordinates": [ -81562.559710664310842, 677007.165383959771134 ] } },
{ "type": "Feature", "properties": { "fid": 6370.0, "CropType": "oilp", "Photo1": "DCIM/JPEG_20201215121806694.jpg", "Photo2": "DCIM/JPEG_20201215121822924.jpg", "Photo3": "DCIM/JPEG_20201215121845605.jpg", "Photo4": "DCIM/JPEG_20201215121857069.jpg", "Irrigation": "FALSE", "District": "KWAE", "Region": "EAST", "Zone": "deci", "Date": "2020-12-15", "Technician": "CADO", "layer": "empointday4", "path": "C:\\Users\\caro\\Desktop\\eartern region\\emmaday4\\empointday4.shp" }, "geometry": { "type": "Point", "coordinates": [ -89041.521850982026081, 674913.138934519374743 ] } },
{ "type": "Feature", "properties": { "fid": 6371.0, "CropType": "plnt", "Photo1": "DCIM/JPEG_20201215122451859.jpg", "Photo2": "DCIM/JPEG_20201215122502098.jpg", "Photo3": "DCIM/JPEG_20201215122512302.jpg", "Photo4": "DCIM/JPEG_20201215122525659.jpg", "Irrigation": "FALSE", "District": "KWAE", "Region": "EAST", "Zone": "deci", "Date": "2020-12-15", "Technician": "CADO", "layer": "empointday4", "path": "C:\\Users\\caro\\Desktop\\eartern region\\emmaday4\\empointday4.shp" }, "geometry": { "type": "Point", "coordinates": [ -78682.553051826398587, 678044.901207238435745 ] } },
{ "type": "Feature", "properties": { "fid": 6380.0, "CropType": "coco", "Photo1": "DCIM/JPEG_20201215124932639.jpg", "Photo2": "DCIM/JPEG_20201215124953020.jpg", "Photo3": "DCIM/JPEG_20201215125007219.jpg", "Photo4": "DCIM/JPEG_20201215125036344.jpg", "Irrigation": "FALSE", "District": "KWAE", "Region": "EAST", "Zone": "deci", "Date": "2020-12-15", "Technician": "CADO", "layer": "empointday4", "path": "C:\\Users\\caro\\Desktop\\eartern region\\emmaday4\\empointday4.shp" }, "geometry": { "type": "Point", "coordinates": [ -89041.521850982026081, 674913.138934519374743 ] } },
{ "type": "Feature", "properties": { "fid": 6390.0, "CropType": "coco", "Photo1": "DCIM/JPEG_20201215125502221.jpg", "Photo2": "DCIM/JPEG_20201215125513782.jpg", "Photo3": "DCIM/JPEG_20201215125526967.jpg", "Photo4": "DCIM/JPEG_20201215125540597.jpg", "Irrigation": "FALSE", "District": "KWAE", "Region": "EAST", "Zone": "deci", "Date": "2020-12-15", "Technician": "CADO", "layer": "empointday4", "path": "C:\\Users\\caro\\Desktop\\eartern region\\emmaday4\\empointday4.shp" }, "geometry": { "type": "Point", "coordinates": [ -76377.29226353802369, 680634.634348076651804 ] } },
{ "type": "Feature", "properties": { "fid": 6400.0, "CropType": "cass", "Photo1": "DCIM/JPEG_20201215125959791.jpg", "Photo2": "DCIM/JPEG_20201215130016196.jpg", "Photo3": "DCIM/JPEG_20201215130024713.jpg", "Photo4": "DCIM/JPEG_20201215130033660.jpg", "Irrigation": "FALSE", "District": "KWAE", "Region": "EAST", "Zone": "deci", "Date": "2020-12-15", "Technician": "CADO", "layer": "empointday4", "path": "C:\\Users\\caro\\Desktop\\eartern region\\emmaday4\\empointday4.shp" }, "geometry": { "type": "Point", "coordinates": [ -76260.190838393711601, 681209.922479982487857 ] } },
{ "type": "Feature", "properties": { "fid": 6410.0, "CropType": "coco", "Photo1": "DCIM/JPEG_20201215130829597.jpg", "Photo2": "DCIM/JPEG_20201215130837946.jpg", "Photo3": "DCIM/JPEG_20201215130848641.jpg", "Photo4": "DCIM/JPEG_20201215130901786.jpg", "Irrigation": "FALSE", "District": "KWAE", "Region": "EAST", "Zone": "deci", "Date": "2020-12-15", "Technician": "CADO", "layer": "empointday4", "path": "C:\\Users\\caro\\Desktop\\eartern region\\emmaday4\\empointday4.shp" }, "geometry": { "type": "Point", "coordinates": [ -75820.371983049655682, 682784.808702614041977 ] } },
{ "type": "Feature", "properties": { "fid": 6440.0, "CropType": "oilp", "Photo1": "DCIM/JPEG_20201215135717947.jpg", "Photo2": "DCIM/JPEG_20201215135727469.jpg", "Photo3": "DCIM/JPEG_20201215135737917.jpg", "Photo4": "DCIM/JPEG_20201215135747197.jpg", "Irrigation": "FALSE", "District": "KWAE", "Region": "EAST", "Zone": "deci", "Date": "2020-12-15", "Technician": "CADO", "layer": "empointday4", "path": "C:\\Users\\caro\\Desktop\\eartern region\\emmaday4\\empointday4.shp" }, "geometry": { "type": "Point", "coordinates": [ -77262.461439724298543, 678120.847532767918892 ] } },
{ "type": "Feature", "properties": { "fid": 6450.0, "CropType": "maiz", "Photo1": "DCIM/JPEG_20201215141005393.jpg", "Photo2": "DCIM/JPEG_20201215141016995.jpg", "Photo3": "DCIM/JPEG_20201215141027369.jpg", "Photo4": "DCIM/JPEG_20201215141044910.jpg", "Irrigation": "FALSE", "District": "KWAE", "Region": "EAST", "Zone": "deci", "Date": "2020-12-15", "Technician": "CADO", "layer": "empointday4", "path": "C:\\Users\\caro\\Desktop\\eartern region\\emmaday4\\empointday4.shp" }, "geometry": { "type": "Point", "coordinates": [ -76986.512667193106608, 673433.685201016138308 ] } },
{ "type": "Feature", "properties": { "fid": 6470.0, "CropType": "coco", "Photo1": "DCIM/JPEG_20201215141406442.jpg", "Photo2": "DCIM/JPEG_20201215141416639.jpg", "Photo3": "DCIM/JPEG_20201215141426067.jpg", "Photo4": "DCIM/JPEG_20201215141439185.jpg", "Irrigation": "FALSE", "District": "KWAE", "Region": "EAST", "Zone": "deci", "Date": "2020-12-15", "Technician": "CADO", "layer": "empointday4", "path": "C:\\Users\\caro\\Desktop\\eartern region\\emmaday4\\empointday4.shp" }, "geometry": { "type": "Point", "coordinates": [ -77219.792678902493208, 671002.156371316872537 ] } },
{ "type": "Feature", "properties": { "fid": 6480.0, "CropType": "oran", "Photo1": "DCIM/JPEG_20201215143633398.jpg", "Photo2": "DCIM/JPEG_20201215143643237.jpg", "Photo3": "DCIM/JPEG_20201215143658606.jpg", "Photo4": "DCIM/JPEG_20201215143718154.jpg", "Irrigation": "FALSE", "District": "KWAE", "Region": "EAST", "Zone": "deci", "Date": "2020-12-15", "Technician": "CADO", "layer": "empointday4", "path": "C:\\Users\\caro\\Desktop\\eartern region\\emmaday4\\empointday4.shp" }, "geometry": { "type": "Point", "coordinates": [ -77219.792678902493208, 671002.156371316872537 ] } },
{ "type": "Feature", "properties": { "fid": 6490.0, "CropType": "oran", "Photo1": "DCIM/JPEG_20201215145313745.jpg", "Photo2": "DCIM/JPEG_20201215145325957.jpg", "Photo3": "DCIM/JPEG_20201215145336713.jpg", "Photo4": "DCIM/JPEG_20201215145347288.jpg", "Irrigation": "FALSE", "District": "WEAK", "Region": "EAST", "Zone": "deci", "Date": "2020-12-15", "Technician": "CADO", "layer": "empointday4", "path": "C:\\Users\\caro\\Desktop\\eartern region\\emmaday4\\empointday4.shp" }, "geometry": { "type": "Point", "coordinates": [ -79640.546325693794643, 668676.415107858250849 ] } },
{ "type": "Feature", "properties": { "fid": 6500.0, "CropType": "coco", "Photo1": "DCIM/JPEG_20201215145707655.jpg", "Photo2": "DCIM/JPEG_20201215145720449.jpg", "Photo3": "DCIM/JPEG_20201215145729323.jpg", "Photo4": "DCIM/JPEG_20201215145740791.jpg", "Irrigation": "FALSE", "District": "WEAK", "Region": "EAST", "Zone": "deci", "Date": "2020-12-15", "Technician": "CADO", "layer": "empointday4", "path": "C:\\Users\\caro\\Desktop\\eartern region\\emmaday4\\empointday4.shp" }, "geometry": { "type": "Point", "coordinates": [ -79977.692988290509675, 668287.917794347158633 ] } },
{ "type": "Feature", "properties": { "fid": 6520.0, "CropType": "coco", "Photo1": "DCIM/JPEG_20201215163048190.jpg", "Photo2": "DCIM/JPEG_20201215163056412.jpg", "Photo3": "DCIM/JPEG_20201215163105356.jpg", "Photo4": "DCIM/JPEG_20201215163115028.jpg", "Irrigation": "FALSE", "District": "WEAK", "Region": "EAST", "Zone": "deci", "Date": "2020-12-15", "Technician": "CADO", "layer": "empointday4", "path": "C:\\Users\\caro\\Desktop\\eartern region\\emmaday4\\empointday4.shp" }, "geometry": { "type": "Point", "coordinates": [ -92109.841013226701762, 661185.305490955593996 ] } },
{ "type": "Feature", "properties": { "fid": 6530.0, "CropType": "oilp", "Photo1": "DCIM/JPEG_20201215154004283.jpg", "Photo2": "DCIM/JPEG_20201215154016197.jpg", "Photo3": "DCIM/JPEG_20201215154026281.jpg", "Photo4": "DCIM/JPEG_20201215154039151.jpg", "Irrigation": "FALSE", "District": "WEAK", "Region": "EAST", "Zone": "deci", "Date": "2020-12-15", "Technician": "CADO", "layer": "empointday4", "path": "C:\\Users\\caro\\Desktop\\eartern region\\emmaday4\\empointday4.shp" }, "geometry": { "type": "Point", "coordinates": [ -84230.271194998262217, 664866.094871760578826 ] } },
{ "type": "Feature", "properties": { "fid": 6550.0, "CropType": "cass", "Photo1": "DCIM/JPEG_20201215154344373.jpg", "Photo2": "DCIM/JPEG_20201215154356708.jpg", "Photo3": "DCIM/JPEG_20201215154408296.jpg", "Photo4": "DCIM/JPEG_20201215154418304.jpg", "Irrigation": "FALSE", "District": "WEAK", "Region": "EAST", "Zone": "deci", "Date": "2020-12-15", "Technician": "CADO", "layer": "empointday4", "path": "C:\\Users\\caro\\Desktop\\eartern region\\emmaday4\\empointday4.shp" }, "geometry": { "type": "Point", "coordinates": [ -84230.271194998262217, 664866.094871760578826 ] } },
{ "type": "Feature", "properties": { "fid": 6560.0, "CropType": "oran", "Photo1": "DCIM/JPEG_20201215154910618.jpg", "Photo2": "DCIM/JPEG_20201215154920590.jpg", "Photo3": "DCIM/JPEG_20201215154929635.jpg", "Photo4": "DCIM/JPEG_20201215154938790.jpg", "Irrigation": "FALSE", "District": "WEAK", "Region": "EAST", "Zone": "deci", "Date": "2020-12-15", "Technician": "CADO", "layer": "empointday4", "path": "C:\\Users\\caro\\Desktop\\eartern region\\emmaday4\\empointday4.shp" }, "geometry": { "type": "Point", "coordinates": [ -86687.487540999893099, 662828.974309045937844 ] } },
{ "type": "Feature", "properties": { "fid": 6570.0, "CropType": "maiz", "Photo1": "DCIM/JPEG_20201215155050526.jpg", "Photo2": "DCIM/JPEG_20201215155057897.jpg", "Photo3": "DCIM/JPEG_20201215155106008.jpg", "Photo4": "DCIM/JPEG_20201215155116332.jpg", "Irrigation": "FALSE", "District": "WEAK", "Region": "EAST", "Zone": "deci", "Date": "2020-12-15", "Technician": "CADO", "layer": "empointday4", "path": "C:\\Users\\caro\\Desktop\\eartern region\\emmaday4\\empointday4.shp" }, "geometry": { "type": "Point", "coordinates": [ -86708.451227504789131, 662801.745019574882463 ] } },
{ "type": "Feature", "properties": { "fid": 6580.0, "CropType": "plnt", "Photo1": "DCIM/JPEG_20201215155907796.jpg", "Photo2": "DCIM/JPEG_20201215155917375.jpg", "Photo3": "DCIM/JPEG_20201215155931896.jpg", "Photo4": "DCIM/JPEG_20201215155946111.jpg", "Irrigation": "FALSE", "District": "WEAK", "Region": "EAST", "Zone": "deci", "Date": "2020-12-15", "Technician": "CADO", "layer": "empointday4", "path": "C:\\Users\\caro\\Desktop\\eartern region\\emmaday4\\empointday4.shp" }, "geometry": { "type": "Point", "coordinates": [ -88814.638257211554446, 662998.918968473444693 ] } },
{ "type": "Feature", "properties": { "fid": 6590.0, "CropType": "rubb", "Photo1": "DCIM/JPEG_20201215160231909.jpg", "Photo2": "DCIM/JPEG_20201215160242538.jpg", "Photo3": "DCIM/JPEG_20201215160254576.jpg", "Photo4": "DCIM/JPEG_20201215160307517.jpg", "Irrigation": "FALSE", "District": "WEAK", "Region": "EAST", "Zone": "deci", "Date": "2020-12-15", "Technician": "CADO", "layer": "empointday4", "path": "C:\\Users\\caro\\Desktop\\eartern region\\emmaday4\\empointday4.shp" }, "geometry": { "type": "Point", "coordinates": [ -88933.058818321747822, 662959.303263237001374 ] } },
{ "type": "Feature", "properties": { "fid": 6600.0, "CropType": "coco", "Photo1": "DCIM/JPEG_20201215161257138.jpg", "Photo2": "DCIM/JPEG_20201215161306495.jpg", "Photo3": "DCIM/JPEG_20201215161316352.jpg", "Photo4": "DCIM/JPEG_20201215161330554.jpg", "Irrigation": "FALSE", "District": "WEAK", "Region": "EAST", "Zone": "deci", "Date": "2020-12-15", "Technician": "CADO", "layer": "empointday4", "path": "C:\\Users\\caro\\Desktop\\eartern region\\emmaday4\\empointday4.shp" }, "geometry": { "type": "Point", "coordinates": [ -90589.363710717734648, 662670.817622157162987 ] } },
{ "type": "Feature", "properties": { "fid": 63700.0, "CropType": "oilp", "Photo1": "DCIM/JPEG_20201215124559516.jpg", "Photo2": "DCIM/JPEG_20201215124612461.jpg", "Photo3": "DCIM/JPEG_20201215124621938.jpg", "Photo4": "DCIM/JPEG_20201215124632401.jpg", "Irrigation": "FALSE", "District": "KWAE", "Region": "EAST", "Zone": "deci", "Date": "2020-12-15", "Technician": "CADO", "layer": "empointday4", "path": "C:\\Users\\caro\\Desktop\\eartern region\\emmaday4\\empointday4.shp" }, "geometry": { "type": "Point", "coordinates": [ -76624.921357613857253, 679950.941156542743556 ] } },
{ "type": "Feature", "properties": { "fid": 63701.0, "CropType": "oilp", "Photo1": "DCIM/JPEG_20201215132308527.jpg", "Photo2": "DCIM/JPEG_20201215132321830.jpg", "Photo3": "DCIM/JPEG_20201215132331893.jpg", "Photo4": "DCIM/JPEG_20201215132342528.jpg", "Irrigation": "FALSE", "District": "KWAE", "Region": "EAST", "Zone": "deci", "Date": "2020-12-15", "Technician": "CADO", "layer": "empointday4", "path": "C:\\Users\\caro\\Desktop\\eartern region\\emmaday4\\empointday4.shp" }, "geometry": { "type": "Point", "coordinates": [ -77345.210841254418483, 683306.859055751701817 ] } },
{ "type": "Feature", "properties": { "fid": 63702.0, "CropType": "coco", "Photo1": "DCIM/JPEG_20201215143004680.jpg", "Photo2": "DCIM/JPEG_20201215143014400.jpg", "Photo3": "DCIM/JPEG_20201215143025412.jpg", "Photo4": "DCIM/JPEG_20201215143042726.jpg", "Irrigation": "FALSE", "District": "KWAE", "Region": "EAST", "Zone": "deci", "Date": "2020-12-15", "Technician": "CADO", "layer": "empointday4", "path": "C:\\Users\\caro\\Desktop\\eartern region\\emmaday4\\empointday4.shp" }, "geometry": { "type": "Point", "coordinates": [ -77219.792678902493208, 671002.156371316872537 ] } },
{ "type": "Feature", "properties": { "fid": 63703.0, "CropType": "oran", "Photo1": "DCIM/JPEG_20201215151444403.jpg", "Photo2": "DCIM/JPEG_20201215151502235.jpg", "Photo3": "DCIM/JPEG_20201215151514233.jpg", "Photo4": "DCIM/JPEG_20201215151524230.jpg", "Irrigation": "FALSE", "District": "WEAK", "Region": "EAST", "Zone": "deci", "Date": "2020-12-15", "Technician": "CADO", "layer": "empointday4", "path": "C:\\Users\\caro\\Desktop\\eartern region\\emmaday4\\empointday4.shp" }, "geometry": { "type": "Point", "coordinates": [ -81940.110895637204521, 665909.126960296998732 ] } },
{ "type": "Feature", "properties": { "fid": 65900.0, "CropType": "maiz", "Photo1": "DCIM/JPEG_20201215163942473.jpg", "Photo2": "DCIM/JPEG_20201215163950457.jpg", "Photo3": "DCIM/JPEG_20201215163958537.jpg", "Photo4": "DCIM/JPEG_20201215164008017.jpg", "Irrigation": "FALSE", "District": "WEAK", "Region": "EAST", "Zone": "deci", "Date": "2020-12-15", "Technician": "CADO", "layer": "empointday4", "path": "C:\\Users\\caro\\Desktop\\eartern region\\emmaday4\\empointday4.shp" }, "geometry": { "type": "Point", "coordinates": [ -91589.474814146189601, 659018.204317855648696 ] } },
{ "type": "Feature", "properties": { "fid": 62.0, "CropType": "oran", "Photo1": "DCIM/JPEG_20201216111655254.jpg", "Photo2": "DCIM/JPEG_20201216111709525.jpg", "Photo3": "DCIM/JPEG_20201216111724521.jpg", "Photo4": "DCIM/JPEG_20201216111736114.jpg", "Irrigation": "FALSE", "District": "KWAE", "Region": "EAST", "Zone": "deci", "Date": "2020-12-16", "Technician": "CADO", "layer": "capointday4", "path": "C:\\Users\\caro\\Desktop\\eartern region\\caroday4\\capointday4.shp" }, "geometry": { "type": "Point", "coordinates": [ -91244.332343372210744, 673536.537402901449241 ] } },
{ "type": "Feature", "properties": { "fid": 69.0, "CropType": "coco", "Photo1": "DCIM/JPEG_20201216113131878.jpg", "Photo2": "DCIM/JPEG_20201216113158667.jpg", "Photo3": "DCIM/JPEG_20201216113215957.jpg", "Photo4": "DCIM/JPEG_20201216113226877.jpg", "Irrigation": "FALSE", "District": "KWAE", "Region": "EAST", "Zone": "deci", "Date": "2020-12-16", "Technician": "CADO", "layer": "capointday4", "path": "C:\\Users\\caro\\Desktop\\eartern region\\caroday4\\capointday4.shp" }, "geometry": { "type": "Point", "coordinates": [ -93099.146975594441756, 673764.510785122169182 ] } },
{ "type": "Feature", "properties": { "fid": 688.0, "CropType": "rice", "Photo1": "DCIM/JPEG_20201216153302740.jpg", "Photo2": "DCIM/JPEG_20201216153320037.jpg", "Photo3": "DCIM/JPEG_20201216153335388.jpg", "Photo4": "DCIM/JPEG_20201216153346473.jpg", "Irrigation": "FALSE", "District": "KWAE", "Region": "EAST", "Zone": "deci", "Date": "2020-12-16", "Technician": "CADO", "layer": "capointday4", "path": "C:\\Users\\caro\\Desktop\\eartern region\\caroday4\\capointday4.shp" }, "geometry": { "type": "Point", "coordinates": [ -112430.309030076634372, 666286.19704679469578 ] } },
{ "type": "Feature", "properties": { "fid": 699.0, "CropType": "oilp", "Photo1": "DCIM/JPEG_20201216125935756.jpg", "Photo2": "DCIM/JPEG_20201216125949182.jpg", "Photo3": "DCIM/JPEG_20201216125959118.jpg", "Photo4": "DCIM/JPEG_20201216130008936.jpg", "Irrigation": "FALSE", "District": "KWAE", "Region": "EAST", "Zone": "deci", "Date": "2020-12-16", "Technician": "CADO", "layer": "capointday4", "path": "C:\\Users\\caro\\Desktop\\eartern region\\caroday4\\capointday4.shp" }, "geometry": { "type": "Point", "coordinates": [ -99352.257770104464726, 669719.313284259987995 ] } },
{ "type": "Feature", "properties": { "fid": 6085.0, "CropType": "plnt", "Photo1": "DCIM/JPEG_20201216114453739.jpg", "Photo2": "DCIM/JPEG_20201216114515444.jpg", "Photo3": "DCIM/JPEG_20201216114532360.jpg", "Photo4": "DCIM/JPEG_20201216114548188.jpg", "Irrigation": "FALSE", "District": "KWAE", "Region": "EAST", "Zone": "deci", "Date": "2020-12-16", "Technician": "CADO", "layer": "capointday4", "path": "C:\\Users\\caro\\Desktop\\eartern region\\caroday4\\capointday4.shp" }, "geometry": { "type": "Point", "coordinates": [ -95669.129965768006514, 673635.086396210361272 ] } },
{ "type": "Feature", "properties": { "fid": 6087.0, "CropType": "rubb", "Photo1": "DCIM/JPEG_20201216121737482.jpg", "Photo2": "DCIM/JPEG_20201216121752090.jpg", "Photo3": "DCIM/JPEG_20201216121805074.jpg", "Photo4": "DCIM/JPEG_20201216121814243.jpg", "Irrigation": "FALSE", "District": "KWAE", "Region": "EAST", "Zone": "deci", "Date": "2020-12-16", "Technician": "CADO", "layer": "capointday4", "path": "C:\\Users\\caro\\Desktop\\eartern region\\caroday4\\capointday4.shp" }, "geometry": { "type": "Point", "coordinates": [ -92707.003660702568595, 670738.870201561017893 ] } },
{ "type": "Feature", "properties": { "fid": 6088.0, "CropType": "oilp", "Photo1": "DCIM/JPEG_20201216122819156.jpg", "Photo2": "DCIM/JPEG_20201216122841620.jpg", "Photo3": "DCIM/JPEG_20201216122854935.jpg", "Photo4": "DCIM/JPEG_20201216122906879.jpg", "Irrigation": "FALSE", "District": "KWAE", "Region": "EAST", "Zone": "deci", "Date": "2020-12-16", "Technician": "CADO", "layer": "capointday4", "path": "C:\\Users\\caro\\Desktop\\eartern region\\caroday4\\capointday4.shp" }, "geometry": { "type": "Point", "coordinates": [ -94511.090000969968969, 670707.776364239165559 ] } },
{ "type": "Feature", "properties": { "fid": 6089.0, "CropType": "oilp", "Photo1": "DCIM/JPEG_20201216124138290.jpg", "Photo2": "DCIM/JPEG_20201216124154008.jpg", "Photo3": "DCIM/JPEG_20201216124209065.jpg", "Photo4": "DCIM/JPEG_20201216124221889.jpg", "Irrigation": "FALSE", "District": "KWAE", "Region": "EAST", "Zone": "deci", "Date": "2020-12-16", "Technician": "CADO", "layer": "capointday4", "path": "C:\\Users\\caro\\Desktop\\eartern region\\caroday4\\capointday4.shp" }, "geometry": { "type": "Point", "coordinates": [ -96085.166154035832733, 670214.789957936387509 ] } },
{ "type": "Feature", "properties": { "fid": 6090.0, "CropType": "cnut", "Photo1": "DCIM/JPEG_20201216132016564.jpg", "Photo2": "DCIM/JPEG_20201216132032184.jpg", "Photo3": "DCIM/JPEG_20201216132046231.jpg", "Photo4": "DCIM/JPEG_20201216132102254.jpg", "Irrigation": "FALSE", "District": "KWAE", "Region": "EAST", "Zone": "deci", "Date": "2020-12-16", "Technician": "PALA", "layer": "capointday4", "path": "C:\\Users\\caro\\Desktop\\eartern region\\caroday4\\capointday4.shp" }, "geometry": { "type": "Point", "coordinates": [ -98405.830591328354785, 671591.484075670363382 ] } },
{ "type": "Feature", "properties": { "fid": 6093.0, "CropType": "coco", "Photo1": "DCIM/JPEG_20201216141852249.jpg", "Photo2": "DCIM/JPEG_20201216141906728.jpg", "Photo3": "DCIM/JPEG_20201216141918908.jpg", "Photo4": "DCIM/JPEG_20201216141933560.jpg", "Irrigation": "FALSE", "District": "KWAE", "Region": "EAST", "Zone": "deci", "Date": "2020-12-16", "Technician": "CADO", "layer": "capointday4", "path": "C:\\Users\\caro\\Desktop\\eartern region\\caroday4\\capointday4.shp" }, "geometry": { "type": "Point", "coordinates": [ -106255.214645367261255, 668254.226540834293701 ] } },
{ "type": "Feature", "properties": { "fid": 6094.0, "CropType": "coco", "Photo1": "DCIM/JPEG_20201216143016387.jpg", "Photo2": "DCIM/JPEG_20201216143029471.jpg", "Photo3": "DCIM/JPEG_20201216143041074.jpg", "Photo4": "DCIM/JPEG_20201216143050911.jpg", "Irrigation": "FALSE", "District": "KWAE", "Region": "EAST", "Zone": "deci", "Date": "2020-12-16", "Technician": "CADO", "layer": "capointday4", "path": "C:\\Users\\caro\\Desktop\\eartern region\\caroday4\\capointday4.shp" }, "geometry": { "type": "Point", "coordinates": [ -108566.817676108505111, 666820.48316457378678 ] } },
{ "type": "Feature", "properties": { "fid": 6095.0, "CropType": "plnt", "Photo1": "DCIM/JPEG_20201216145130141.jpg", "Photo2": "DCIM/JPEG_20201216145144328.jpg", "Photo3": "DCIM/JPEG_20201216145156469.jpg", "Photo4": "DCIM/JPEG_20201216145217293.jpg", "Irrigation": "FALSE", "District": "KWAE", "Region": "EAST", "Zone": "deci", "Date": "2020-12-16", "Technician": "CADO", "layer": "capointday4", "path": "C:\\Users\\caro\\Desktop\\eartern region\\caroday4\\capointday4.shp" }, "geometry": { "type": "Point", "coordinates": [ -108896.456952245440334, 663948.724588666111231 ] } },
{ "type": "Feature", "properties": { "fid": 6096.0, "CropType": "plnt", "Photo1": "DCIM/JPEG_20201216145839507.jpg", "Photo2": "DCIM/JPEG_20201216145850159.jpg", "Photo3": "DCIM/JPEG_20201216145904783.jpg", "Photo4": "DCIM/JPEG_20201216145917192.jpg", "Irrigation": "FALSE", "District": "KWAE", "Region": "EAST", "Zone": "deci", "Date": "2020-12-16", "Technician": "CADO", "layer": "capointday4", "path": "C:\\Users\\caro\\Desktop\\eartern region\\caroday4\\capointday4.shp" }, "geometry": { "type": "Point", "coordinates": [ -109069.681211870876723, 662726.39754538948182 ] } },
{ "type": "Feature", "properties": { "fid": 6097.0, "CropType": "rice", "Photo1": "DCIM/JPEG_20201216155455569.jpg", "Photo2": "DCIM/JPEG_20201216155514920.jpg", "Photo3": "DCIM/JPEG_20201216155529937.jpg", "Photo4": "DCIM/JPEG_20201216155544436.jpg", "Irrigation": "FALSE", "District": "KWAE", "Region": "EAST", "Zone": "deci", "Date": "2020-12-16", "Technician": "CADO", "layer": "capointday4", "path": "C:\\Users\\caro\\Desktop\\eartern region\\caroday4\\capointday4.shp" }, "geometry": { "type": "Point", "coordinates": [ -115403.9587577656348, 669548.170581045909785 ] } },
{ "type": "Feature", "properties": { "fid": 6098.0, "CropType": "rubb", "Photo1": "DCIM/JPEG_20201216160530808.jpg", "Photo2": "DCIM/JPEG_20201216160544298.jpg", "Photo3": "DCIM/JPEG_20201216160557891.jpg", "Photo4": "DCIM/JPEG_20201216160609260.jpg", "Irrigation": "FALSE", "District": "KWAE", "Region": "EAST", "Zone": "deci", "Date": "2020-12-16", "Technician": "CADO", "layer": "capointday4", "path": "C:\\Users\\caro\\Desktop\\eartern region\\caroday4\\capointday4.shp" }, "geometry": { "type": "Point", "coordinates": [ -119140.124733489385108, 672057.612773280474357 ] } },
{ "type": "Feature", "properties": { "fid": 6099.0, "CropType": "rice", "Photo1": "DCIM/JPEG_20201216161217781.jpg", "Photo2": "DCIM/JPEG_20201216161236005.jpg", "Photo3": "DCIM/JPEG_20201216161245956.jpg", "Photo4": "DCIM/JPEG_20201216161300255.jpg", "Irrigation": "FALSE", "District": "KWAE", "Region": "EAST", "Zone": "deci", "Date": "2020-12-16", "Technician": "CADO", "layer": "capointday4", "path": "C:\\Users\\caro\\Desktop\\eartern region\\caroday4\\capointday4.shp" }, "geometry": { "type": "Point", "coordinates": [ -120185.461135158897378, 673218.952971865306608 ] } },
{ "type": "Feature", "properties": { "fid": 6100.0, "CropType": "oilp", "Photo1": "DCIM/JPEG_20201216163003510.jpg", "Photo2": "DCIM/JPEG_20201216163022874.jpg", "Photo3": "DCIM/JPEG_20201216163035911.jpg", "Photo4": "DCIM/JPEG_20201216163052823.jpg", "Irrigation": "FALSE", "District": "KWAE", "Region": "EAST", "Zone": "deci", "Date": "2020-12-16", "Technician": "CADO", "layer": "capointday4", "path": "C:\\Users\\caro\\Desktop\\eartern region\\caroday4\\capointday4.shp" }, "geometry": { "type": "Point", "coordinates": [ -124153.145677186010289, 676956.093980538891628 ] } },
{ "type": "Feature", "properties": { "fid": 63500.0, "CropType": "plnt", "Photo1": "DCIM/JPEG_20201216124212039.jpg", "Photo2": "DCIM/JPEG_20201216124222142.jpg", "Photo3": "DCIM/JPEG_20201216124232072.jpg", "Photo4": "DCIM/JPEG_20201216124243423.jpg", "Irrigation": "FALSE", "District": "KWAE", "Region": "EAST", "Zone": "deci", "Date": "2020-12-16", "Technician": "CADO", "layer": "empointday4", "path": "C:\\Users\\caro\\Desktop\\eartern region\\emmaday4\\empointday4.shp" }, "geometry": { "type": "Point", "coordinates": [ -96079.741184184968006, 670310.425497751682997 ] } },
{ "type": "Feature", "properties": { "fid": 65300.0, "CropType": "oran", "Photo1": "DCIM/JPEG_20201216131056088.jpg", "Photo2": "DCIM/JPEG_20201216131105042.jpg", "Photo3": "DCIM/JPEG_20201216131140008.jpg", "Photo4": "DCIM/JPEG_20201216131157503.jpg", "Irrigation": "FALSE", "District": "KWAE", "Region": "EAST", "Zone": "deci", "Date": "2020-12-16", "Technician": "CADO", "layer": "empointday4", "path": "C:\\Users\\caro\\Desktop\\eartern region\\emmaday4\\empointday4.shp" }, "geometry": { "type": "Point", "coordinates": [ -98739.81837784180243, 670041.255319435149431 ] } },
{ "type": "Feature", "properties": { "fid": 65690.0, "CropType": "rice", "Photo1": "DCIM/JPEG_20201216143955616.jpg", "Photo2": "DCIM/JPEG_20201216144009685.jpg", "Photo3": "DCIM/JPEG_20201216144047600.jpg", "Photo4": "DCIM/JPEG_20201216144059386.jpg", "Irrigation": "FALSE", "District": "KWAE", "Region": "EAST", "Zone": "deci", "Date": "2020-12-16", "Technician": "CADO", "layer": "empointday4", "path": "C:\\Users\\caro\\Desktop\\eartern region\\emmaday4\\empointday4.shp" }, "geometry": { "type": "Point", "coordinates": [ -108942.089408976316918, 666343.969543464831077 ] } },
{ "type": "Feature", "properties": { "fid": 65800.0, "CropType": "rubb", "Photo1": "DCIM/JPEG_20201216160515714.jpg", "Photo2": "DCIM/JPEG_20201216160526724.jpg", "Photo3": "DCIM/JPEG_20201216160535687.jpg", "Photo4": "DCIM/JPEG_20201216160544552.jpg", "Irrigation": "FALSE", "District": "KWAE", "Region": "EAST", "Zone": "deci", "Date": "2020-12-16", "Technician": "CADO", "layer": "empointday4", "path": "C:\\Users\\caro\\Desktop\\eartern region\\emmaday4\\empointday4.shp" }, "geometry": { "type": "Point", "coordinates": [ -119134.671191635919968, 672053.324800569680519 ] } },
{ "type": "Feature", "properties": { "fid": 66300.0, "CropType": "maiz", "Photo1": "DCIM/JPEG_20201216112435875.jpg", "Photo2": "DCIM/JPEG_20201216112446555.jpg", "Photo3": "DCIM/JPEG_20201216112457297.jpg", "Photo4": "DCIM/JPEG_20201216112509128.jpg", "Irrigation": "FALSE", "District": "KWAE", "Region": "EAST", "Zone": "deci", "Date": "2020-12-16", "Technician": "CADO", "layer": "empointday4", "path": "C:\\Users\\caro\\Desktop\\eartern region\\emmaday4\\empointday4.shp" }, "geometry": { "type": "Point", "coordinates": [ -92481.540132568028639, 673828.150499014183879 ] } },
{ "type": "Feature", "properties": { "fid": 69500.0, "CropType": "rice", "Photo1": "DCIM/JPEG_20201216153301231.jpg", "Photo2": "DCIM/JPEG_20201216153314264.jpg", "Photo3": "DCIM/JPEG_20201216153326269.jpg", "Photo4": "DCIM/JPEG_20201216153343521.jpg", "Irrigation": "FALSE", "District": "KWAE", "Region": "EAST", "Zone": "deci", "Date": "2020-12-16", "Technician": "CADO", "layer": "empointday4", "path": "C:\\Users\\caro\\Desktop\\eartern region\\emmaday4\\empointday4.shp" }, "geometry": { "type": "Point", "coordinates": [ -112431.406640257191611, 666285.303865798166953 ] } },
{ "type": "Feature", "properties": { "fid": 69580.0, "CropType": "rice", "Photo1": "DCIM/JPEG_20201216161202515.jpg", "Photo2": "DCIM/JPEG_20201216161216490.jpg", "Photo3": "DCIM/JPEG_20201216161228233.jpg", "Photo4": "DCIM/JPEG_20201216161244527.jpg", "Irrigation": "FALSE", "District": "KWAE", "Region": "EAST", "Zone": "deci", "Date": "2020-12-16", "Technician": "CADO", "layer": "empointday4", "path": "C:\\Users\\caro\\Desktop\\eartern region\\emmaday4\\empointday4.shp" }, "geometry": { "type": "Point", "coordinates": [ -120182.759782183726202, 673221.79214785550721 ] } },
{ "type": "Feature", "properties": { "fid": 635000.0, "CropType": "oran", "Photo1": "DCIM/JPEG_20201216125037568.jpg", "Photo2": "DCIM/JPEG_20201216125052159.jpg", "Photo3": "DCIM/JPEG_20201216125102533.jpg", "Photo4": "DCIM/JPEG_20201216125114106.jpg", "Irrigation": "FALSE", "District": "KWAE", "Region": "EAST", "Zone": "deci", "Date": "2020-12-16", "Technician": "CADO", "layer": "empointday4", "path": "C:\\Users\\caro\\Desktop\\eartern region\\emmaday4\\empointday4.shp" }, "geometry": { "type": "Point", "coordinates": [ -97439.302823166115559, 669722.707861300907098 ] } },
{ "type": "Feature", "properties": { "fid": 653900.0, "CropType": "oilp", "Photo1": "DCIM/JPEG_20201216125829558.jpg", "Photo2": "DCIM/JPEG_20201216125839314.jpg", "Photo3": "DCIM/JPEG_20201216125849205.jpg", "Photo4": "DCIM/JPEG_20201216125858804.jpg", "Irrigation": "FALSE", "District": "KWAE", "Region": "EAST", "Zone": "deci", "Date": "2020-12-16", "Technician": "CADO", "layer": "empointday4", "path": "C:\\Users\\caro\\Desktop\\eartern region\\emmaday4\\empointday4.shp" }, "geometry": { "type": "Point", "coordinates": [ -103557.093644666980254, 667641.770919900853187 ] } },
{ "type": "Feature", "properties": { "fid": 658800.0, "CropType": "plnt", "Photo1": "DCIM/JPEG_20201216145842602.jpg", "Photo2": "DCIM/JPEG_20201216145854276.jpg", "Photo3": "DCIM/JPEG_20201216145910365.jpg", "Photo4": "DCIM/JPEG_20201216145919547.jpg", "Irrigation": "FALSE", "District": "KWAE", "Region": "EAST", "Zone": "deci", "Date": "2020-12-16", "Technician": "CADO", "layer": "empointday4", "path": "C:\\Users\\caro\\Desktop\\eartern region\\emmaday4\\empointday4.shp" }, "geometry": { "type": "Point", "coordinates": [ -109060.96304041732219, 662726.497155043296516 ] } },
{ "type": "Feature", "properties": { "fid": 663100.0, "CropType": "cass", "Photo1": "DCIM/JPEG_20201216112732888.jpg", "Photo2": "DCIM/JPEG_20201216112741766.jpg", "Photo3": "DCIM/JPEG_20201216112751276.jpg", "Photo4": "DCIM/JPEG_20201216112800073.jpg", "Irrigation": "FALSE", "District": "KWAE", "Region": "EAST", "Zone": "deci", "Date": "2020-12-16", "Technician": "CADO", "layer": "empointday4", "path": "C:\\Users\\caro\\Desktop\\eartern region\\emmaday4\\empointday4.shp" }, "geometry": { "type": "Point", "coordinates": [ -92541.108305288813426, 673858.22689441672992 ] } },
{ "type": "Feature", "properties": { "fid": 663200.0, "CropType": "plnt", "Photo1": "DCIM/JPEG_20201216113136287.jpg", "Photo2": "DCIM/JPEG_20201216113144729.jpg", "Photo3": "DCIM/JPEG_20201216113157259.jpg", "Photo4": "DCIM/JPEG_20201216113208047.jpg", "Irrigation": "FALSE", "District": "KWAE", "Region": "EAST", "Zone": "deci", "Date": "2020-12-16", "Technician": "CADO", "layer": "empointday4", "path": "C:\\Users\\caro\\Desktop\\eartern region\\emmaday4\\empointday4.shp" }, "geometry": { "type": "Point", "coordinates": [ -91781.784700247677392, 671804.788195580127649 ] } },
{ "type": "Feature", "properties": { "fid": 663400.0, "CropType": "plnt", "Photo1": "DCIM/JPEG_20201216114505591.jpg", "Photo2": "DCIM/JPEG_20201216114514738.jpg", "Photo3": "DCIM/JPEG_20201216114524209.jpg", "Photo4": "DCIM/JPEG_20201216114532702.jpg", "Irrigation": "FALSE", "District": "KWAE", "Region": "EAST", "Zone": "deci", "Date": "2020-12-16", "Technician": "CADO", "layer": "empointday4", "path": "C:\\Users\\caro\\Desktop\\eartern region\\emmaday4\\empointday4.shp" }, "geometry": { "type": "Point", "coordinates": [ -95667.325847888598219, 673642.448006098624319 ] } },
{ "type": "Feature", "properties": { "fid": 663401.0, "CropType": "plnt", "Photo1": "DCIM/JPEG_20201216120414527.jpg", "Photo2": "DCIM/JPEG_20201216120430533.jpg", "Photo3": "DCIM/JPEG_20201216120441728.jpg", "Photo4": "DCIM/JPEG_20201216120456322.jpg", "Irrigation": "FALSE", "District": "KWAE", "Region": "EAST", "Zone": "deci", "Date": "2020-12-16", "Technician": "CADO", "layer": "empointday4", "path": "C:\\Users\\caro\\Desktop\\eartern region\\emmaday4\\empointday4.shp" }, "geometry": { "type": "Point", "coordinates": [ -89937.741713021488977, 672470.380443269386888 ] } },
{ "type": "Feature", "properties": { "fid": 663500.0, "CropType": "oilp", "Photo1": "DCIM/JPEG_20201216122814548.jpg", "Photo2": "DCIM/JPEG_20201216122829510.jpg", "Photo3": "DCIM/JPEG_20201216122851343.jpg", "Photo4": "DCIM/JPEG_20201216122902732.jpg", "Irrigation": "FALSE", "District": "KWAE", "Region": "EAST", "Zone": "deci", "Date": "2020-12-16", "Technician": "CADO", "layer": "empointday4", "path": "C:\\Users\\caro\\Desktop\\eartern region\\emmaday4\\empointday4.shp" }, "geometry": { "type": "Point", "coordinates": [ -93597.605970169446664, 674190.16861880698707 ] } },
{ "type": "Feature", "properties": { "fid": 663700.0, "CropType": "rubb", "Photo1": "DCIM/JPEG_20201216121747055.jpg", "Photo2": "DCIM/JPEG_20201216121759358.jpg", "Photo3": "DCIM/JPEG_20201216121812028.jpg", "Photo4": "DCIM/JPEG_20201216121821557.jpg", "Irrigation": "FALSE", "District": "KWAE", "Region": "EAST", "Zone": "deci", "Date": "2020-12-16", "Technician": "CADO", "layer": "empointday4", "path": "C:\\Users\\caro\\Desktop\\eartern region\\emmaday4\\empointday4.shp" }, "geometry": { "type": "Point", "coordinates": [ -92709.546940002517658, 670736.741932643228211 ] } },
{ "type": "Feature", "properties": { "fid": 667800.0, "CropType": "coco", "Photo1": "DCIM/JPEG_20201216152444473.jpg", "Photo2": "DCIM/JPEG_20201216152453857.jpg", "Photo3": "DCIM/JPEG_20201216152503866.jpg", "Photo4": "DCIM/JPEG_20201216152513583.jpg", "Irrigation": "FALSE", "District": "KWAE", "Region": "EAST", "Zone": "deci", "Date": "2020-12-16", "Technician": "CADO", "layer": "empointday4", "path": "C:\\Users\\caro\\Desktop\\eartern region\\emmaday4\\empointday4.shp" }, "geometry": { "type": "Point", "coordinates": [ -109306.544969055583351, 663897.146677319775335 ] } },
{ "type": "Feature", "properties": { "fid": 669580.0, "CropType": "plnt", "Photo1": "DCIM/JPEG_20201216145136021.jpg", "Photo2": "DCIM/JPEG_20201216145144881.jpg", "Photo3": "DCIM/JPEG_20201216145156610.jpg", "Photo4": "DCIM/JPEG_20201216145206252.jpg", "Irrigation": "FALSE", "District": "KWAE", "Region": "EAST", "Zone": "deci", "Date": "2020-12-16", "Technician": "CADO", "layer": "empointday4", "path": "C:\\Users\\caro\\Desktop\\eartern region\\emmaday4\\empointday4.shp" }, "geometry": { "type": "Point", "coordinates": [ -108895.762689689741819, 663951.863660920411348 ] } },
{ "type": "Feature", "properties": { "fid": 695800.0, "CropType": "oilp", "Photo1": "DCIM/JPEG_20201216163004929.jpg", "Photo2": "DCIM/JPEG_20201216163014582.jpg", "Photo3": "DCIM/JPEG_20201216163033342.jpg", "Photo4": "DCIM/JPEG_20201216163047257.jpg", "Irrigation": "FALSE", "District": "KWAE", "Region": "EAST", "Zone": "deci", "Date": "2020-12-16", "Technician": "CADO", "layer": "empointday4", "path": "C:\\Users\\caro\\Desktop\\eartern region\\emmaday4\\empointday4.shp" }, "geometry": { "type": "Point", "coordinates": [ -124160.402223724566284, 676948.612556995474733 ] } },
{ "type": "Feature", "properties": { "fid": 6658000.0, "CropType": "oilp", "Photo1": "DCIM/JPEG_20201216140359278.jpg", "Photo2": "DCIM/JPEG_20201216140421666.jpg", "Photo3": "DCIM/JPEG_20201216140440416.jpg", "Photo4": "DCIM/JPEG_20201216140451483.jpg", "Irrigation": "FALSE", "District": "KWAE", "Region": "EAST", "Zone": "deci", "Date": "2020-12-16", "Technician": "CADO", "layer": "empointday4", "path": "C:\\Users\\caro\\Desktop\\eartern region\\emmaday4\\empointday4.shp" }, "geometry": { "type": "Point", "coordinates": [ -103046.916418360880925, 668076.845195729983971 ] } },
{ "type": "Feature", "properties": { "fid": 6659000.0, "CropType": "cass", "Photo1": "DCIM/JPEG_20201216141915661.jpg", "Photo2": "DCIM/JPEG_20201216141924955.jpg", "Photo3": "DCIM/JPEG_20201216141933372.jpg", "Photo4": "DCIM/JPEG_20201216141942033.jpg", "Irrigation": "FALSE", "District": "KWAE", "Region": "EAST", "Zone": "deci", "Date": "2020-12-16", "Technician": "CADO", "layer": "empointday4", "path": "C:\\Users\\caro\\Desktop\\eartern region\\emmaday4\\empointday4.shp" }, "geometry": { "type": "Point", "coordinates": [ -106263.786988288731663, 668306.773711317102425 ] } },
{ "type": "Feature", "properties": { "fid": 6955800.0, "CropType": "rice", "Photo1": "DCIM/JPEG_20201216155502959.jpg", "Photo2": "DCIM/JPEG_20201216155513048.jpg", "Photo3": "DCIM/JPEG_20201216155525316.jpg", "Photo4": "DCIM/JPEG_20201216155534629.jpg", "Irrigation": "FALSE", "District": "KWAE", "Region": "EAST", "Zone": "deci", "Date": "2020-12-16", "Technician": "CADO", "layer": "empointday4", "path": "C:\\Users\\caro\\Desktop\\eartern region\\emmaday4\\empointday4.shp" }, "geometry": { "type": "Point", "coordinates": [ -115405.961395405014628, 669549.575718554202467 ] } },
{ "type": "Feature", "properties": { "fid": 6224.0, "CropType": "oilp", "Photo1": "DCIM/JPEG_20201217101958356.jpg", "Photo2": "DCIM/JPEG_20201217102010319.jpg", "Photo3": "DCIM/JPEG_20201217102019106.jpg", "Photo4": "DCIM/JPEG_20201217102029366.jpg", "Irrigation": "FALSE", "District": "KWAE", "Region": "EAST", "Zone": "deci", "Date": "2020-12-17", "Technician": "CADO", "layer": "capointday5", "path": "C:\\Users\\caro\\Desktop\\eartern region\\caroday5\\capointday5.shp" }, "geometry": { "type": "Point", "coordinates": [ -115199.438878629778628, 662019.490168477292173 ] } },
{ "type": "Feature", "properties": { "fid": 60093.0, "CropType": "oilp", "Photo1": "DCIM/JPEG_20201217094616398.jpg", "Photo2": "DCIM/JPEG_20201217094630457.jpg", "Photo3": "DCIM/JPEG_20201217094646972.jpg", "Photo4": "DCIM/JPEG_20201217094702713.jpg", "Irrigation": "FALSE", "District": "KWAE", "Region": "EAST", "Zone": "deci", "Date": "2020-12-17", "Technician": "CADO", "layer": "capointday5", "path": "C:\\Users\\caro\\Desktop\\eartern region\\caroday5\\capointday5.shp" }, "geometry": { "type": "Point", "coordinates": [ -107619.598273625771981, 667928.748721511452459 ] } },
{ "type": "Feature", "properties": { "fid": 60094.0, "CropType": "coco", "Photo1": "DCIM/JPEG_20201217103035582.jpg", "Photo2": "DCIM/JPEG_20201217103047744.jpg", "Photo3": "DCIM/JPEG_20201217103058009.jpg", "Photo4": "DCIM/JPEG_20201217103110005.jpg", "Irrigation": "FALSE", "District": "KWAE", "Region": "EAST", "Zone": "deci", "Date": "2020-12-17", "Technician": "CADO", "layer": "capointday5", "path": "C:\\Users\\caro\\Desktop\\eartern region\\caroday5\\capointday5.shp" }, "geometry": { "type": "Point", "coordinates": [ -114479.300105416521546, 663732.935207227710634 ] } },
{ "type": "Feature", "properties": { "fid": 60095.0, "CropType": "cnut", "Photo1": "DCIM/JPEG_20201217103531905.jpg", "Photo2": "DCIM/JPEG_20201217103543737.jpg", "Photo3": "DCIM/JPEG_20201217103554038.jpg", "Photo4": "DCIM/JPEG_20201217103605004.jpg", "Irrigation": "FALSE", "District": "KWAE", "Region": "EAST", "Zone": "deci", "Date": "2020-12-17", "Technician": "PALA", "layer": "capointday5", "path": "C:\\Users\\caro\\Desktop\\eartern region\\caroday5\\capointday5.shp" }, "geometry": { "type": "Point", "coordinates": [ -114229.400835856809863, 664231.385368830291554 ] } },
{ "type": "Feature", "properties": { "fid": 60097.0, "CropType": "plnt", "Photo1": "DCIM/JPEG_20201217111157389.jpg", "Photo2": "DCIM/JPEG_20201217111214132.jpg", "Photo3": "DCIM/JPEG_20201217111229033.jpg", "Photo4": "DCIM/JPEG_20201217111241159.jpg", "Irrigation": "FALSE", "District": "KWAE", "Region": "EAST", "Zone": "deci", "Date": "2020-12-17", "Technician": null, "layer": "capointday5", "path": "C:\\Users\\caro\\Desktop\\eartern region\\caroday5\\capointday5.shp" }, "geometry": { "type": "Point", "coordinates": [ -118251.904661125285202, 668262.408700692467391 ] } },
{ "type": "Feature", "properties": { "fid": 60098.0, "CropType": "maiz", "Photo1": "DCIM/JPEG_20201217112559642.jpg", "Photo2": "DCIM/JPEG_20201217112609248.jpg", "Photo3": "DCIM/JPEG_20201217112620480.jpg", "Photo4": "DCIM/JPEG_20201217112630111.jpg", "Irrigation": "FALSE", "District": "KWAE", "Region": "EAST", "Zone": "deci", "Date": "2020-12-17", "Technician": "CADO", "layer": "capointday5", "path": "C:\\Users\\caro\\Desktop\\eartern region\\caroday5\\capointday5.shp" }, "geometry": { "type": "Point", "coordinates": [ -119588.148577434680192, 664933.397188018891029 ] } },
{ "type": "Feature", "properties": { "fid": 60099.0, "CropType": "maiz", "Photo1": "DCIM/JPEG_20201217113336298.jpg", "Photo2": "DCIM/JPEG_20201217113347823.jpg", "Photo3": "DCIM/JPEG_20201217113357930.jpg", "Photo4": "DCIM/JPEG_20201217113409439.jpg", "Irrigation": "FALSE", "District": "KWAE", "Region": "EAST", "Zone": "deci", "Date": "2020-12-17", "Technician": "CADO", "layer": "capointday5", "path": "C:\\Users\\caro\\Desktop\\eartern region\\caroday5\\capointday5.shp" }, "geometry": { "type": "Point", "coordinates": [ -119200.921873385334038, 666761.815911240759306 ] } },
{ "type": "Feature", "properties": { "fid": 60100.0, "CropType": "cass", "Photo1": "DCIM/JPEG_20201217113607701.jpg", "Photo2": "DCIM/JPEG_20201217113618172.jpg", "Photo3": "DCIM/JPEG_20201217113627897.jpg", "Photo4": "DCIM/JPEG_20201217113638693.jpg", "Irrigation": "FALSE", "District": "KWAE", "Region": "EAST", "Zone": "deci", "Date": "2020-12-17", "Technician": "CADO", "layer": "capointday5", "path": "C:\\Users\\caro\\Desktop\\eartern region\\caroday5\\capointday5.shp" }, "geometry": { "type": "Point", "coordinates": [ -119234.59787467654678, 666778.097751995082945 ] } },
{ "type": "Feature", "properties": { "fid": 60101.0, "CropType": "coco", "Photo1": "DCIM/JPEG_20201217114355111.jpg", "Photo2": "DCIM/JPEG_20201217114410918.jpg", "Photo3": "DCIM/JPEG_20201217114422635.jpg", "Photo4": "DCIM/JPEG_20201217114434178.jpg", "Irrigation": "FALSE", "District": "KWAE", "Region": "EAST", "Zone": "deci", "Date": "2020-12-17", "Technician": "CADO", "layer": "capointday5", "path": "C:\\Users\\caro\\Desktop\\eartern region\\caroday5\\capointday5.shp" }, "geometry": { "type": "Point", "coordinates": [ -122590.338767239532899, 666288.058773306082003 ] } },
{ "type": "Feature", "properties": { "fid": 60105.0, "CropType": "plnt", "Photo1": "DCIM/JPEG_20201217122847567.jpg", "Photo2": "DCIM/JPEG_20201217122859986.jpg", "Photo3": "DCIM/JPEG_20201217122911384.jpg", "Photo4": "DCIM/JPEG_20201217122927231.jpg", "Irrigation": "FALSE", "District": "KWAE", "Region": "EAST", "Zone": "deci", "Date": "2020-12-17", "Technician": "CADO", "layer": "capointday5", "path": "C:\\Users\\caro\\Desktop\\eartern region\\caroday5\\capointday5.shp" }, "geometry": { "type": "Point", "coordinates": [ -127905.438136475015199, 664047.267433102824725 ] } },
{ "type": "Feature", "properties": { "fid": 60106.0, "CropType": "rubb", "Photo1": "DCIM/JPEG_20201217124506325.jpg", "Photo2": "DCIM/JPEG_20201217124523165.jpg", "Photo3": "DCIM/JPEG_20201217124537191.jpg", "Photo4": "DCIM/JPEG_20201217124601620.jpg", "Irrigation": "FALSE", "District": "KWAE", "Region": "EAST", "Zone": "deci", "Date": "2020-12-17", "Technician": "CADO", "layer": "capointday5", "path": "C:\\Users\\caro\\Desktop\\eartern region\\caroday5\\capointday5.shp" }, "geometry": { "type": "Point", "coordinates": [ -124884.533284945777268, 667559.478230783715844 ] } },
{ "type": "Feature", "properties": { "fid": 60111.0, "CropType": "cass", "Photo1": "DCIM/JPEG_20201217135223360.jpg", "Photo2": "DCIM/JPEG_20201217135237308.jpg", "Photo3": "DCIM/JPEG_20201217135248110.jpg", "Photo4": "DCIM/JPEG_20201217135258358.jpg", "Irrigation": "FALSE", "District": "KWAE", "Region": "EAST", "Zone": "deci", "Date": "2020-12-17", "Technician": "CADO", "layer": "capointday5", "path": "C:\\Users\\caro\\Desktop\\eartern region\\caroday5\\capointday5.shp" }, "geometry": { "type": "Point", "coordinates": [ -128125.205075200748979, 672683.752573993988335 ] } },
{ "type": "Feature", "properties": { "fid": 60112.0, "CropType": "plnt", "Photo1": "DCIM/JPEG_20201217135814038.jpg", "Photo2": "DCIM/JPEG_20201217135827771.jpg", "Photo3": "DCIM/JPEG_20201217135837428.jpg", "Photo4": "DCIM/JPEG_20201217135846288.jpg", "Irrigation": "FALSE", "District": "KWAE", "Region": "EAST", "Zone": "deci", "Date": "2020-12-17", "Technician": "CADO", "layer": "capointday5", "path": "C:\\Users\\caro\\Desktop\\eartern region\\caroday5\\capointday5.shp" }, "geometry": { "type": "Point", "coordinates": [ -128989.12410272291163, 674239.633928484283388 ] } },
{ "type": "Feature", "properties": { "fid": 60113.0, "CropType": "oilp", "Photo1": "DCIM/JPEG_20201217140604515.jpg", "Photo2": "DCIM/JPEG_20201217140617841.jpg", "Photo3": "DCIM/JPEG_20201217140628484.jpg", "Photo4": "DCIM/JPEG_20201217140638245.jpg", "Irrigation": "FALSE", "District": "KWAE", "Region": "EAST", "Zone": "deci", "Date": "2020-12-17", "Technician": "CADO", "layer": "capointday5", "path": "C:\\Users\\caro\\Desktop\\eartern region\\caroday5\\capointday5.shp" }, "geometry": { "type": "Point", "coordinates": [ -130659.116839706708561, 675395.76948901580181 ] } },
{ "type": "Feature", "properties": { "fid": 60117.0, "CropType": "rice", "Photo1": "DCIM/JPEG_20201217150253413.jpg", "Photo2": "DCIM/JPEG_20201217150306419.jpg", "Photo3": "DCIM/JPEG_20201217150317282.jpg", "Photo4": "DCIM/JPEG_20201217150330896.jpg", "Irrigation": "FALSE", "District": "KWAE", "Region": "EAST", "Zone": "deci", "Date": "2020-12-17", "Technician": null, "layer": "capointday5", "path": "C:\\Users\\caro\\Desktop\\eartern region\\caroday5\\capointday5.shp" }, "geometry": { "type": "Point", "coordinates": [ -122304.522263976818067, 674554.29267784813419 ] } },
{ "type": "Feature", "properties": { "fid": 60119.0, "CropType": "oilp", "Photo1": "DCIM/JPEG_20201217152137293.jpg", "Photo2": "DCIM/JPEG_20201217152149597.jpg", "Photo3": "DCIM/JPEG_20201217152201250.jpg", "Photo4": "DCIM/JPEG_20201217152216313.jpg", "Irrigation": "FALSE", "District": "KWAE", "Region": "EAST", "Zone": "deci", "Date": "2020-12-17", "Technician": "CADO", "layer": "capointday5", "path": "C:\\Users\\caro\\Desktop\\eartern region\\caroday5\\capointday5.shp" }, "geometry": { "type": "Point", "coordinates": [ -125335.382788633971359, 672672.474702079896815 ] } },
{ "type": "Feature", "properties": { "fid": 60120.0, "CropType": "plnt", "Photo1": "DCIM/JPEG_20201217152736567.jpg", "Photo2": "DCIM/JPEG_20201217152803187.jpg", "Photo3": "DCIM/JPEG_20201217152812236.jpg", "Photo4": "DCIM/JPEG_20201217152826452.jpg", "Irrigation": "FALSE", "District": "KWAE", "Region": "EAST", "Zone": "deci", "Date": "2020-12-17", "Technician": "CADO", "layer": "capointday5", "path": "C:\\Users\\caro\\Desktop\\eartern region\\caroday5\\capointday5.shp" }, "geometry": { "type": "Point", "coordinates": [ -126338.735044349523378, 671846.080112012568861 ] } },
{ "type": "Feature", "properties": { "fid": 69000.0, "CropType": "rice", "Photo1": "DCIM/JPEG_20201217152149533.jpg", "Photo2": "DCIM/JPEG_20201217152201244.jpg", "Photo3": "DCIM/JPEG_20201217152212489.jpg", "Photo4": "DCIM/JPEG_20201217152221610.jpg", "Irrigation": "FALSE", "District": "KWAE", "Region": "EAST", "Zone": "deci", "Date": "2020-12-17", "Technician": "CADO", "layer": "empointday5", "path": "C:\\Users\\caro\\Desktop\\eartern region\\emmaday5\\empointday5.shp" }, "geometry": { "type": "Point", "coordinates": [ -125369.056934597552754, 672661.537500392645597 ] } },
{ "type": "Feature", "properties": { "fid": 620000.0, "CropType": "plnt", "Photo1": "DCIM/JPEG_20201217132444057.jpg", "Photo2": "DCIM/JPEG_20201217132454718.jpg", "Photo3": "DCIM/JPEG_20201217132506148.jpg", "Photo4": "DCIM/JPEG_20201217132518166.jpg", "Irrigation": "FALSE", "District": "KWAE", "Region": "EAST", "Zone": "deci", "Date": "2020-12-17", "Technician": "CADO", "layer": "empointday5", "path": "C:\\Users\\caro\\Desktop\\eartern region\\emmaday5\\empointday5.shp" }, "geometry": { "type": "Point", "coordinates": [ -129581.122639023669763, 670975.352161476388574 ] } },
{ "type": "Feature", "properties": { "fid": 658000.0, "CropType": "rice", "Photo1": "DCIM/JPEG_20201217133022224.jpg", "Photo2": "DCIM/JPEG_20201217133108473.jpg", "Photo3": "DCIM/JPEG_20201217133119450.jpg", "Photo4": "DCIM/JPEG_20201217133130434.jpg", "Irrigation": "FALSE", "District": "KWAE", "Region": "EAST", "Zone": "deci", "Date": "2020-12-17", "Technician": "CADO", "layer": "empointday5", "path": "C:\\Users\\caro\\Desktop\\eartern region\\emmaday5\\empointday5.shp" }, "geometry": { "type": "Point", "coordinates": [ -129984.759320275523351, 671194.963231100933626 ] } },
{ "type": "Feature", "properties": { "fid": 678000.0, "CropType": "coco", "Photo1": "DCIM/JPEG_20201217151346880.jpg", "Photo2": "DCIM/JPEG_20201217151401041.jpg", "Photo3": "DCIM/JPEG_20201217151413480.jpg", "Photo4": "DCIM/JPEG_20201217151426798.jpg", "Irrigation": "FALSE", "District": "KWAE", "Region": "EAST", "Zone": "deci", "Date": "2020-12-17", "Technician": "CADO", "layer": "empointday5", "path": "C:\\Users\\caro\\Desktop\\eartern region\\emmaday5\\empointday5.shp" }, "geometry": { "type": "Point", "coordinates": [ -123792.339912147464929, 673292.460023612948135 ] } },
{ "type": "Feature", "properties": { "fid": 690000.0, "CropType": "rice", "Photo1": "DCIM/JPEG_20201217135255487.jpg", "Photo2": "DCIM/JPEG_20201217135309566.jpg", "Photo3": "DCIM/JPEG_20201217135327522.jpg", "Photo4": "DCIM/JPEG_20201217135337129.jpg", "Irrigation": "FALSE", "District": "KWAE", "Region": "EAST", "Zone": "deci", "Date": "2020-12-17", "Technician": "CADO", "layer": "empointday5", "path": "C:\\Users\\caro\\Desktop\\eartern region\\emmaday5\\empointday5.shp" }, "geometry": { "type": "Point", "coordinates": [ -128140.657333716517314, 672647.035785924061202 ] } },
{ "type": "Feature", "properties": { "fid": 695000.0, "CropType": "plnt", "Photo1": "DCIM/JPEG_20201217152756510.jpg", "Photo2": "DCIM/JPEG_20201217152807235.jpg", "Photo3": "DCIM/JPEG_20201217152819771.jpg", "Photo4": "DCIM/JPEG_20201217152841355.jpg", "Irrigation": "FALSE", "District": "KWAE", "Region": "EAST", "Zone": "deci", "Date": "2020-12-17", "Technician": "CADO", "layer": "empointday5", "path": "C:\\Users\\caro\\Desktop\\eartern region\\emmaday5\\empointday5.shp" }, "geometry": { "type": "Point", "coordinates": [ -126831.861835316827637, 670816.544232489308342 ] } },
{ "type": "Feature", "properties": { "fid": 695400.0, "CropType": "rubb", "Photo1": "DCIM/JPEG_20201217124512428.jpg", "Photo2": "DCIM/JPEG_20201217124523940.jpg", "Photo3": "DCIM/JPEG_20201217124534134.jpg", "Photo4": "DCIM/JPEG_20201217124549821.jpg", "Irrigation": "FALSE", "District": "KWAE", "Region": "EAST", "Zone": "deci", "Date": "2020-12-17", "Technician": "CADO", "layer": "empointday5", "path": "C:\\Users\\caro\\Desktop\\eartern region\\emmaday5\\empointday5.shp" }, "geometry": { "type": "Point", "coordinates": [ -125730.411133662550128, 668339.971377210342325 ] } },
{ "type": "Feature", "properties": { "fid": 698000.0, "CropType": "rice", "Photo1": "DCIM/JPEG_20201217150314218.jpg", "Photo2": "DCIM/JPEG_20201217150323725.jpg", "Photo3": "DCIM/JPEG_20201217150334315.jpg", "Photo4": "DCIM/JPEG_20201217150345806.jpg", "Irrigation": "FALSE", "District": "KWAE", "Region": "EAST", "Zone": "deci", "Date": "2020-12-17", "Technician": "CADO", "layer": "empointday5", "path": "C:\\Users\\caro\\Desktop\\eartern region\\emmaday5\\empointday5.shp" }, "geometry": { "type": "Point", "coordinates": [ -122304.112979316530982, 674552.385921575827524 ] } },
{ "type": "Feature", "properties": { "fid": 698500.0, "CropType": "coco", "Photo1": "DCIM/JPEG_20201217103040779.jpg", "Photo2": "DCIM/JPEG_20201217103051240.jpg", "Photo3": "DCIM/JPEG_20201217103101280.jpg", "Photo4": "DCIM/JPEG_20201217103111149.jpg", "Irrigation": "FALSE", "District": "NKOR", "Region": "EAST", "Zone": "deci", "Date": "2020-12-17", "Technician": "CADO", "layer": "empointday5", "path": "C:\\Users\\caro\\Desktop\\eartern region\\emmaday5\\empointday5.shp" }, "geometry": { "type": "Point", "coordinates": [ -114487.700274189133779, 663740.405307707842439 ] } },
{ "type": "Feature", "properties": { "fid": 698800.0, "CropType": "rice", "Photo1": "DCIM/JPEG_20201217094727911.jpg", "Photo2": "DCIM/JPEG_20201217094737845.jpg", "Photo3": "DCIM/JPEG_20201217094748050.jpg", "Photo4": "DCIM/JPEG_20201217094802493.jpg", "Irrigation": "FALSE", "District": "KWAE", "Region": "EAST", "Zone": "deci", "Date": "2020-12-17", "Technician": "CADO", "layer": "empointday5", "path": "C:\\Users\\caro\\Desktop\\eartern region\\emmaday5\\empointday5.shp" }, "geometry": { "type": "Point", "coordinates": [ -107633.364041855442338, 667881.984198302146979 ] } },
{ "type": "Feature", "properties": { "fid": 6580000.0, "CropType": "oilp", "Photo1": "DCIM/JPEG_20201217131312902.jpg", "Photo2": "DCIM/JPEG_20201217131324594.jpg", "Photo3": "DCIM/JPEG_20201217131333368.jpg", "Photo4": "DCIM/JPEG_20201217131342095.jpg", "Irrigation": "FALSE", "District": "KWAE", "Region": "EAST", "Zone": "deci", "Date": "2020-12-17", "Technician": "CADO", "layer": "empointday5", "path": "C:\\Users\\caro\\Desktop\\eartern region\\emmaday5\\empointday5.shp" }, "geometry": { "type": "Point", "coordinates": [ -128288.083301349863177, 670704.177636506501585 ] } },
{ "type": "Feature", "properties": { "fid": 6900000.0, "CropType": "plnt", "Photo1": "DCIM/JPEG_20201217141632416.jpg", "Photo2": "DCIM/JPEG_20201217141643410.jpg", "Photo3": "DCIM/JPEG_20201217141651782.jpg", "Photo4": "DCIM/JPEG_20201217141706022.jpg", "Irrigation": "FALSE", "District": "KWAE", "Region": "EAST", "Zone": "deci", "Date": "2020-12-17", "Technician": "CADO", "layer": "empointday5", "path": "C:\\Users\\caro\\Desktop\\eartern region\\emmaday5\\empointday5.shp" }, "geometry": { "type": "Point", "coordinates": [ -129065.399475684767822, 676695.071994023863226 ] } },
{ "type": "Feature", "properties": { "fid": 6950000.0, "CropType": "cnut", "Photo1": "DCIM/JPEG_20201217125747345.jpg", "Photo2": "DCIM/JPEG_20201217125759037.jpg", "Photo3": "DCIM/JPEG_20201217125809028.jpg", "Photo4": "DCIM/JPEG_20201217125821077.jpg", "Irrigation": "FALSE", "District": "KWAE", "Region": "EAST", "Zone": "deci", "Date": "2020-12-17", "Technician": "CADO", "layer": "empointday5", "path": "C:\\Users\\caro\\Desktop\\eartern region\\emmaday5\\empointday5.shp" }, "geometry": { "type": "Point", "coordinates": [ -127409.711293269239832, 670729.370973809040152 ] } },
{ "type": "Feature", "properties": { "fid": 6958000.0, "CropType": "maiz", "Photo1": "DCIM/JPEG_20201217112544740.jpg", "Photo2": "DCIM/JPEG_20201217112554305.jpg", "Photo3": "DCIM/JPEG_20201217112607459.jpg", "Photo4": "DCIM/JPEG_20201217112616287.jpg", "Irrigation": "FALSE", "District": "KWAE", "Region": "EAST", "Zone": "deci", "Date": "2020-12-17", "Technician": "CADO", "layer": "empointday5", "path": "C:\\Users\\caro\\Desktop\\eartern region\\emmaday5\\empointday5.shp" }, "geometry": { "type": "Point", "coordinates": [ -119590.669221773132449, 664926.817492148489691 ] } },
{ "type": "Feature", "properties": { "fid": 6970000.0, "CropType": "cnut", "Photo1": "DCIM/JPEG_20201217143738291.jpg", "Photo2": "DCIM/JPEG_20201217143748766.jpg", "Photo3": "DCIM/JPEG_20201217143802334.jpg", "Photo4": "DCIM/JPEG_20201217143818317.jpg", "Irrigation": "FALSE", "District": "KWAE", "Region": "EAST", "Zone": "deci", "Date": "2020-12-17", "Technician": "CADO", "layer": "empointday5", "path": "C:\\Users\\caro\\Desktop\\eartern region\\emmaday5\\empointday5.shp" }, "geometry": { "type": "Point", "coordinates": [ -126523.756201478419825, 678610.849169492605142 ] } },
{ "type": "Feature", "properties": { "fid": 6980000.0, "CropType": "cnut", "Photo1": "DCIM/JPEG_20201217142312468.jpg", "Photo2": "DCIM/JPEG_20201217142331092.jpg", "Photo3": "DCIM/JPEG_20201217142342723.jpg", "Photo4": "DCIM/JPEG_20201217142356113.jpg", "Irrigation": "FALSE", "District": "KWAE", "Region": "EAST", "Zone": "deci", "Date": "2020-12-17", "Technician": "CADO", "layer": "empointday5", "path": "C:\\Users\\caro\\Desktop\\eartern region\\emmaday5\\empointday5.shp" }, "geometry": { "type": "Point", "coordinates": [ -128378.090675631043268, 677451.292845628573559 ] } },
{ "type": "Feature", "properties": { "fid": 6985000.0, "CropType": "plnt", "Photo1": "DCIM/JPEG_20201217111209377.jpg", "Photo2": "DCIM/JPEG_20201217111222703.jpg", "Photo3": "DCIM/JPEG_20201217111234482.jpg", "Photo4": "DCIM/JPEG_20201217111245622.jpg", "Irrigation": "FALSE", "District": "KWAE", "Region": "EAST", "Zone": "deci", "Date": "2020-12-17", "Technician": "CADO", "layer": "empointday5", "path": "C:\\Users\\caro\\Desktop\\eartern region\\emmaday5\\empointday5.shp" }, "geometry": { "type": "Point", "coordinates": [ -118250.765491668484174, 668261.900533688487485 ] } },
{ "type": "Feature", "properties": { "fid": 67080000.0, "CropType": "rice", "Photo1": "DCIM/JPEG_20201217143117560.jpg", "Photo2": "DCIM/JPEG_20201217143134384.jpg", "Photo3": "DCIM/JPEG_20201217143146381.jpg", "Photo4": "DCIM/JPEG_20201217143202134.jpg", "Irrigation": "FALSE", "District": "KWAE", "Region": "EAST", "Zone": "deci", "Date": "2020-12-17", "Technician": "CADO", "layer": "empointday5", "path": "C:\\Users\\caro\\Desktop\\eartern region\\emmaday5\\empointday5.shp" }, "geometry": { "type": "Point", "coordinates": [ -126905.371661062919884, 678311.538834281498566 ] } },
{ "type": "Feature", "properties": { "fid": 69558000.0, "CropType": "oilp", "Photo1": "DCIM/JPEG_20201217101953752.jpg", "Photo2": "DCIM/JPEG_20201217102004026.jpg", "Photo3": "DCIM/JPEG_20201217102018623.jpg", "Photo4": "DCIM/JPEG_20201217102029363.jpg", "Irrigation": "FALSE", "District": "KWAE", "Region": "EAST", "Zone": "deci", "Date": "2020-12-17", "Technician": "CADO", "layer": "empointday5", "path": "C:\\Users\\caro\\Desktop\\eartern region\\emmaday5\\empointday5.shp" }, "geometry": { "type": "Point", "coordinates": [ -115207.192652230674867, 662020.752249363227747 ] } },
{ "type": "Feature", "properties": { "fid": 69580000.0, "CropType": "cnut", "Photo1": "DCIM/JPEG_20201217103543831.jpg", "Photo2": "DCIM/JPEG_20201217103552625.jpg", "Photo3": "DCIM/JPEG_20201217103605212.jpg", "Photo4": "DCIM/JPEG_20201217103615527.jpg", "Irrigation": "FALSE", "District": "KWAE", "Region": "EAST", "Zone": "deci", "Date": "2020-12-17", "Technician": "CADO", "layer": "empointday5", "path": "C:\\Users\\caro\\Desktop\\eartern region\\emmaday5\\empointday5.shp" }, "geometry": { "type": "Point", "coordinates": [ -114255.504514320011367, 664215.072865315247327 ] } },
{ "type": "Feature", "properties": { "fid": 69580001.0, "CropType": "rice", "Photo1": "DCIM/JPEG_20201217104813949.jpg", "Photo2": "DCIM/JPEG_20201217104830056.jpg", "Photo3": "DCIM/JPEG_20201217104846782.jpg", "Photo4": "DCIM/JPEG_20201217104859823.jpg", "Irrigation": "FALSE", "District": "KWAE", "Region": "EAST", "Zone": "deci", "Date": "2020-12-17", "Technician": "CADO", "layer": "empointday5", "path": "C:\\Users\\caro\\Desktop\\eartern region\\emmaday5\\empointday5.shp" }, "geometry": { "type": "Point", "coordinates": [ -113237.810597537230933, 666772.88413001364097 ] } },
{ "type": "Feature", "properties": { "fid": 69800000.0, "CropType": "oilp", "Photo1": "DCIM/JPEG_20201217140607006.jpg", "Photo2": "DCIM/JPEG_20201217140618174.jpg", "Photo3": "DCIM/JPEG_20201217140626790.jpg", "Photo4": "DCIM/JPEG_20201217140645425.jpg", "Irrigation": "FALSE", "District": "KWAE", "Region": "EAST", "Zone": "deci", "Date": "2020-12-17", "Technician": "CADO", "layer": "empointday5", "path": "C:\\Users\\caro\\Desktop\\eartern region\\emmaday5\\empointday5.shp" }, "geometry": { "type": "Point", "coordinates": [ -130662.982223491650075, 675395.569482050719671 ] } },
{ "type": "Feature", "properties": { "fid": 658742000.0, "CropType": "oilp", "Photo1": "DCIM/JPEG_20201217122019583.jpg", "Photo2": "DCIM/JPEG_20201217122029581.jpg", "Photo3": "DCIM/JPEG_20201217122041780.jpg", "Photo4": "DCIM/JPEG_20201217122053350.jpg", "Irrigation": "FALSE", "District": "KWAE", "Region": "EAST", "Zone": "deci", "Date": "2020-12-17", "Technician": "CADO", "layer": "empointday5", "path": "C:\\Users\\caro\\Desktop\\eartern region\\emmaday5\\empointday5.shp" }, "geometry": { "type": "Point", "coordinates": [ -126605.189748577147839, 664460.252219507703558 ] } },
{ "type": "Feature", "properties": { "fid": 659800000.0, "CropType": "coco", "Photo1": "DCIM/JPEG_20201217120547935.jpg", "Photo2": "DCIM/JPEG_20201217120602347.jpg", "Photo3": "DCIM/JPEG_20201217120613232.jpg", "Photo4": "DCIM/JPEG_20201217120621755.jpg", "Irrigation": "FALSE", "District": "KWAE", "Region": "EAST", "Zone": "deci", "Date": "2020-12-17", "Technician": "CADO", "layer": "empointday5", "path": "C:\\Users\\caro\\Desktop\\eartern region\\emmaday5\\empointday5.shp" }, "geometry": { "type": "Point", "coordinates": [ -124680.118417196252267, 665505.616665091481991 ] } },
{ "type": "Feature", "properties": { "fid": 668740000.0, "CropType": "plnt", "Photo1": "DCIM/JPEG_20201217122902684.jpg", "Photo2": "DCIM/JPEG_20201217122912925.jpg", "Photo3": "DCIM/JPEG_20201217122933640.jpg", "Photo4": "DCIM/JPEG_20201217122949915.jpg", "Irrigation": "FALSE", "District": "KWAE", "Region": "EAST", "Zone": "deci", "Date": "2020-12-17", "Technician": "CADO", "layer": "empointday5", "path": "C:\\Users\\caro\\Desktop\\eartern region\\emmaday5\\empointday5.shp" }, "geometry": { "type": "Point", "coordinates": [ -127889.521675682408386, 664028.093472000793554 ] } },
{ "type": "Feature", "properties": { "fid": 695480000.0, "CropType": "maiz", "Photo1": "DCIM/JPEG_20201217115444233.jpg", "Photo2": "DCIM/JPEG_20201217115502635.jpg", "Photo3": "DCIM/JPEG_20201217115511317.jpg", "Photo4": "DCIM/JPEG_20201217115520074.jpg", "Irrigation": "FALSE", "District": "KWAE", "Region": "EAST", "Zone": "deci", "Date": "2020-12-17", "Technician": "CADO", "layer": "empointday5", "path": "C:\\Users\\caro\\Desktop\\eartern region\\emmaday5\\empointday5.shp" }, "geometry": { "type": "Point", "coordinates": [ -124569.736236515716882, 666376.976986676570959 ] } },
{ "type": "Feature", "properties": { "fid": 695800000.0, "CropType": "coco", "Photo1": "DCIM/JPEG_20201217114408912.jpg", "Photo2": "DCIM/JPEG_20201217114419002.jpg", "Photo3": "DCIM/JPEG_20201217114429573.jpg", "Photo4": "DCIM/JPEG_20201217114440834.jpg", "Irrigation": "FALSE", "District": "KWAE", "Region": "EAST", "Zone": "deci", "Date": "2020-12-17", "Technician": "CADO", "layer": "empointday5", "path": "C:\\Users\\caro\\Desktop\\eartern region\\emmaday5\\empointday5.shp" }, "geometry": { "type": "Point", "coordinates": [ -122577.23646317148814, 666256.596722134738229 ] } },
{ "type": "Feature", "properties": { "fid": 695888000.0, "CropType": "oilp", "Photo1": "DCIM/JPEG_20201217113410092.jpg", "Photo2": "DCIM/JPEG_20201217113420742.jpg", "Photo3": "DCIM/JPEG_20201217113430494.jpg", "Photo4": "DCIM/JPEG_20201217113440453.jpg", "Irrigation": "FALSE", "District": "KWAE", "Region": "EAST", "Zone": "deci", "Date": "2020-12-17", "Technician": "CADO", "layer": "empointday5", "path": "C:\\Users\\caro\\Desktop\\eartern region\\emmaday5\\empointday5.shp" }, "geometry": { "type": "Point", "coordinates": [ -118693.961780364828883, 667429.328296054154634 ] } },
{ "type": "Feature", "properties": { "fid": 698.0, "CropType": "rubb", "Photo1": "DCIM/JPEG_20201218094111033.jpg", "Photo2": "DCIM/JPEG_20201218094125398.jpg", "Photo3": "DCIM/JPEG_20201218094137923.jpg", "Photo4": "DCIM/JPEG_20201218094153105.jpg", "Irrigation": "FALSE", "District": "KWAE", "Region": "EAST", "Zone": "deci", "Date": "2020-12-18", "Technician": "CADO", "layer": "caropointdy6", "path": "C:\\Users\\caro\\Desktop\\eartern region\\caroday6\\caropointdy6.shp" }, "geometry": { "type": "Point", "coordinates": [ -108241.935452877864009, 695591.322870143805631 ] } },
{ "type": "Feature", "properties": { "fid": 60121.0, "CropType": "oilp", "Photo1": "DCIM/JPEG_20201218095027904.jpg", "Photo2": "DCIM/JPEG_20201218095038518.jpg", "Photo3": "DCIM/JPEG_20201218095046369.jpg", "Photo4": "DCIM/JPEG_20201218095055683.jpg", "Irrigation": "FALSE", "District": "KWAE", "Region": "EAST", "Zone": "deci", "Date": "2020-12-18", "Technician": null, "layer": "caropointdy6", "path": "C:\\Users\\caro\\Desktop\\eartern region\\caroday6\\caropointdy6.shp" }, "geometry": { "type": "Point", "coordinates": [ -109525.569777841650648, 694482.933975346037187 ] } },
{ "type": "Feature", "properties": { "fid": 60122.0, "CropType": "rubb", "Photo1": "DCIM/JPEG_20201218100105482.jpg", "Photo2": "DCIM/JPEG_20201218100116624.jpg", "Photo3": "DCIM/JPEG_20201218100126020.jpg", "Photo4": "DCIM/JPEG_20201218100140256.jpg", "Irrigation": "FALSE", "District": "KWAE", "Region": "EAST", "Zone": "deci", "Date": "2020-12-18", "Technician": "CADO", "layer": "caropointdy6", "path": "C:\\Users\\caro\\Desktop\\eartern region\\caroday6\\caropointdy6.shp" }, "geometry": { "type": "Point", "coordinates": [ -110915.005857502968865, 693110.776414118008688 ] } },
{ "type": "Feature", "properties": { "fid": 60123.0, "CropType": "bush", "Photo1": "DCIM/JPEG_20201218100623960.jpg", "Photo2": "DCIM/JPEG_20201218100637708.jpg", "Photo3": "DCIM/JPEG_20201218100647846.jpg", "Photo4": "DCIM/JPEG_20201218100659137.jpg", "Irrigation": "FALSE", "District": "KWAE", "Region": "EAST", "Zone": "deci", "Date": "2020-12-18", "Technician": null, "layer": "caropointdy6", "path": "C:\\Users\\caro\\Desktop\\eartern region\\caroday6\\caropointdy6.shp" }, "geometry": { "type": "Point", "coordinates": [ -112316.933839353936492, 692523.868296568631195 ] } },
{ "type": "Feature", "properties": { "fid": 60124.0, "CropType": "maiz", "Photo1": "DCIM/JPEG_20201218101249127.jpg", "Photo2": "DCIM/JPEG_20201218101259007.jpg", "Photo3": "DCIM/JPEG_20201218101309969.jpg", "Photo4": "DCIM/JPEG_20201218101318669.jpg", "Irrigation": "FALSE", "District": "KWAE", "Region": "EAST", "Zone": "deci", "Date": "2020-12-18", "Technician": "CADO", "layer": "caropointdy6", "path": "C:\\Users\\caro\\Desktop\\eartern region\\caroday6\\caropointdy6.shp" }, "geometry": { "type": "Point", "coordinates": [ -113930.726931409037206, 692270.315271019237116 ] } },
{ "type": "Feature", "properties": { "fid": 60125.0, "CropType": "oran", "Photo1": "DCIM/JPEG_20201218102031167.jpg", "Photo2": "DCIM/JPEG_20201218102052188.jpg", "Photo3": "DCIM/JPEG_20201218102104220.jpg", "Photo4": "DCIM/JPEG_20201218102118104.jpg", "Irrigation": "FALSE", "District": "KWAE", "Region": "EAST", "Zone": "deci", "Date": "2020-12-18", "Technician": null, "layer": "caropointdy6", "path": "C:\\Users\\caro\\Desktop\\eartern region\\caroday6\\caropointdy6.shp" }, "geometry": { "type": "Point", "coordinates": [ -115975.81069262107485, 690976.09783448849339 ] } },
{ "type": "Feature", "properties": { "fid": 60126.0, "CropType": "plnt", "Photo1": "DCIM/JPEG_20201218103108771.jpg", "Photo2": "DCIM/JPEG_20201218103126688.jpg", "Photo3": "DCIM/JPEG_20201218103137153.jpg", "Photo4": "DCIM/JPEG_20201218103156721.jpg", "Irrigation": "FALSE", "District": "KWAE", "Region": "EAST", "Zone": "deci", "Date": "2020-12-18", "Technician": "CADO", "layer": "caropointdy6", "path": "C:\\Users\\caro\\Desktop\\eartern region\\caroday6\\caropointdy6.shp" }, "geometry": { "type": "Point", "coordinates": [ -117349.851286705146777, 690116.415394106297754 ] } },
{ "type": "Feature", "properties": { "fid": 60127.0, "CropType": "cass", "Photo1": "DCIM/JPEG_20201218103653655.jpg", "Photo2": "DCIM/JPEG_20201218103710067.jpg", "Photo3": "DCIM/JPEG_20201218103725167.jpg", "Photo4": "DCIM/JPEG_20201218103738614.jpg", "Irrigation": "FALSE", "District": "KWAE", "Region": "EAST", "Zone": "deci", "Date": "2020-12-18", "Technician": null, "layer": "caropointdy6", "path": "C:\\Users\\caro\\Desktop\\eartern region\\caroday6\\caropointdy6.shp" }, "geometry": { "type": "Point", "coordinates": [ -117254.084984099390567, 689138.036698840442114 ] } },
{ "type": "Feature", "properties": { "fid": 60128.0, "CropType": "oilp", "Photo1": "DCIM/JPEG_20201218104422017.jpg", "Photo2": "DCIM/JPEG_20201218104433699.jpg", "Photo3": "DCIM/JPEG_20201218104443596.jpg", "Photo4": "DCIM/JPEG_20201218104453504.jpg", "Irrigation": "FALSE", "District": "KWAE", "Region": "EAST", "Zone": "deci", "Date": "2020-12-18", "Technician": "CADO", "layer": "caropointdy6", "path": "C:\\Users\\caro\\Desktop\\eartern region\\caroday6\\caropointdy6.shp" }, "geometry": { "type": "Point", "coordinates": [ -117537.44874791384791, 686982.438762880628929 ] } },
{ "type": "Feature", "properties": { "fid": 60129.0, "CropType": "cnut", "Photo1": "DCIM/JPEG_20201218104957013.jpg", "Photo2": "DCIM/JPEG_20201218105009049.jpg", "Photo3": "DCIM/JPEG_20201218105018484.jpg", "Photo4": "DCIM/JPEG_20201218105031081.jpg", "Irrigation": "FALSE", "District": "KWAE", "Region": "EAST", "Zone": "deci", "Date": "2020-12-18", "Technician": "PALA", "layer": "caropointdy6", "path": "C:\\Users\\caro\\Desktop\\eartern region\\caroday6\\caropointdy6.shp" }, "geometry": { "type": "Point", "coordinates": [ -117541.754956883640261, 686693.349275122978725 ] } },
{ "type": "Feature", "properties": { "fid": 60130.0, "CropType": "plnt", "Photo1": "DCIM/JPEG_20201218111026839.jpg", "Photo2": "DCIM/JPEG_20201218111038544.jpg", "Photo3": "DCIM/JPEG_20201218111047466.jpg", "Photo4": "DCIM/JPEG_20201218111057976.jpg", "Irrigation": "FALSE", "District": "KWAE", "Region": "EAST", "Zone": "deci", "Date": "2020-12-18", "Technician": "CADO", "layer": "caropointdy6", "path": "C:\\Users\\caro\\Desktop\\eartern region\\caroday6\\caropointdy6.shp" }, "geometry": { "type": "Point", "coordinates": [ -117494.501688365373411, 685744.305441888747737 ] } },
{ "type": "Feature", "properties": { "fid": 60131.0, "CropType": "oran", "Photo1": "DCIM/JPEG_20201218111543982.jpg", "Photo2": "DCIM/JPEG_20201218111556280.jpg", "Photo3": "DCIM/JPEG_20201218111607067.jpg", "Photo4": "DCIM/JPEG_20201218111622569.jpg", "Irrigation": "FALSE", "District": "KWAE", "Region": "EAST", "Zone": "deci", "Date": "2020-12-18", "Technician": null, "layer": "caropointdy6", "path": "C:\\Users\\caro\\Desktop\\eartern region\\caroday6\\caropointdy6.shp" }, "geometry": { "type": "Point", "coordinates": [ -118189.71231694353628, 685145.777669465285726 ] } },
{ "type": "Feature", "properties": { "fid": 60132.0, "CropType": "coco", "Photo1": "DCIM/JPEG_20201218111915035.jpg", "Photo2": "DCIM/JPEG_20201218111925884.jpg", "Photo3": "DCIM/JPEG_20201218111938158.jpg", "Photo4": "DCIM/JPEG_20201218111953146.jpg", "Irrigation": "FALSE", "District": "KWAE", "Region": "EAST", "Zone": "deci", "Date": "2020-12-18", "Technician": "CADO", "layer": "caropointdy6", "path": "C:\\Users\\caro\\Desktop\\eartern region\\caroday6\\caropointdy6.shp" }, "geometry": { "type": "Point", "coordinates": [ -118137.540582257963251, 685084.793657554197125 ] } },
{ "type": "Feature", "properties": { "fid": 60133.0, "CropType": "oilp", "Photo1": "DCIM/JPEG_20201218112337811.jpg", "Photo2": "DCIM/JPEG_20201218112348467.jpg", "Photo3": "DCIM/JPEG_20201218112400056.jpg", "Photo4": "DCIM/JPEG_20201218112414362.jpg", "Irrigation": "FALSE", "District": "KWAE", "Region": "EAST", "Zone": "deci", "Date": "2020-12-18", "Technician": null, "layer": "caropointdy6", "path": "C:\\Users\\caro\\Desktop\\eartern region\\caroday6\\caropointdy6.shp" }, "geometry": { "type": "Point", "coordinates": [ -118284.897902870638063, 684714.440423473832197 ] } },
{ "type": "Feature", "properties": { "fid": 60134.0, "CropType": "coco", "Photo1": "DCIM/JPEG_20201218113218376.jpg", "Photo2": "DCIM/JPEG_20201218113229089.jpg", "Photo3": "DCIM/JPEG_20201218113243054.jpg", "Photo4": "DCIM/JPEG_20201218113256343.jpg", "Irrigation": "FALSE", "District": "KWAE", "Region": "EAST", "Zone": "deci", "Date": "2020-12-18", "Technician": "CADO", "layer": "caropointdy6", "path": "C:\\Users\\caro\\Desktop\\eartern region\\caroday6\\caropointdy6.shp" }, "geometry": { "type": "Point", "coordinates": [ -118693.837473599953228, 682689.509794822544791 ] } },
{ "type": "Feature", "properties": { "fid": 60135.0, "CropType": "coco", "Photo1": "DCIM/JPEG_20201218113836228.jpg", "Photo2": "DCIM/JPEG_20201218113848129.jpg", "Photo3": "DCIM/JPEG_20201218113857948.jpg", "Photo4": "DCIM/JPEG_20201218113907155.jpg", "Irrigation": "FALSE", "District": "KWAE", "Region": "EAST", "Zone": "deci", "Date": "2020-12-18", "Technician": null, "layer": "caropointdy6", "path": "C:\\Users\\caro\\Desktop\\eartern region\\caroday6\\caropointdy6.shp" }, "geometry": { "type": "Point", "coordinates": [ -118903.875088829838205, 681889.951887718285434 ] } },
{ "type": "Feature", "properties": { "fid": 60136.0, "CropType": "oilp", "Photo1": "DCIM/JPEG_20201218114822496.jpg", "Photo2": "DCIM/JPEG_20201218114831772.jpg", "Photo3": "DCIM/JPEG_20201218114840031.jpg", "Photo4": "DCIM/JPEG_20201218114848742.jpg", "Irrigation": "FALSE", "District": "KWAE", "Region": "EAST", "Zone": "deci", "Date": "2020-12-18", "Technician": "CADO", "layer": "caropointdy6", "path": "C:\\Users\\caro\\Desktop\\eartern region\\caroday6\\caropointdy6.shp" }, "geometry": { "type": "Point", "coordinates": [ -118604.917319678148488, 679493.646507293917239 ] } },
{ "type": "Feature", "properties": { "fid": 60137.0, "CropType": "rice", "Photo1": "DCIM/JPEG_20201218115817108.jpg", "Photo2": "DCIM/JPEG_20201218115827171.jpg", "Photo3": "DCIM/JPEG_20201218115837316.jpg", "Photo4": "DCIM/JPEG_20201218115846598.jpg", "Irrigation": "FALSE", "District": "KWAE", "Region": "EAST", "Zone": "deci", "Date": "2020-12-18", "Technician": null, "layer": "caropointdy6", "path": "C:\\Users\\caro\\Desktop\\eartern region\\caroday6\\caropointdy6.shp" }, "geometry": { "type": "Point", "coordinates": [ -117854.106316100849654, 678164.675681373570114 ] } },
{ "type": "Feature", "properties": { "fid": 60138.0, "CropType": "maiz", "Photo1": "DCIM/JPEG_20201218120545048.jpg", "Photo2": "DCIM/JPEG_20201218120556091.jpg", "Photo3": "DCIM/JPEG_20201218120605119.jpg", "Photo4": "DCIM/JPEG_20201218120613675.jpg", "Irrigation": "FALSE", "District": "KWAE", "Region": "EAST", "Zone": "deci", "Date": "2020-12-18", "Technician": "CADO", "layer": "caropointdy6", "path": "C:\\Users\\caro\\Desktop\\eartern region\\caroday6\\caropointdy6.shp" }, "geometry": { "type": "Point", "coordinates": [ -117434.422559186597937, 677633.797483272850513 ] } },
{ "type": "Feature", "properties": { "fid": 60139.0, "CropType": "rice", "Photo1": "DCIM/JPEG_20201218121153526.jpg", "Photo2": "DCIM/JPEG_20201218121203573.jpg", "Photo3": "DCIM/JPEG_20201218121212176.jpg", "Photo4": "DCIM/JPEG_20201218121221461.jpg", "Irrigation": "FALSE", "District": "KWAE", "Region": "EAST", "Zone": "deci", "Date": "2020-12-18", "Technician": null, "layer": "caropointdy6", "path": "C:\\Users\\caro\\Desktop\\eartern region\\caroday6\\caropointdy6.shp" }, "geometry": { "type": "Point", "coordinates": [ -117483.547850471630227, 677658.989598476677202 ] } },
{ "type": "Feature", "properties": { "fid": 60140.0, "CropType": "maiz", "Photo1": "DCIM/JPEG_20201218122140702.jpg", "Photo2": "DCIM/JPEG_20201218122151562.jpg", "Photo3": "DCIM/JPEG_20201218122159247.jpg", "Photo4": "DCIM/JPEG_20201218122207426.jpg", "Irrigation": "FALSE", "District": "KWAE", "Region": "EAST", "Zone": "deci", "Date": "2020-12-18", "Technician": null, "layer": "caropointdy6", "path": "C:\\Users\\caro\\Desktop\\eartern region\\caroday6\\caropointdy6.shp" }, "geometry": { "type": "Point", "coordinates": [ -116759.668742365960497, 676211.807150140404701 ] } },
{ "type": "Feature", "properties": { "fid": 60141.0, "CropType": "rice", "Photo1": "DCIM/JPEG_20201218123223232.jpg", "Photo2": "DCIM/JPEG_20201218123235565.jpg", "Photo3": "DCIM/JPEG_20201218123244931.jpg", "Photo4": "DCIM/JPEG_20201218123255238.jpg", "Irrigation": "FALSE", "District": "KWAE", "Region": "EAST", "Zone": "deci", "Date": "2020-12-18", "Technician": "PALA", "layer": "caropointdy6", "path": "C:\\Users\\caro\\Desktop\\eartern region\\caroday6\\caropointdy6.shp" }, "geometry": { "type": "Point", "coordinates": [ -116745.228749086803873, 674951.97394482861273 ] } },
{ "type": "Feature", "properties": { "fid": 60147.0, "CropType": "rice", "Photo1": "DCIM/JPEG_20201218133507622.jpg", "Photo2": "DCIM/JPEG_20201218133522009.jpg", "Photo3": "DCIM/JPEG_20201218133533139.jpg", "Photo4": "DCIM/JPEG_20201218133543807.jpg", "Irrigation": "FALSE", "District": "KWAE", "Region": "EAST", "Zone": "deci", "Date": "2020-12-18", "Technician": "CADO", "layer": "caropointdy6", "path": "C:\\Users\\caro\\Desktop\\eartern region\\caroday6\\caropointdy6.shp" }, "geometry": { "type": "Point", "coordinates": [ -109083.33454741499736, 672052.092362943571061 ] } },
{ "type": "Feature", "properties": { "fid": 6000.0, "CropType": "rubb", "Photo1": "DCIM/JPEG_20201218094116993.jpg", "Photo2": "DCIM/JPEG_20201218094128969.jpg", "Photo3": "DCIM/JPEG_20201218094138480.jpg", "Photo4": "DCIM/JPEG_20201218094146650.jpg", "Irrigation": "FALSE", "District": "KWAE", "Region": "EAST", "Zone": "deci", "Date": "2020-12-18", "Technician": "CADO", "layer": "empointday6", "path": "C:\\Users\\caro\\Desktop\\eartern region\\emmaday6\\empointday6.shp" }, "geometry": { "type": "Point", "coordinates": [ -108251.186102565086912, 695592.472180319018662 ] } },
{ "type": "Feature", "properties": { "fid": 6100.0, "CropType": "plnt", "Photo1": "DCIM/JPEG_20201218125021731.jpg", "Photo2": "DCIM/JPEG_20201218125031009.jpg", "Photo3": "DCIM/JPEG_20201218125039039.jpg", "Photo4": "DCIM/JPEG_20201218125046715.jpg", "Irrigation": "FALSE", "District": "KWAE", "Region": "EAST", "Zone": "deci", "Date": "2020-12-18", "Technician": "CADO", "layer": "empointday6", "path": "C:\\Users\\caro\\Desktop\\eartern region\\emmaday6\\empointday6.shp" }, "geometry": { "type": "Point", "coordinates": [ -115990.892999364165007, 670798.997187308035791 ] } },
{ "type": "Feature", "properties": { "fid": 6101.0, "CropType": "plnt", "Photo1": "DCIM/JPEG_20201218134640855.jpg", "Photo2": "DCIM/JPEG_20201218134656490.jpg", "Photo3": "DCIM/JPEG_20201218134705348.jpg", "Photo4": "DCIM/JPEG_20201218134713918.jpg", "Irrigation": "FALSE", "District": "KWAE", "Region": "EAST", "Zone": "deci", "Date": "2020-12-18", "Technician": "CADO", "layer": "empointday6", "path": "C:\\Users\\caro\\Desktop\\eartern region\\emmaday6\\empointday6.shp" }, "geometry": { "type": "Point", "coordinates": [ -107815.329107895930065, 669422.716109745902941 ] } },
{ "type": "Feature", "properties": { "fid": 6200.0, "CropType": "cass", "Photo1": "DCIM/JPEG_20201218113805738.jpg", "Photo2": "DCIM/JPEG_20201218113818903.jpg", "Photo3": "DCIM/JPEG_20201218113828153.jpg", "Photo4": "DCIM/JPEG_20201218113839687.jpg", "Irrigation": "FALSE", "District": "KWAE", "Region": "EAST", "Zone": "deci", "Date": "2020-12-18", "Technician": "CADO", "layer": "empointday6", "path": "C:\\Users\\caro\\Desktop\\eartern region\\emmaday6\\empointday6.shp" }, "geometry": { "type": "Point", "coordinates": [ -118948.557248173223343, 681933.134933257009834 ] } },
{ "type": "Feature", "properties": { "fid": 61000.0, "CropType": "rice", "Photo1": "DCIM/JPEG_20201218123256005.jpg", "Photo2": "DCIM/JPEG_20201218123304583.jpg", "Photo3": "DCIM/JPEG_20201218123315392.jpg", "Photo4": "DCIM/JPEG_20201218123329463.jpg", "Irrigation": "FALSE", "District": "KWAE", "Region": "EAST", "Zone": "deci", "Date": "2020-12-18", "Technician": "CADO", "layer": "empointday6", "path": "C:\\Users\\caro\\Desktop\\eartern region\\emmaday6\\empointday6.shp" }, "geometry": { "type": "Point", "coordinates": [ -116748.999882367614191, 674956.126297921873629 ] } },
{ "type": "Feature", "properties": { "fid": 61003.0, "CropType": "plnt", "Photo1": "DCIM/JPEG_20201218132257010.jpg", "Photo2": "DCIM/JPEG_20201218132307712.jpg", "Photo3": "DCIM/JPEG_20201218132322783.jpg", "Photo4": "DCIM/JPEG_20201218132334973.jpg", "Irrigation": "FALSE", "District": "KWAE", "Region": "EAST", "Zone": "deci", "Date": "2020-12-18", "Technician": "CADO", "layer": "empointday6", "path": "C:\\Users\\caro\\Desktop\\eartern region\\emmaday6\\empointday6.shp" }, "geometry": { "type": "Point", "coordinates": [ -109770.580266428121831, 673960.508914879523218 ] } },
{ "type": "Feature", "properties": { "fid": 62000.0, "CropType": "cass", "Photo1": "DCIM/JPEG_20201218112358491.jpg", "Photo2": "DCIM/JPEG_20201218112406830.jpg", "Photo3": "DCIM/JPEG_20201218112419643.jpg", "Photo4": "DCIM/JPEG_20201218112428308.jpg", "Irrigation": "FALSE", "District": "KWAE", "Region": "EAST", "Zone": "deci", "Date": "2020-12-18", "Technician": "CADO", "layer": "empointday6", "path": "C:\\Users\\caro\\Desktop\\eartern region\\emmaday6\\empointday6.shp" }, "geometry": { "type": "Point", "coordinates": [ -118340.001421879744157, 684774.789233817136846 ] } },
{ "type": "Feature", "properties": { "fid": 62001.0, "CropType": "rice", "Photo1": "DCIM/JPEG_20201218121202215.jpg", "Photo2": "DCIM/JPEG_20201218121214645.jpg", "Photo3": "DCIM/JPEG_20201218121222561.jpg", "Photo4": "DCIM/JPEG_20201218121234061.jpg", "Irrigation": "FALSE", "District": "KWAE", "Region": "EAST", "Zone": "deci", "Date": "2020-12-18", "Technician": "CADO", "layer": "empointday6", "path": "C:\\Users\\caro\\Desktop\\eartern region\\emmaday6\\empointday6.shp" }, "geometry": { "type": "Point", "coordinates": [ -117483.920028635780909, 677654.503453297074884 ] } },
{ "type": "Feature", "properties": { "fid": 62700.0, "CropType": "maiz", "Photo1": "DCIM/JPEG_20201218122522412.jpg", "Photo2": "DCIM/JPEG_20201218122540823.jpg", "Photo3": "DCIM/JPEG_20201218122551133.jpg", "Photo4": "DCIM/JPEG_20201218122604514.jpg", "Irrigation": "FALSE", "District": "KWAE", "Region": "EAST", "Zone": "deci", "Date": "2020-12-18", "Technician": "CADO", "layer": "empointday6", "path": "C:\\Users\\caro\\Desktop\\eartern region\\emmaday6\\empointday6.shp" }, "geometry": { "type": "Point", "coordinates": [ -116773.26641816587653, 676180.792599387350492 ] } },
{ "type": "Feature", "properties": { "fid": 64001.0, "CropType": "coco", "Photo1": "DCIM/JPEG_20201218130442838.jpg", "Photo2": "DCIM/JPEG_20201218130458864.jpg", "Photo3": "DCIM/JPEG_20201218130513188.jpg", "Photo4": "DCIM/JPEG_20201218130523946.jpg", "Irrigation": "FALSE", "District": "KWAE", "Region": "EAST", "Zone": "deci", "Date": "2020-12-18", "Technician": "CADO", "layer": "empointday6", "path": "C:\\Users\\caro\\Desktop\\eartern region\\emmaday6\\empointday6.shp" }, "geometry": { "type": "Point", "coordinates": [ -111953.087939022589126, 670903.43329881655518 ] } },
{ "type": "Feature", "properties": { "fid": 65000.0, "CropType": "cnut", "Photo1": "DCIM/JPEG_20201218105011256.jpg", "Photo2": "DCIM/JPEG_20201218105021245.jpg", "Photo3": "DCIM/JPEG_20201218105031471.jpg", "Photo4": "DCIM/JPEG_20201218105043798.jpg", "Irrigation": "FALSE", "District": "KWAE", "Region": "EAST", "Zone": "deci", "Date": "2020-12-18", "Technician": "CADO", "layer": "empointday6", "path": "C:\\Users\\caro\\Desktop\\eartern region\\emmaday6\\empointday6.shp" }, "geometry": { "type": "Point", "coordinates": [ -117537.955622664070688, 686696.065926379524171 ] } },
{ "type": "Feature", "properties": { "fid": 65001.0, "CropType": "oran", "Photo1": "DCIM/JPEG_20201218111553772.jpg", "Photo2": "DCIM/JPEG_20201218111601562.jpg", "Photo3": "DCIM/JPEG_20201218111610331.jpg", "Photo4": "DCIM/JPEG_20201218111620305.jpg", "Irrigation": "FALSE", "District": "KWAE", "Region": "EAST", "Zone": "deci", "Date": "2020-12-18", "Technician": "CADO", "layer": "empointday6", "path": "C:\\Users\\caro\\Desktop\\eartern region\\emmaday6\\empointday6.shp" }, "geometry": { "type": "Point", "coordinates": [ -118197.063856116728857, 685146.918566142441705 ] } },
{ "type": "Feature", "properties": { "fid": 69100.0, "CropType": "maiz", "Photo1": "DCIM/JPEG_20201218114827482.jpg", "Photo2": "DCIM/JPEG_20201218114837593.jpg", "Photo3": "DCIM/JPEG_20201218114846304.jpg", "Photo4": "DCIM/JPEG_20201218114856350.jpg", "Irrigation": "FALSE", "District": "KWAE", "Region": "EAST", "Zone": "deci", "Date": "2020-12-18", "Technician": "CADO", "layer": "empointday6", "path": "C:\\Users\\caro\\Desktop\\eartern region\\emmaday6\\empointday6.shp" }, "geometry": { "type": "Point", "coordinates": [ -118676.774050987500232, 679574.39292263018433 ] } },
{ "type": "Feature", "properties": { "fid": 620001.0, "CropType": "rice", "Photo1": "DCIM/JPEG_20201218115821785.jpg", "Photo2": "DCIM/JPEG_20201218115831622.jpg", "Photo3": "DCIM/JPEG_20201218115843885.jpg", "Photo4": "DCIM/JPEG_20201218115852899.jpg", "Irrigation": "FALSE", "District": "KWAE", "Region": "EAST", "Zone": "deci", "Date": "2020-12-18", "Technician": "CADO", "layer": "empointday6", "path": "C:\\Users\\caro\\Desktop\\eartern region\\emmaday6\\empointday6.shp" }, "geometry": { "type": "Point", "coordinates": [ -117864.128409855155041, 678173.383101261919364 ] } },
{ "type": "Feature", "properties": { "fid": 620010.0, "CropType": "cass", "Photo1": "DCIM/JPEG_20201218131440353.jpg", "Photo2": "DCIM/JPEG_20201218131448770.jpg", "Photo3": "DCIM/JPEG_20201218131457108.jpg", "Photo4": "DCIM/JPEG_20201218131509367.jpg", "Irrigation": "FALSE", "District": "KWAE", "Region": "EAST", "Zone": "deci", "Date": "2020-12-18", "Technician": "CADO", "layer": "empointday6", "path": "C:\\Users\\caro\\Desktop\\eartern region\\emmaday6\\empointday6.shp" }, "geometry": { "type": "Point", "coordinates": [ -111125.305073533440009, 672975.666418869630434 ] } },
{ "type": "Feature", "properties": { "fid": 631000.0, "CropType": "coco", "Photo1": "DCIM/JPEG_20201218111927842.jpg", "Photo2": "DCIM/JPEG_20201218111939182.jpg", "Photo3": "DCIM/JPEG_20201218111946829.jpg", "Photo4": "DCIM/JPEG_20201218112000161.jpg", "Irrigation": "FALSE", "District": "KWAE", "Region": "EAST", "Zone": "deci", "Date": "2020-12-18", "Technician": "CADO", "layer": "empointday6", "path": "C:\\Users\\caro\\Desktop\\eartern region\\emmaday6\\empointday6.shp" }, "geometry": { "type": "Point", "coordinates": [ -118135.66336457777652, 685091.371814301237464 ] } },
{ "type": "Feature", "properties": { "fid": 650000.0, "CropType": "maiz", "Photo1": "DCIM/JPEG_20201218095200374.jpg", "Photo2": "DCIM/JPEG_20201218095212973.jpg", "Photo3": "DCIM/JPEG_20201218095225471.jpg", "Photo4": "DCIM/JPEG_20201218095236671.jpg", "Irrigation": "FALSE", "District": "KWAE", "Region": "EAST", "Zone": "deci", "Date": "2020-12-18", "Technician": "CADO", "layer": "empointday6", "path": "C:\\Users\\caro\\Desktop\\eartern region\\emmaday6\\empointday6.shp" }, "geometry": { "type": "Point", "coordinates": [ -109719.988897445175098, 694507.849912974867038 ] } },
{ "type": "Feature", "properties": { "fid": 670000.0, "CropType": "cass", "Photo1": "DCIM/JPEG_20201218103711852.jpg", "Photo2": "DCIM/JPEG_20201218103727544.jpg", "Photo3": "DCIM/JPEG_20201218103747778.jpg", "Photo4": "DCIM/JPEG_20201218103800409.jpg", "Irrigation": "FALSE", "District": "KWAE", "Region": "EAST", "Zone": "deci", "Date": "2020-12-18", "Technician": "CADO", "layer": "empointday6", "path": "C:\\Users\\caro\\Desktop\\eartern region\\emmaday6\\empointday6.shp" }, "geometry": { "type": "Point", "coordinates": [ -117249.496765756164677, 689139.758795967674814 ] } },
{ "type": "Feature", "properties": { "fid": 680000.0, "CropType": "oran", "Photo1": "DCIM/JPEG_20201218100056478.jpg", "Photo2": "DCIM/JPEG_20201218100105949.jpg", "Photo3": "DCIM/JPEG_20201218100119468.jpg", "Photo4": "DCIM/JPEG_20201218100132684.jpg", "Irrigation": "FALSE", "District": "KWAE", "Region": "EAST", "Zone": "deci", "Date": "2020-12-18", "Technician": "CADO", "layer": "empointday6", "path": "C:\\Users\\caro\\Desktop\\eartern region\\emmaday6\\empointday6.shp" }, "geometry": { "type": "Point", "coordinates": [ -105218.047238997169188, 697709.776040449738503 ] } },
{ "type": "Feature", "properties": { "fid": 680010.0, "CropType": "oran", "Photo1": "DCIM/JPEG_20201218102048949.jpg", "Photo2": "DCIM/JPEG_20201218102100897.jpg", "Photo3": "DCIM/JPEG_20201218102115490.jpg", "Photo4": "DCIM/JPEG_20201218102126335.jpg", "Irrigation": "FALSE", "District": "KWAE", "Region": "EAST", "Zone": "deci", "Date": "2020-12-18", "Technician": "CADO", "layer": "empointday6", "path": "C:\\Users\\caro\\Desktop\\eartern region\\emmaday6\\empointday6.shp" }, "geometry": { "type": "Point", "coordinates": [ -115955.939792449964443, 690996.020514893345535 ] } },
{ "type": "Feature", "properties": { "fid": 680100.0, "CropType": "plnt", "Photo1": "DCIM/JPEG_20201218103127450.jpg", "Photo2": "DCIM/JPEG_20201218103143576.jpg", "Photo3": "DCIM/JPEG_20201218103206774.jpg", "Photo4": "DCIM/JPEG_20201218103217335.jpg", "Irrigation": "FALSE", "District": "KWAE", "Region": "EAST", "Zone": "deci", "Date": "2020-12-18", "Technician": "CADO", "layer": "empointday6", "path": "C:\\Users\\caro\\Desktop\\eartern region\\emmaday6\\empointday6.shp" }, "geometry": { "type": "Point", "coordinates": [ -117353.094023471378023, 690116.574393994291313 ] } },
{ "type": "Feature", "properties": { "fid": 691000.0, "CropType": "plnt", "Photo1": "DCIM/JPEG_20201218104409029.jpg", "Photo2": "DCIM/JPEG_20201218104420796.jpg", "Photo3": "DCIM/JPEG_20201218104429029.jpg", "Photo4": "DCIM/JPEG_20201218104441697.jpg", "Irrigation": "FALSE", "District": "KWAE", "Region": "EAST", "Zone": "deci", "Date": "2020-12-18", "Technician": "CADO", "layer": "empointday6", "path": "C:\\Users\\caro\\Desktop\\eartern region\\emmaday6\\empointday6.shp" }, "geometry": { "type": "Point", "coordinates": [ -117612.962695560316206, 687063.349063327303156 ] } },
{ "type": "Feature", "properties": { "fid": 6020000.0, "CropType": "maiz", "Photo1": "DCIM/JPEG_20201218120548527.jpg", "Photo2": "DCIM/JPEG_20201218120559627.jpg", "Photo3": "DCIM/JPEG_20201218120608808.jpg", "Photo4": "DCIM/JPEG_20201218120617085.jpg", "Irrigation": "FALSE", "District": "KWAE", "Region": "EAST", "Zone": "deci", "Date": "2020-12-18", "Technician": "CADO", "layer": "empointday6", "path": "C:\\Users\\caro\\Desktop\\eartern region\\emmaday6\\empointday6.shp" }, "geometry": { "type": "Point", "coordinates": [ -117439.854208206219482, 677640.17853945447132 ] } },
{ "type": "Feature", "properties": { "fid": 6200001.0, "CropType": "cass", "Photo1": "DCIM/JPEG_20201218122250812.jpg", "Photo2": "DCIM/JPEG_20201218122301287.jpg", "Photo3": "DCIM/JPEG_20201218122312689.jpg", "Photo4": "DCIM/JPEG_20201218122325517.jpg", "Irrigation": "FALSE", "District": "KWAE", "Region": "EAST", "Zone": "deci", "Date": "2020-12-18", "Technician": "CADO", "layer": "empointday6", "path": "C:\\Users\\caro\\Desktop\\eartern region\\emmaday6\\empointday6.shp" }, "geometry": { "type": "Point", "coordinates": [ -116769.638515961851226, 676136.312130542937666 ] } },
{ "type": "Feature", "properties": { "fid": 6200010.0, "CropType": "coco", "Photo1": "DCIM/JPEG_20201218124401792.jpg", "Photo2": "DCIM/JPEG_20201218124410233.jpg", "Photo3": "DCIM/JPEG_20201218124419517.jpg", "Photo4": "DCIM/JPEG_20201218124432960.jpg", "Irrigation": "FALSE", "District": "KWAE", "Region": "EAST", "Zone": "deci", "Date": "2020-12-18", "Technician": "CADO", "layer": "empointday6", "path": "C:\\Users\\caro\\Desktop\\eartern region\\emmaday6\\empointday6.shp" }, "geometry": { "type": "Point", "coordinates": [ -116349.389627097887569, 672115.892591106006876 ] } },
{ "type": "Feature", "properties": { "fid": 6890000.0, "CropType": "cass", "Photo1": "DCIM/JPEG_20201218101247680.jpg", "Photo2": "DCIM/JPEG_20201218101257859.jpg", "Photo3": "DCIM/JPEG_20201218101313078.jpg", "Photo4": "DCIM/JPEG_20201218101322826.jpg", "Irrigation": "FALSE", "District": "KWAE", "Region": "EAST", "Zone": "deci", "Date": "2020-12-18", "Technician": "CADO", "layer": "empointday6", "path": "C:\\Users\\caro\\Desktop\\eartern region\\emmaday6\\empointday6.shp" }, "geometry": { "type": "Point", "coordinates": [ -113950.401167147792876, 692248.391526476829313 ] } },
{ "type": "Feature", "properties": { "fid": 6910000.0, "CropType": "bush", "Photo1": "DCIM/JPEG_20201218100650500.jpg", "Photo2": "DCIM/JPEG_20201218100703648.jpg", "Photo3": "DCIM/JPEG_20201218100715382.jpg", "Photo4": "DCIM/JPEG_20201218100725986.jpg", "Irrigation": "FALSE", "District": "KWAE", "Region": "EAST", "Zone": "deci", "Date": "2020-12-18", "Technician": "CADO", "layer": "empointday6", "path": "C:\\Users\\caro\\Desktop\\eartern region\\emmaday6\\empointday6.shp" }, "geometry": { "type": "Point", "coordinates": [ -115995.610719382864772, 690817.138771492172964 ] } },
{ "type": "Feature", "properties": { "fid": 695888001.0, "CropType": "plnt", "Photo1": "DCIM/JPEG_20201218111033557.jpg", "Photo2": "DCIM/JPEG_20201218111042247.jpg", "Photo3": "DCIM/JPEG_20201218111052926.jpg", "Photo4": "DCIM/JPEG_20201218111102181.jpg", "Irrigation": "FALSE", "District": "KWAE", "Region": "EAST", "Zone": "deci", "Date": "2020-12-18", "Technician": "CADO", "layer": "empointday6", "path": "C:\\Users\\caro\\Desktop\\eartern region\\emmaday6\\empointday6.shp" }, "geometry": { "type": "Point", "coordinates": [ -117496.806372890088824, 685747.637849137769081 ] } },
{ "type": "Feature", "properties": { "fid": 695888002.0, "CropType": "coco", "Photo1": "DCIM/JPEG_20201218113104052.jpg", "Photo2": "DCIM/JPEG_20201218113114029.jpg", "Photo3": "DCIM/JPEG_20201218113124488.jpg", "Photo4": "DCIM/JPEG_20201218113135440.jpg", "Irrigation": "FALSE", "District": "KWAE", "Region": "EAST", "Zone": "deci", "Date": "2020-12-18", "Technician": "CADO", "layer": "empointday6", "path": "C:\\Users\\caro\\Desktop\\eartern region\\emmaday6\\empointday6.shp" }, "geometry": { "type": "Point", "coordinates": [ -120227.053807570177014, 684463.331673663691618 ] } },
{ "type": "Feature", "properties": { "fid": 8.0, "CropType": "maiz", "Photo1": "DCIM/JPEG_20201220145224719.jpg", "Photo2": "DCIM/JPEG_20201220145237826.jpg", "Photo3": "DCIM/JPEG_20201220145249684.jpg", "Photo4": "DCIM/JPEG_20201220145259272.jpg", "Irrigation": "FALSE", "District": "KWAE", "Region": "EAST", "Zone": "deci", "Date": "2020-12-20", "Technician": null, "layer": null, "path": null }, "geometry": { "type": "Point", "coordinates": [ -84556.270323788005044, 665813.363249390735291 ] } },
{ "type": "Feature", "properties": { "fid": 605.0, "CropType": "maiz", "Photo1": "DCIM/JPEG_20201220125937305.jpg", "Photo2": "DCIM/JPEG_20201220125949354.jpg", "Photo3": "DCIM/JPEG_20201220125958996.jpg", "Photo4": "DCIM/JPEG_20201220130012256.jpg", "Irrigation": "FALSE", "District": "KWAE", "Region": "EAST", "Zone": "deci", "Date": "2020-12-20", "Technician": null, "layer": null, "path": null }, "geometry": { "type": "Point", "coordinates": [ -83972.436701073253062, 677553.605203267303295 ] } },
{ "type": "Feature", "properties": { "fid": 6223.0, "CropType": "oran", "Photo1": "DCIM/JPEG_20201220102558166.jpg", "Photo2": "DCIM/JPEG_20201220102610474.jpg", "Photo3": "DCIM/JPEG_20201220102620077.jpg", "Photo4": "DCIM/JPEG_20201220102630390.jpg", "Irrigation": "FALSE", "District": "KWAE", "Region": "EAST", "Zone": "deci", "Date": "2020-12-20", "Technician": null, "layer": null, "path": null }, "geometry": { "type": "Point", "coordinates": [ -89627.526203765926766, 679764.865301355486736 ] } },
{ "type": "Feature", "properties": { "fid": 60148.0, "CropType": "plnt", "Photo1": "DCIM/JPEG_20201220103007626.jpg", "Photo2": "DCIM/JPEG_20201220103019359.jpg", "Photo3": "DCIM/JPEG_20201220103032145.jpg", "Photo4": "DCIM/JPEG_20201220103042583.jpg", "Irrigation": "FALSE", "District": "KWAE", "Region": "EAST", "Zone": "deci", "Date": "2020-12-20", "Technician": null, "layer": null, "path": null }, "geometry": { "type": "Point", "coordinates": [ -89029.117149058292853, 679968.766261754091829 ] } },
{ "type": "Feature", "properties": { "fid": 60149.0, "CropType": "maiz", "Photo1": "DCIM/JPEG_20201220103522468.jpg", "Photo2": "DCIM/JPEG_20201220103532940.jpg", "Photo3": "DCIM/JPEG_20201220103543214.jpg", "Photo4": "DCIM/JPEG_20201220103553184.jpg", "Irrigation": "FALSE", "District": "KWAE", "Region": "EAST", "Zone": "deci", "Date": "2020-12-20", "Technician": null, "layer": null, "path": null }, "geometry": { "type": "Point", "coordinates": [ -87742.250848213283462, 680304.448022099910304 ] } },
{ "type": "Feature", "properties": { "fid": 60150.0, "CropType": "maiz", "Photo1": "DCIM/JPEG_20201220110056283.jpg", "Photo2": "DCIM/JPEG_20201220110106857.jpg", "Photo3": "DCIM/JPEG_20201220110116443.jpg", "Photo4": "DCIM/JPEG_20201220110125649.jpg", "Irrigation": "FALSE", "District": "KWAE", "Region": "EAST", "Zone": "deci", "Date": "2020-12-20", "Technician": null, "layer": null, "path": null }, "geometry": { "type": "Point", "coordinates": [ -81861.342337148016668, 685408.859989798045717 ] } },
{ "type": "Feature", "properties": { "fid": 60151.0, "CropType": "coco", "Photo1": "DCIM/JPEG_20201220110459082.jpg", "Photo2": "DCIM/JPEG_20201220110511674.jpg", "Photo3": "DCIM/JPEG_20201220110522144.jpg", "Photo4": "DCIM/JPEG_20201220110534039.jpg", "Irrigation": "FALSE", "District": "KWAE", "Region": "EAST", "Zone": "deci", "Date": "2020-12-20", "Technician": null, "layer": null, "path": null }, "geometry": { "type": "Point", "coordinates": [ -81553.72020096500637, 685309.832640643464401 ] } },
{ "type": "Feature", "properties": { "fid": 60152.0, "CropType": "cass", "Photo1": "DCIM/JPEG_20201220111006298.jpg", "Photo2": "DCIM/JPEG_20201220111017443.jpg", "Photo3": "DCIM/JPEG_20201220111027574.jpg", "Photo4": "DCIM/JPEG_20201220111038614.jpg", "Irrigation": "FALSE", "District": "KWAE", "Region": "EAST", "Zone": "deci", "Date": "2020-12-20", "Technician": null, "layer": null, "path": null }, "geometry": { "type": "Point", "coordinates": [ -81222.112425165687455, 684844.758236896479502 ] } },
{ "type": "Feature", "properties": { "fid": 60153.0, "CropType": "rubb", "Photo1": "DCIM/JPEG_20201220112808490.jpg", "Photo2": "DCIM/JPEG_20201220112819305.jpg", "Photo3": "DCIM/JPEG_20201220112831839.jpg", "Photo4": "DCIM/JPEG_20201220112840309.jpg", "Irrigation": "FALSE", "District": "KWAE", "Region": "EAST", "Zone": "deci", "Date": "2020-12-20", "Technician": null, "layer": null, "path": null }, "geometry": { "type": "Point", "coordinates": [ -80779.797415772336535, 684134.635315287625417 ] } },
{ "type": "Feature", "properties": { "fid": 60155.0, "CropType": "cass", "Photo1": "DCIM/JPEG_20201220120305793.jpg", "Photo2": "DCIM/JPEG_20201220120322927.jpg", "Photo3": "DCIM/JPEG_20201220120336275.jpg", "Photo4": "DCIM/JPEG_20201220120351758.jpg", "Irrigation": "FALSE", "District": "KWAE", "Region": "EAST", "Zone": "deci", "Date": "2020-12-20", "Technician": null, "layer": null, "path": null }, "geometry": { "type": "Point", "coordinates": [ -80216.092212318661041, 682932.210487464442849 ] } },
{ "type": "Feature", "properties": { "fid": 60156.0, "CropType": "oilp", "Photo1": "DCIM/JPEG_20201220123308122.jpg", "Photo2": "DCIM/JPEG_20201220123318589.jpg", "Photo3": "DCIM/JPEG_20201220123326294.jpg", "Photo4": "DCIM/JPEG_20201220123335066.jpg", "Irrigation": "FALSE", "District": "KWAE", "Region": "EAST", "Zone": "deci", "Date": "2020-12-20", "Technician": null, "layer": null, "path": null }, "geometry": { "type": "Point", "coordinates": [ -81147.07381174773036, 681112.665003128815442 ] } },
{ "type": "Feature", "properties": { "fid": 60157.0, "CropType": "cass", "Photo1": "DCIM/JPEG_20201220124635552.jpg", "Photo2": "DCIM/JPEG_20201220124648119.jpg", "Photo3": "DCIM/JPEG_20201220124700499.jpg", "Photo4": "DCIM/JPEG_20201220124709584.jpg", "Irrigation": "FALSE", "District": "KWAE", "Region": "EAST", "Zone": "deci", "Date": "2020-12-20", "Technician": null, "layer": null, "path": null }, "geometry": { "type": "Point", "coordinates": [ -83042.540466681573889, 679639.325839993660338 ] } },
{ "type": "Feature", "properties": { "fid": 60158.0, "CropType": "cass", "Photo1": "DCIM/JPEG_20201220125204044.jpg", "Photo2": "DCIM/JPEG_20201220125216828.jpg", "Photo3": "DCIM/JPEG_20201220125232138.jpg", "Photo4": "DCIM/JPEG_20201220125247275.jpg", "Irrigation": "FALSE", "District": "KWAE", "Region": "EAST", "Zone": "deci", "Date": "2020-12-20", "Technician": "PALA", "layer": null, "path": null }, "geometry": { "type": "Point", "coordinates": [ -83615.086293028885848, 678633.308615702087991 ] } },
{ "type": "Feature", "properties": { "fid": 60159.0, "CropType": "cass", "Photo1": "DCIM/JPEG_20201220131826561.jpg", "Photo2": "DCIM/JPEG_20201220131836707.jpg", "Photo3": "DCIM/JPEG_20201220131846333.jpg", "Photo4": "DCIM/JPEG_20201220131855137.jpg", "Irrigation": "FALSE", "District": "KWAE", "Region": "EAST", "Zone": "deci", "Date": "2020-12-20", "Technician": null, "layer": null, "path": null }, "geometry": { "type": "Point", "coordinates": [ -83921.504323386863689, 675345.840531931724399 ] } },
{ "type": "Feature", "properties": { "fid": 60161.0, "CropType": "maiz", "Photo1": "DCIM/JPEG_20201220142014236.jpg", "Photo2": "DCIM/JPEG_20201220142024525.jpg", "Photo3": "DCIM/JPEG_20201220142036186.jpg", "Photo4": "DCIM/JPEG_20201220142046467.jpg", "Irrigation": "FALSE", "District": "KWAE", "Region": "EAST", "Zone": "deci", "Date": "2020-12-20", "Technician": null, "layer": null, "path": null }, "geometry": { "type": "Point", "coordinates": [ -83722.379728904968943, 669398.163197125541046 ] } },
{ "type": "Feature", "properties": { "fid": 99.0, "CropType": "oran", "Photo1": "DCIM/JPEG_20201221101206586.jpg", "Photo2": "DCIM/JPEG_20201221101216360.jpg", "Photo3": "DCIM/JPEG_20201221101225485.jpg", "Photo4": "DCIM/JPEG_20201221101235767.jpg", "Irrigation": "FALSE", "District": "KWAE", "Region": "EAST", "Zone": "deci", "Date": "2020-12-21", "Technician": null, "layer": null, "path": null }, "geometry": { "type": "Point", "coordinates": [ -90313.457788841609727, 675966.518981026834808 ] } },
{ "type": "Feature", "properties": { "fid": 69985.0, "CropType": "oran", "Photo1": "DCIM/JPEG_20201221100539501.jpg", "Photo2": "DCIM/JPEG_20201221100553779.jpg", "Photo3": "DCIM/JPEG_20201221100605112.jpg", "Photo4": "DCIM/JPEG_20201221100620247.jpg", "Irrigation": "FALSE", "District": "KWAE", "Region": "EAST", "Zone": "deci", "Date": "2020-12-21", "Technician": null, "layer": null, "path": null }, "geometry": { "type": "Point", "coordinates": [ -90059.042627307426301, 676935.540881377994083 ] } },
{ "type": "Feature", "properties": { "fid": 69986.0, "CropType": "oran", "Photo1": "DCIM/JPEG_20201221100818988.jpg", "Photo2": "DCIM/JPEG_20201221100828895.jpg", "Photo3": "DCIM/JPEG_20201221100838382.jpg", "Photo4": "DCIM/JPEG_20201221100847400.jpg", "Irrigation": "FALSE", "District": null, "Region": "EAST", "Zone": "deci", "Date": "2020-12-21", "Technician": "PALA", "layer": null, "path": null }, "geometry": { "type": "Point", "coordinates": [ -89887.312393272208283, 676730.861692203907296 ] } },
{ "type": "Feature", "properties": { "fid": 601.0, "CropType": "coco", "Photo1": "DCIM/JPEG_20201213123422906.jpg", "Photo2": "DCIM/JPEG_20201213123436535.jpg", "Photo3": "DCIM/JPEG_20201213123450980.jpg", "Photo4": "DCIM/JPEG_20201213123503254.jpg", "Irrigation": "FALSE", "District": "WEAK", "Region": "EAST", "Zone": "deci", "Date": "2020-12-13", "Technician": "CADO", "layer": null, "path": null }, "geometry": { "type": "Point", "coordinates": [ -78362.060527181849466, 655586.899876965908334 ] } },
{ "type": "Feature", "properties": { "fid": 602.0, "CropType": "coco", "Photo1": "DCIM/JPEG_20201213123704496.jpg", "Photo2": "DCIM/JPEG_20201213123734599.jpg", "Photo3": "DCIM/JPEG_20201213123802771.jpg", "Photo4": "DCIM/JPEG_20201213123819722.jpg", "Irrigation": "FALSE", "District": "WEAK", "Region": "EAST", "Zone": "deci", "Date": "2020-12-13", "Technician": "CADO", "layer": null, "path": null }, "geometry": { "type": "Point", "coordinates": [ -78372.480031519939075, 655583.018532593734562 ] } },
{ "type": "Feature", "properties": { "fid": 603.0, "CropType": "oran", "Photo1": "DCIM/JPEG_20201213124438277.jpg", "Photo2": "DCIM/JPEG_20201213124500822.jpg", "Photo3": "DCIM/JPEG_20201213124518208.jpg", "Photo4": "DCIM/JPEG_20201213124533893.jpg", "Irrigation": "FALSE", "District": "WEAK", "Region": "EAST", "Zone": "deci", "Date": "2020-12-13", "Technician": "CADO", "layer": null, "path": null }, "geometry": { "type": "Point", "coordinates": [ -78432.683467466427828, 655534.254618258215487 ] } },
{ "type": "Feature", "properties": { "fid": 6001.0, "CropType": "coco", "Photo1": "DCIM/JPEG_20201213124906691.jpg", "Photo2": "DCIM/JPEG_20201213124922109.jpg", "Photo3": "DCIM/JPEG_20201213124934744.jpg", "Photo4": "DCIM/JPEG_20201213124948506.jpg", "Irrigation": "FALSE", "District": "WEAK", "Region": "EAST", "Zone": "deci", "Date": "2020-12-13", "Technician": "CADO", "layer": null, "path": null }, "geometry": { "type": "Point", "coordinates": [ -78447.683768851362402, 655480.137815589900129 ] } },
{ "type": "Feature", "properties": { "fid": 6002.0, "CropType": "oilp", "Photo1": "DCIM/JPEG_20201213125322191.jpg", "Photo2": "DCIM/JPEG_20201213125344627.jpg", "Photo3": "DCIM/JPEG_20201213125402019.jpg", "Photo4": "DCIM/JPEG_20201213125415190.jpg", "Irrigation": "FALSE", "District": "WEAK", "Region": "EAST", "Zone": "deci", "Date": "2020-12-13", "Technician": "CADO", "layer": null, "path": null }, "geometry": { "type": "Point", "coordinates": [ -78509.072757371977787, 655539.808983777649701 ] } },
{ "type": "Feature", "properties": { "fid": 6003.0, "CropType": "maiz", "Photo1": "DCIM/JPEG_20201213141600461.jpg", "Photo2": "DCIM/JPEG_20201213141615873.jpg", "Photo3": "DCIM/JPEG_20201213141634368.jpg", "Photo4": "DCIM/JPEG_20201213141700447.jpg", "Irrigation": "FALSE", "District": "WEAK", "Region": "EAST", "Zone": "deci", "Date": "2020-12-13", "Technician": "CADO", "layer": null, "path": null }, "geometry": { "type": "Point", "coordinates": [ -81629.710596028613509, 660782.413357706856914 ] } },
{ "type": "Feature", "properties": { "fid": 6004.0, "CropType": "oran", "Photo1": "DCIM/JPEG_20201213143131205.jpg", "Photo2": "DCIM/JPEG_20201213143151579.jpg", "Photo3": "DCIM/JPEG_20201213143212431.jpg", "Photo4": "DCIM/JPEG_20201213143229634.jpg", "Irrigation": "FALSE", "District": "WEAK", "Region": "EAST", "Zone": "deci", "Date": "2020-12-13", "Technician": "CADO", "layer": null, "path": null }, "geometry": { "type": "Point", "coordinates": [ -87093.735035375240841, 672394.84755138354376 ] } },
{ "type": "Feature", "properties": { "fid": 6005.0, "CropType": "maiz", "Photo1": "DCIM/JPEG_20201213144546888.jpg", "Photo2": "DCIM/JPEG_20201213144606518.jpg", "Photo3": "DCIM/JPEG_20201213144628609.jpg", "Photo4": "DCIM/JPEG_20201213144647331.jpg", "Irrigation": "FALSE", "District": "WEAK", "Region": "EAST", "Zone": "deci", "Date": "2020-12-13", "Technician": "CADO", "layer": null, "path": null }, "geometry": { "type": "Point", "coordinates": [ -90213.45819888234837, 677076.390577326761559 ] } },
{ "type": "Feature", "properties": { "fid": 6006.0, "CropType": "maiz", "Photo1": "DCIM/JPEG_20201213144755254.jpg", "Photo2": "DCIM/JPEG_20201213144850851.jpg", "Photo3": "DCIM/JPEG_20201213144628609.jpg", "Photo4": "DCIM/JPEG_20201213144912494.jpg", "Irrigation": "FALSE", "District": "WEAK", "Region": "EAST", "Zone": "deci", "Date": "2020-12-13", "Technician": "CADO", "layer": null, "path": null }, "geometry": { "type": "Point", "coordinates": [ -90195.546892813421437, 677078.814236701349728 ] } },
{ "type": "Feature", "properties": { "fid": 6007.0, "CropType": "maiz", "Photo1": "DCIM/JPEG_20201213145106508.jpg", "Photo2": "DCIM/JPEG_20201213145128887.jpg", "Photo3": "DCIM/JPEG_20201213145149003.jpg", "Photo4": "DCIM/JPEG_20201213145232458.jpg", "Irrigation": "FALSE", "District": "WEAK", "Region": "EAST", "Zone": "deci", "Date": "2020-12-13", "Technician": "CADO", "layer": null, "path": null }, "geometry": { "type": "Point", "coordinates": [ -90263.175338794870186, 677066.7090013185516 ] } }
]
}
