{
"type": "FeatureCollection",
"name": "CropTypes_Transition_2020",
"crs": { "type": "name", "properties": { "name": "urn:ogc:def:crs:OGC:1.3:CRS84" } },
"features": [
{ "type": "Feature", "properties": { "fid": 223.0, "CropType": "coco", "Photo1": "DCIM/JPEG_20201217112924449.jpg", "Photo2": "DCIM/JPEG_20201217112948393.jpg", "Photo3": "DCIM/JPEG_20201217113017378.jpg", "Photo4": "DCIM/JPEG_20201217113040748.jpg", "Irrigation": "FALSE", "District": "TECH", "Region": "BoEa", "Zone": "tran", "Date": "2020-12-17", "Technician": "KEAI", "layer": "point2", "path": "C:\\Users\\kobina\\Desktop\\Project_Ken\\Merger\\Merger\\point2.shx|layername=point2", "Points": null }, "geometry": { "type": "Point", "coordinates": [ -1.973585842019947, 7.788817809670803 ] } },
{ "type": "Feature", "properties": { "fid": 224.0, "CropType": "cash", "Photo1": "DCIM/JPEG_20201217114200301.jpg", "Photo2": "DCIM/JPEG_20201217114216647.jpg", "Photo3": "DCIM/JPEG_20201217114232598.jpg", "Photo4": "DCIM/JPEG_20201217114247378.jpg", "Irrigation": "FALSE", "District": "TECH", "Region": "BoEa", "Zone": "tran", "Date": "2020-12-17", "Technician": "KEAI", "layer": "point2", "path": "C:\\Users\\kobina\\Desktop\\Project_Ken\\Merger\\Merger\\point2.shx|layername=point2", "Points": null }, "geometry": { "type": "Point", "coordinates": [ -1.986965842019947, 7.776724476337471 ] } },
{ "type": "Feature", "properties": { "fid": 225.0, "CropType": "maiz", "Photo1": "DCIM/JPEG_20201217115315253.jpg", "Photo2": "DCIM/JPEG_20201217115335768.jpg", "Photo3": "DCIM/JPEG_20201217115351261.jpg", "Photo4": "DCIM/JPEG_20201217115404426.jpg", "Irrigation": "FALSE", "District": "TECH", "Region": "BoEa", "Zone": "tran", "Date": "2020-12-17", "Technician": "KEAI", "layer": "point2", "path": "C:\\Users\\kobina\\Desktop\\Project_Ken\\Merger\\Merger\\point2.shx|layername=point2", "Points": null }, "geometry": { "type": "Point", "coordinates": [ -1.99337193899297, 7.768726505527141 ] } },
{ "type": "Feature", "properties": { "fid": 226.0, "CropType": "gaeg", "Photo1": "DCIM/JPEG_20201217120059403.jpg", "Photo2": "DCIM/JPEG_20201217120122375.jpg", "Photo3": "DCIM/JPEG_20201217120135424.jpg", "Photo4": "DCIM/JPEG_20201217120214572.jpg", "Irrigation": "TRUE", "District": "TECH", "Region": "BoEa", "Zone": "tran", "Date": "2020-12-17", "Technician": "KEAI", "layer": "point2", "path": "C:\\Users\\kobina\\Desktop\\Project_Ken\\Merger\\Merger\\point2.shx|layername=point2", "Points": null }, "geometry": { "type": "Point", "coordinates": [ -1.999362262525283, 7.753312644211546 ] } },
{ "type": "Feature", "properties": { "fid": 227.0, "CropType": "cass", "Photo1": "DCIM/JPEG_20201217120807185.jpg", "Photo2": "DCIM/JPEG_20201217120827067.jpg", "Photo3": "DCIM/JPEG_20201217120841438.jpg", "Photo4": "DCIM/JPEG_20201217120854891.jpg", "Irrigation": "FALSE", "District": "TECH", "Region": "BoEa", "Zone": "tran", "Date": "2020-12-17", "Technician": "KEAI", "layer": "point2", "path": "C:\\Users\\kobina\\Desktop\\Project_Ken\\Merger\\Merger\\point2.shx|layername=point2", "Points": null }, "geometry": { "type": "Point", "coordinates": [ -1.999362262525283, 7.753312644211546 ] } },
{ "type": "Feature", "properties": { "fid": 228.0, "CropType": "gaeg", "Photo1": "DCIM/JPEG_20201217124127838.jpg", "Photo2": "DCIM/JPEG_20201217124148202.jpg", "Photo3": "DCIM/JPEG_20201217124203963.jpg", "Photo4": "DCIM/JPEG_20201217124225140.jpg", "Irrigation": "TRUE", "District": "TECH", "Region": "BoEa", "Zone": "tran", "Date": "2020-12-17", "Technician": "KEAI", "layer": "point2", "path": "C:\\Users\\kobina\\Desktop\\Project_Ken\\Merger\\Merger\\point2.shx|layername=point2", "Points": null }, "geometry": { "type": "Point", "coordinates": [ -1.999678183939369, 7.765851602938128 ] } },
{ "type": "Feature", "properties": { "fid": 229.0, "CropType": "gaeg", "Photo1": "DCIM/JPEG_20201217125210973.jpg", "Photo2": "DCIM/JPEG_20201217125226396.jpg", "Photo3": "DCIM/JPEG_20201217125239818.jpg", "Photo4": "DCIM/JPEG_20201217125252590.jpg", "Irrigation": "TRUE", "District": "TECH", "Region": "BoEa", "Zone": "tran", "Date": "2020-12-17", "Technician": "KEAI", "layer": "point2", "path": "C:\\Users\\kobina\\Desktop\\Project_Ken\\Merger\\Merger\\point2.shx|layername=point2", "Points": null }, "geometry": { "type": "Point", "coordinates": [ -2.000724850606035, 7.762501602938129 ] } },
{ "type": "Feature", "properties": { "fid": 230.0, "CropType": "cowp", "Photo1": "DCIM/JPEG_20201217125748208.jpg", "Photo2": "DCIM/JPEG_20201217125806217.jpg", "Photo3": "DCIM/JPEG_20201217125830454.jpg", "Photo4": "DCIM/JPEG_20201217125855058.jpg", "Irrigation": "FALSE", "District": "TECH", "Region": "BoEa", "Zone": "tran", "Date": "2020-12-17", "Technician": "KEAI", "layer": "point2", "path": "C:\\Users\\kobina\\Desktop\\Project_Ken\\Merger\\Merger\\point2.shx|layername=point2", "Points": null }, "geometry": { "type": "Point", "coordinates": [ -2.000469850606036, 7.762608269604796 ] } },
{ "type": "Feature", "properties": { "fid": 215.0, "CropType": "cass", "Photo1": "DCIM/JPEG_20201217130243693.jpg", "Photo2": "DCIM/JPEG_20201217130302271.jpg", "Photo3": "DCIM/JPEG_20201217130527045.jpg", "Photo4": "DCIM/JPEG_20201217130549467.jpg", "Irrigation": "FALSE", "District": "TECH", "Region": "BoEa", "Zone": "tran", "Date": "2020-12-17", "Technician": "KEAI", "layer": "point2", "path": "C:\\Users\\kobina\\Desktop\\Project_Ken\\Merger\\Merger\\point2.shx|layername=point2", "Points": null }, "geometry": { "type": "Point", "coordinates": [ -2.000048183939369, 7.762401602938129 ] } },
{ "type": "Feature", "properties": { "fid": 217.0, "CropType": "coco", "Photo1": "DCIM/JPEG_20201217132917113.jpg", "Photo2": "DCIM/JPEG_20201217132933872.jpg", "Photo3": "DCIM/JPEG_20201217132954032.jpg", "Photo4": "DCIM/JPEG_20201217133008294.jpg", "Irrigation": "FALSE", "District": "TECH", "Region": "BoEa", "Zone": "tran", "Date": "2020-12-17", "Technician": "KEAI", "layer": "point2", "path": "C:\\Users\\kobina\\Desktop\\Project_Ken\\Merger\\Merger\\point2.shx|layername=point2", "Points": null }, "geometry": { "type": "Point", "coordinates": [ -2.001611517272702, 7.761789936271463 ] } },
{ "type": "Feature", "properties": { "fid": 218.0, "CropType": "cash", "Photo1": "DCIM/JPEG_20201217134414952.jpg", "Photo2": "DCIM/JPEG_20201217134430878.jpg", "Photo3": "DCIM/JPEG_20201217134444511.jpg", "Photo4": "DCIM/JPEG_20201217134456912.jpg", "Irrigation": "FALSE", "District": "TECH", "Region": "BoEa", "Zone": "tran", "Date": "2020-12-17", "Technician": "KEAI", "layer": "point2", "path": "C:\\Users\\kobina\\Desktop\\Project_Ken\\Merger\\Merger\\point2.shx|layername=point2", "Points": null }, "geometry": { "type": "Point", "coordinates": [ -1.972244295442733, 7.787958220492473 ] } },
{ "type": "Feature", "properties": { "fid": 219.0, "CropType": "maiz", "Photo1": "DCIM/JPEG_20201217134848679.jpg", "Photo2": "DCIM/JPEG_20201217134907187.jpg", "Photo3": "DCIM/JPEG_20201217134921774.jpg", "Photo4": "DCIM/JPEG_20201217134933449.jpg", "Irrigation": "FALSE", "District": "TECH", "Region": "BoEa", "Zone": "tran", "Date": "2020-12-17", "Technician": "KEAI", "layer": "point2", "path": "C:\\Users\\kobina\\Desktop\\Project_Ken\\Merger\\Merger\\point2.shx|layername=point2", "Points": null }, "geometry": { "type": "Point", "coordinates": [ -2.004718028776066, 7.760467787159139 ] } },
{ "type": "Feature", "properties": { "fid": 220.0, "CropType": "yams", "Photo1": "DCIM/JPEG_20201217135518428.jpg", "Photo2": "DCIM/JPEG_20201217135547548.jpg", "Photo3": "DCIM/JPEG_20201217135600810.jpg", "Photo4": "DCIM/JPEG_20201217135614096.jpg", "Irrigation": "FALSE", "District": "TECH", "Region": "BoEa", "Zone": "tran", "Date": "2020-12-17", "Technician": "KEAI", "layer": "point2", "path": "C:\\Users\\kobina\\Desktop\\Project_Ken\\Merger\\Merger\\point2.shx|layername=point2", "Points": null }, "geometry": { "type": "Point", "coordinates": [ -2.004718028776066, 7.760467787159139 ] } },
{ "type": "Feature", "properties": { "fid": 221.0, "CropType": "cass", "Photo1": "DCIM/JPEG_20201217140459537.jpg", "Photo2": "DCIM/JPEG_20201217140518891.jpg", "Photo3": "DCIM/JPEG_20201217140529169.jpg", "Photo4": "DCIM/JPEG_20201217140545070.jpg", "Irrigation": "FALSE", "District": "TECH", "Region": "BoEa", "Zone": "tran", "Date": "2020-12-17", "Technician": "KEAI", "layer": "point2", "path": "C:\\Users\\kobina\\Desktop\\Project_Ken\\Merger\\Merger\\point2.shx|layername=point2", "Points": null }, "geometry": { "type": "Point", "coordinates": [ -2.005423028776066, 7.762454453825806 ] } },
{ "type": "Feature", "properties": { "fid": 222.0, "CropType": "yams", "Photo1": "DCIM/JPEG_20201217141001017.jpg", "Photo2": "DCIM/JPEG_20201217141018385.jpg", "Photo3": "DCIM/JPEG_20201217141042521.jpg", "Photo4": "DCIM/JPEG_20201217141103737.jpg", "Irrigation": "FALSE", "District": "TECH", "Region": "BoEa", "Zone": "tran", "Date": "2020-12-17", "Technician": "KEAI", "layer": "point2", "path": "C:\\Users\\kobina\\Desktop\\Project_Ken\\Merger\\Merger\\point2.shx|layername=point2", "Points": null }, "geometry": { "type": "Point", "coordinates": [ -2.0061313621094, 7.76242278715914 ] } },
{ "type": "Feature", "properties": { "fid": 239.0, "CropType": "maiz", "Photo1": "DCIM/JPEG_20201217141727959.jpg", "Photo2": "DCIM/JPEG_20201217141747747.jpg", "Photo3": "DCIM/JPEG_20201217141804054.jpg", "Photo4": "DCIM/JPEG_20201217141815320.jpg", "Irrigation": "FALSE", "District": "TECH", "Region": "BoEa", "Zone": "tran", "Date": "2020-12-17", "Technician": "KEAI", "layer": "point2", "path": "C:\\Users\\kobina\\Desktop\\Project_Ken\\Merger\\Merger\\point2.shx|layername=point2", "Points": null }, "geometry": { "type": "Point", "coordinates": [ -2.006018028776066, 7.762951120492473 ] } },
{ "type": "Feature", "properties": { "fid": 240.0, "CropType": "coco", "Photo1": "DCIM/JPEG_20201219095448656.jpg", "Photo2": "DCIM/JPEG_20201219095507630.jpg", "Photo3": "DCIM/JPEG_20201219095520231.jpg", "Photo4": "DCIM/JPEG_20201219095535002.jpg", "Irrigation": "FALSE", "District": "TECH", "Region": "BoEa", "Zone": "tran", "Date": "2020-12-19", "Technician": "KEAI", "layer": "point2", "path": "C:\\Users\\kobina\\Desktop\\Project_Ken\\Merger\\Merger\\point2.shx|layername=point2", "Points": null }, "geometry": { "type": "Point", "coordinates": [ -1.978838359752312, 7.782096464447608 ] } },
{ "type": "Feature", "properties": { "fid": 241.0, "CropType": "gaeg", "Photo1": "DCIM/JPEG_20201219095930983.jpg", "Photo2": "DCIM/JPEG_20201219095945429.jpg", "Photo3": "DCIM/JPEG_20201219100012591.jpg", "Photo4": "DCIM/JPEG_20201219100025589.jpg", "Irrigation": "TRUE", "District": "TECH", "Region": "BoEa", "Zone": "tran", "Date": "2020-12-19", "Technician": "KEAI", "layer": "point2", "path": "C:\\Users\\kobina\\Desktop\\Project_Ken\\Merger\\Merger\\point2.shx|layername=point2", "Points": null }, "geometry": { "type": "Point", "coordinates": [ -1.978838359752312, 7.782096464447608 ] } },
{ "type": "Feature", "properties": { "fid": 242.0, "CropType": "cass", "Photo1": "DCIM/JPEG_20201219100246565.jpg", "Photo2": "DCIM/JPEG_20201219100300750.jpg", "Photo3": "DCIM/JPEG_20201219100310380.jpg", "Photo4": "DCIM/JPEG_20201219100323328.jpg", "Irrigation": "FALSE", "District": "TECH", "Region": "BoEa", "Zone": "tran", "Date": "2020-12-19", "Technician": "KEAI", "layer": "point2", "path": "C:\\Users\\kobina\\Desktop\\Project_Ken\\Merger\\Merger\\point2.shx|layername=point2", "Points": null }, "geometry": { "type": "Point", "coordinates": [ -1.977826693085645, 7.781391464447607 ] } },
{ "type": "Feature", "properties": { "fid": 243.0, "CropType": "cash", "Photo1": "DCIM/JPEG_20201219100837321.jpg", "Photo2": "DCIM/JPEG_20201219100850428.jpg", "Photo3": "DCIM/JPEG_20201219100900061.jpg", "Photo4": "DCIM/JPEG_20201219100914845.jpg", "Irrigation": "FALSE", "District": "TECH", "Region": "BoEa", "Zone": "tran", "Date": "2020-12-19", "Technician": "KEAI", "layer": "point2", "path": "C:\\Users\\kobina\\Desktop\\Project_Ken\\Merger\\Merger\\point2.shx|layername=point2", "Points": null }, "geometry": { "type": "Point", "coordinates": [ -1.977826693085645, 7.781391464447607 ] } },
{ "type": "Feature", "properties": { "fid": 244.0, "CropType": "gaeg", "Photo1": "DCIM/JPEG_20201219101206206.jpg", "Photo2": "DCIM/JPEG_20201219101218777.jpg", "Photo3": "DCIM/JPEG_20201219101228679.jpg", "Photo4": "DCIM/JPEG_20201219101242366.jpg", "Irrigation": "TRUE", "District": "TECH", "Region": "BoEa", "Zone": "tran", "Date": "2020-12-19", "Technician": "KEAI", "layer": "point2", "path": "C:\\Users\\kobina\\Desktop\\Project_Ken\\Merger\\Merger\\point2.shx|layername=point2", "Points": null }, "geometry": { "type": "Point", "coordinates": [ -1.977826693085645, 7.781391464447607 ] } },
{ "type": "Feature", "properties": { "fid": 245.0, "CropType": "gaeg", "Photo1": "DCIM/JPEG_20201219101656061.jpg", "Photo2": "DCIM/JPEG_20201219101709649.jpg", "Photo3": "DCIM/JPEG_20201219101723006.jpg", "Photo4": "DCIM/JPEG_20201219101734029.jpg", "Irrigation": "TRUE", "District": "TECH", "Region": "BoEa", "Zone": "tran", "Date": "2020-12-19", "Technician": "KEAI", "layer": "point2", "path": "C:\\Users\\kobina\\Desktop\\Project_Ken\\Merger\\Merger\\point2.shx|layername=point2", "Points": null }, "geometry": { "type": "Point", "coordinates": [ -1.977826693085645, 7.781391464447607 ] } },
{ "type": "Feature", "properties": { "fid": 246.0, "CropType": "gaeg", "Photo1": "DCIM/JPEG_20201219102016303.jpg", "Photo2": "DCIM/JPEG_20201219102028674.jpg", "Photo3": "DCIM/JPEG_20201219102041759.jpg", "Photo4": "DCIM/JPEG_20201219102051252.jpg", "Irrigation": "TRUE", "District": "TECH", "Region": "BoEa", "Zone": "tran", "Date": "2020-12-19", "Technician": "KEAI", "layer": "point2", "path": "C:\\Users\\kobina\\Desktop\\Project_Ken\\Merger\\Merger\\point2.shx|layername=point2", "Points": null }, "geometry": { "type": "Point", "coordinates": [ -1.979828359752312, 7.780833131114274 ] } },
{ "type": "Feature", "properties": { "fid": 231.0, "CropType": "gaeg", "Photo1": "DCIM/JPEG_20201219102512474.jpg", "Photo2": "DCIM/JPEG_20201219102530072.jpg", "Photo3": "DCIM/JPEG_20201219102545670.jpg", "Photo4": "DCIM/JPEG_20201219102559256.jpg", "Irrigation": "TRUE", "District": "TECH", "Region": "BoEa", "Zone": "tran", "Date": "2020-12-19", "Technician": "KEAI", "layer": "point2", "path": "C:\\Users\\kobina\\Desktop\\Project_Ken\\Merger\\Merger\\point2.shx|layername=point2", "Points": null }, "geometry": { "type": "Point", "coordinates": [ -1.979828359752312, 7.780833131114274 ] } },
{ "type": "Feature", "properties": { "fid": 232.0, "CropType": "maiz", "Photo1": "DCIM/JPEG_20201219103149469.jpg", "Photo2": "DCIM/JPEG_20201219103202758.jpg", "Photo3": "DCIM/JPEG_20201219103215468.jpg", "Photo4": "DCIM/JPEG_20201219103226740.jpg", "Irrigation": "FALSE", "District": "TECH", "Region": "BoEa", "Zone": "tran", "Date": "2020-12-19", "Technician": "KEAI", "layer": "point2", "path": "C:\\Users\\kobina\\Desktop\\Project_Ken\\Merger\\Merger\\point2.shx|layername=point2", "Points": null }, "geometry": { "type": "Point", "coordinates": [ -1.979443359752312, 7.781404797780941 ] } },
{ "type": "Feature", "properties": { "fid": 233.0, "CropType": "cass", "Photo1": "DCIM/JPEG_20201219103433242.jpg", "Photo2": "DCIM/JPEG_20201219103447281.jpg", "Photo3": "DCIM/JPEG_20201219103456399.jpg", "Photo4": "DCIM/JPEG_20201219103506614.jpg", "Irrigation": "FALSE", "District": "TECH", "Region": "BoEa", "Zone": "tran", "Date": "2020-12-19", "Technician": "KEAI", "layer": "point2", "path": "C:\\Users\\kobina\\Desktop\\Project_Ken\\Merger\\Merger\\point2.shx|layername=point2", "Points": null }, "geometry": { "type": "Point", "coordinates": [ -1.979660026418979, 7.781328131114274 ] } },
{ "type": "Feature", "properties": { "fid": 234.0, "CropType": "cass", "Photo1": "DCIM/JPEG_20201219104216702.jpg", "Photo2": "DCIM/JPEG_20201219104229271.jpg", "Photo3": "DCIM/JPEG_20201219104240691.jpg", "Photo4": "DCIM/JPEG_20201219104254758.jpg", "Irrigation": "FALSE", "District": "TECH", "Region": "BoEa", "Zone": "tran", "Date": "2020-12-19", "Technician": "KEAI", "layer": "point2", "path": "C:\\Users\\kobina\\Desktop\\Project_Ken\\Merger\\Merger\\point2.shx|layername=point2", "Points": null }, "geometry": { "type": "Point", "coordinates": [ -1.977805026418979, 7.780289797780941 ] } },
{ "type": "Feature", "properties": { "fid": 235.0, "CropType": "cash", "Photo1": "DCIM/JPEG_20201219105416754.jpg", "Photo2": "DCIM/JPEG_20201219105448646.jpg", "Photo3": "DCIM/JPEG_20201219105506240.jpg", "Photo4": "DCIM/JPEG_20201219105527539.jpg", "Irrigation": "FALSE", "District": "TECH", "Region": "BoEa", "Zone": "tran", "Date": "2020-12-19", "Technician": "KEAI", "layer": "point2", "path": "C:\\Users\\kobina\\Desktop\\Project_Ken\\Merger\\Merger\\point2.shx|layername=point2", "Points": null }, "geometry": { "type": "Point", "coordinates": [ -1.991998074368353, 7.737891569960397 ] } },
{ "type": "Feature", "properties": { "fid": 236.0, "CropType": "cass", "Photo1": "DCIM/JPEG_20201219112830809.jpg", "Photo2": "DCIM/JPEG_20201219112848671.jpg", "Photo3": "DCIM/JPEG_20201219112859480.jpg", "Photo4": "DCIM/JPEG_20201219112915542.jpg", "Irrigation": "FALSE", "District": "TECH", "Region": "BoEa", "Zone": "tran", "Date": "2020-12-19", "Technician": "KEAI", "layer": "point2", "path": "C:\\Users\\kobina\\Desktop\\Project_Ken\\Merger\\Merger\\point2.shx|layername=point2", "Points": null }, "geometry": { "type": "Point", "coordinates": [ -1.979362380686692, 7.779133802370562 ] } },
{ "type": "Feature", "properties": { "fid": 237.0, "CropType": "gaeg", "Photo1": "DCIM/JPEG_20201219113255745.jpg", "Photo2": "DCIM/JPEG_20201219113309186.jpg", "Photo3": "DCIM/JPEG_20201219113321900.jpg", "Photo4": "DCIM/JPEG_20201219113335636.jpg", "Irrigation": "TRUE", "District": "TECH", "Region": "BoEa", "Zone": "tran", "Date": "2020-12-19", "Technician": "KEAI", "layer": "point2", "path": "C:\\Users\\kobina\\Desktop\\Project_Ken\\Merger\\Merger\\point2.shx|layername=point2", "Points": null }, "geometry": { "type": "Point", "coordinates": [ -1.980367380686692, 7.778862135703895 ] } },
{ "type": "Feature", "properties": { "fid": 238.0, "CropType": "gaeg", "Photo1": "DCIM/JPEG_20201219113703911.jpg", "Photo2": "DCIM/JPEG_20201219113717756.jpg", "Photo3": "DCIM/JPEG_20201219113728430.jpg", "Photo4": "DCIM/JPEG_20201219113743614.jpg", "Irrigation": "TRUE", "District": "TECH", "Region": "BoEa", "Zone": "tran", "Date": "2020-12-19", "Technician": "KEAI", "layer": "point2", "path": "C:\\Users\\kobina\\Desktop\\Project_Ken\\Merger\\Merger\\point2.shx|layername=point2", "Points": null }, "geometry": { "type": "Point", "coordinates": [ -1.980219047353359, 7.778515469037228 ] } },
{ "type": "Feature", "properties": { "fid": 343.0, "CropType": "maiz", "Photo1": "DCIM/JPEG_20201219114652171.jpg", "Photo2": "DCIM/JPEG_20201219114705391.jpg", "Photo3": "DCIM/JPEG_20201219114723552.jpg", "Photo4": "DCIM/JPEG_20201219114736077.jpg", "Irrigation": "FALSE", "District": "TECH", "Region": "BoEa", "Zone": "tran", "Date": "2020-12-19", "Technician": "KEAI", "layer": "point2", "path": "C:\\Users\\kobina\\Desktop\\Project_Ken\\Merger\\Merger\\point2.shx|layername=point2", "Points": null }, "geometry": { "type": "Point", "coordinates": [ -1.978559047353359, 7.778790469037227 ] } },
{ "type": "Feature", "properties": { "fid": 344.0, "CropType": "cass", "Photo1": "DCIM/JPEG_20201219114944171.jpg", "Photo2": "DCIM/JPEG_20201219115001164.jpg", "Photo3": "DCIM/JPEG_20201219115018294.jpg", "Photo4": "DCIM/JPEG_20201219115040340.jpg", "Irrigation": "FALSE", "District": "TECH", "Region": "BoEa", "Zone": "tran", "Date": "2020-12-19", "Technician": "KEAI", "layer": "point2", "path": "C:\\Users\\kobina\\Desktop\\Project_Ken\\Merger\\Merger\\point2.shx|layername=point2", "Points": null }, "geometry": { "type": "Point", "coordinates": [ -1.978489047353359, 7.778872135703893 ] } },
{ "type": "Feature", "properties": { "fid": 345.0, "CropType": "cass", "Photo1": "DCIM/JPEG_20201219115637392.jpg", "Photo2": "DCIM/JPEG_20201219115653225.jpg", "Photo3": "DCIM/JPEG_20201219115703526.jpg", "Photo4": "DCIM/JPEG_20201219115713611.jpg", "Irrigation": "FALSE", "District": "TECH", "Region": "BoEa", "Zone": "tran", "Date": "2020-12-19", "Technician": "KEAI", "layer": "point2", "path": "C:\\Users\\kobina\\Desktop\\Project_Ken\\Merger\\Merger\\point2.shx|layername=point2", "Points": null }, "geometry": { "type": "Point", "coordinates": [ -1.976810994406054, 7.782858934738824 ] } },
{ "type": "Feature", "properties": { "fid": 346.0, "CropType": "toma", "Photo1": "DCIM/JPEG_20201219120205448.jpg", "Photo2": "DCIM/JPEG_20201219120223168.jpg", "Photo3": "DCIM/JPEG_20201219120234322.jpg", "Photo4": "DCIM/JPEG_20201219120247092.jpg", "Irrigation": "TRUE", "District": "TECH", "Region": "BoEa", "Zone": "tran", "Date": "2020-12-19", "Technician": "KEAI", "layer": "point2", "path": "C:\\Users\\kobina\\Desktop\\Project_Ken\\Merger\\Merger\\point2.shx|layername=point2", "Points": null }, "geometry": { "type": "Point", "coordinates": [ -1.979400714020026, 7.776937135703895 ] } },
{ "type": "Feature", "properties": { "fid": 347.0, "CropType": "cash", "Photo1": "DCIM/JPEG_20201219120600205.jpg", "Photo2": "DCIM/JPEG_20201219120619110.jpg", "Photo3": "DCIM/JPEG_20201219120632296.jpg", "Photo4": "DCIM/JPEG_20201219120646030.jpg", "Irrigation": "FALSE", "District": "TECH", "Region": "BoEa", "Zone": "tran", "Date": "2020-12-19", "Technician": "KEAI", "layer": "point2", "path": "C:\\Users\\kobina\\Desktop\\Project_Ken\\Merger\\Merger\\point2.shx|layername=point2", "Points": null }, "geometry": { "type": "Point", "coordinates": [ -1.979009047353359, 7.776943802370562 ] } },
{ "type": "Feature", "properties": { "fid": 348.0, "CropType": "cass", "Photo1": "DCIM/JPEG_20201219121149339.jpg", "Photo2": "DCIM/JPEG_20201219121203760.jpg", "Photo3": "DCIM/JPEG_20201219121218228.jpg", "Photo4": "DCIM/JPEG_20201219121228401.jpg", "Irrigation": "FALSE", "District": "TECH", "Region": "BoEa", "Zone": "tran", "Date": "2020-12-19", "Technician": "KEAI", "layer": "point2", "path": "C:\\Users\\kobina\\Desktop\\Project_Ken\\Merger\\Merger\\point2.shx|layername=point2", "Points": null }, "geometry": { "type": "Point", "coordinates": [ -1.978895714020025, 7.775167135703893 ] } },
{ "type": "Feature", "properties": { "fid": 349.0, "CropType": "gaeg", "Photo1": "DCIM/JPEG_20201219121724641.jpg", "Photo2": "DCIM/JPEG_20201219121740873.jpg", "Photo3": "DCIM/JPEG_20201219121757850.jpg", "Photo4": "DCIM/JPEG_20201219121811432.jpg", "Irrigation": "TRUE", "District": "TECH", "Region": "BoEa", "Zone": "tran", "Date": "2020-12-19", "Technician": "KEAI", "layer": "point2", "path": "C:\\Users\\kobina\\Desktop\\Project_Ken\\Merger\\Merger\\point2.shx|layername=point2", "Points": null }, "geometry": { "type": "Point", "coordinates": [ -1.978874047353359, 7.774087135703893 ] } },
{ "type": "Feature", "properties": { "fid": 350.0, "CropType": "yams", "Photo1": "DCIM/JPEG_20201219123010663.jpg", "Photo2": "DCIM/JPEG_20201219123122768.jpg", "Photo3": "DCIM/JPEG_20201219123143069.jpg", "Photo4": "DCIM/JPEG_20201219123327376.jpg", "Irrigation": "FALSE", "District": "TECH", "Region": "BoEa", "Zone": "tran", "Date": "2020-12-19", "Technician": "KEAI", "layer": "point2", "path": "C:\\Users\\kobina\\Desktop\\Project_Ken\\Merger\\Merger\\point2.shx|layername=point2", "Points": null }, "geometry": { "type": "Point", "coordinates": [ -1.97929746117052, 7.774084877335663 ] } },
{ "type": "Feature", "properties": { "fid": 247.0, "CropType": "maiz", "Photo1": "DCIM/JPEG_20201220103026961.jpg", "Photo2": "DCIM/JPEG_20201220103040431.jpg", "Photo3": "DCIM/JPEG_20201220103049748.jpg", "Photo4": "DCIM/JPEG_20201220103104209.jpg", "Irrigation": "FALSE", "District": "TECH", "Region": "BoEa", "Zone": "tran", "Date": "2020-12-20", "Technician": "KEAI", "layer": "point2", "path": "C:\\Users\\kobina\\Desktop\\Project_Ken\\Merger\\Merger\\point2.shx|layername=point2", "Points": null }, "geometry": { "type": "Point", "coordinates": [ -1.982202205968335, 7.793651241601571 ] } },
{ "type": "Feature", "properties": { "fid": 248.0, "CropType": "cash", "Photo1": "DCIM/JPEG_20201220103521874.jpg", "Photo2": "DCIM/JPEG_20201220103535031.jpg", "Photo3": "DCIM/JPEG_20201220103548350.jpg", "Photo4": "DCIM/JPEG_20201220103559591.jpg", "Irrigation": "FALSE", "District": "TECH", "Region": "BoEa", "Zone": "tran", "Date": "2020-12-20", "Technician": "KEAI", "layer": "point2", "path": "C:\\Users\\kobina\\Desktop\\Project_Ken\\Merger\\Merger\\point2.shx|layername=point2", "Points": null }, "geometry": { "type": "Point", "coordinates": [ -1.982590539301668, 7.793964574934907 ] } },
{ "type": "Feature", "properties": { "fid": 249.0, "CropType": "maiz", "Photo1": "DCIM/JPEG_20201220104130421.jpg", "Photo2": "DCIM/JPEG_20201220104148329.jpg", "Photo3": "DCIM/JPEG_20201220104159498.jpg", "Photo4": "DCIM/JPEG_20201220104211964.jpg", "Irrigation": "FALSE", "District": "TECH", "Region": "BoEa", "Zone": "tran", "Date": "2020-12-20", "Technician": "KEAI", "layer": "point2", "path": "C:\\Users\\kobina\\Desktop\\Project_Ken\\Merger\\Merger\\point2.shx|layername=point2", "Points": null }, "geometry": { "type": "Point", "coordinates": [ -1.985463872635002, 7.794804574934906 ] } },
{ "type": "Feature", "properties": { "fid": 251.0, "CropType": "maiz", "Photo1": "DCIM/JPEG_20201220104441027.jpg", "Photo2": "DCIM/JPEG_20201220104455300.jpg", "Photo3": "DCIM/JPEG_20201220104504339.jpg", "Photo4": "DCIM/JPEG_20201220104516122.jpg", "Irrigation": "FALSE", "District": "TECH", "Region": "BoEa", "Zone": "tran", "Date": "2020-12-20", "Technician": "KEAI", "layer": "point2", "path": "C:\\Users\\kobina\\Desktop\\Project_Ken\\Merger\\Merger\\point2.shx|layername=point2", "Points": null }, "geometry": { "type": "Point", "coordinates": [ -1.985850539301669, 7.794692908268239 ] } },
{ "type": "Feature", "properties": { "fid": 339.0, "CropType": "cass", "Photo1": "DCIM/JPEG_20201220105007059.jpg", "Photo2": "DCIM/JPEG_20201220105019323.jpg", "Photo3": "DCIM/JPEG_20201220105028773.jpg", "Photo4": "DCIM/JPEG_20201220105043068.jpg", "Irrigation": "FALSE", "District": "TECH", "Region": "BoEa", "Zone": "tran", "Date": "2020-12-20", "Technician": "KEAI", "layer": "point2", "path": "C:\\Users\\kobina\\Desktop\\Project_Ken\\Merger\\Merger\\point2.shx|layername=point2", "Points": null }, "geometry": { "type": "Point", "coordinates": [ -1.986829098108001, 7.795061326614591 ] } },
{ "type": "Feature", "properties": { "fid": 340.0, "CropType": "gaeg", "Photo1": "DCIM/JPEG_20201220110334872.jpg", "Photo2": "DCIM/JPEG_20201220110348484.jpg", "Photo3": "DCIM/JPEG_20201220110400514.jpg", "Photo4": "DCIM/JPEG_20201220110411213.jpg", "Irrigation": "TRUE", "District": "TECH", "Region": "BoEa", "Zone": "tran", "Date": "2020-12-20", "Technician": "KEAI", "layer": "point2", "path": "C:\\Users\\kobina\\Desktop\\Project_Ken\\Merger\\Merger\\point2.shx|layername=point2", "Points": null }, "geometry": { "type": "Point", "coordinates": [ -1.987155454605457, 7.795216620502245 ] } },
{ "type": "Feature", "properties": { "fid": 341.0, "CropType": "cass", "Photo1": "DCIM/JPEG_20201220110808372.jpg", "Photo2": "DCIM/JPEG_20201220110819286.jpg", "Photo3": "DCIM/JPEG_20201220110833374.jpg", "Photo4": "DCIM/JPEG_20201220110845642.jpg", "Irrigation": "FALSE", "District": "TECH", "Region": "BoEa", "Zone": "tran", "Date": "2020-12-20", "Technician": "KEAI", "layer": "point2", "path": "C:\\Users\\kobina\\Desktop\\Project_Ken\\Merger\\Merger\\point2.shx|layername=point2", "Points": null }, "geometry": { "type": "Point", "coordinates": [ -1.987412121272124, 7.795091620502246 ] } },
{ "type": "Feature", "properties": { "fid": 342.0, "CropType": "gaeg", "Photo1": "DCIM/JPEG_20201220111310828.jpg", "Photo2": "DCIM/JPEG_20201220111324589.jpg", "Photo3": "DCIM/JPEG_20201220111336555.jpg", "Photo4": "DCIM/JPEG_20201220111347958.jpg", "Irrigation": "TRUE", "District": "TECH", "Region": "BoEa", "Zone": "tran", "Date": "2020-12-20", "Technician": "KEAI", "layer": "point2", "path": "C:\\Users\\kobina\\Desktop\\Project_Ken\\Merger\\Merger\\point2.shx|layername=point2", "Points": null }, "geometry": { "type": "Point", "coordinates": [ -1.988372121272124, 7.795156620502247 ] } },
{ "type": "Feature", "properties": { "fid": 359.0, "CropType": "maiz", "Photo1": "DCIM/JPEG_20201220111845882.jpg", "Photo2": "DCIM/JPEG_20201220111857413.jpg", "Photo3": "DCIM/JPEG_20201220111907283.jpg", "Photo4": "DCIM/JPEG_20201220111918164.jpg", "Irrigation": "FALSE", "District": "TECH", "Region": "BoEa", "Zone": "tran", "Date": "2020-12-20", "Technician": "KEAI", "layer": "point2", "path": "C:\\Users\\kobina\\Desktop\\Project_Ken\\Merger\\Merger\\point2.shx|layername=point2", "Points": null }, "geometry": { "type": "Point", "coordinates": [ -1.987913843923522, 7.794935600341363 ] } },
{ "type": "Feature", "properties": { "fid": 360.0, "CropType": "pepp", "Photo1": "DCIM/JPEG_20201220112414374.jpg", "Photo2": "DCIM/JPEG_20201220112432427.jpg", "Photo3": "DCIM/JPEG_20201220112441902.jpg", "Photo4": "DCIM/JPEG_20201220112451769.jpg", "Irrigation": "TRUE", "District": "TECH", "Region": "BoEa", "Zone": "tran", "Date": "2020-12-20", "Technician": "KEAI", "layer": "point2", "path": "C:\\Users\\kobina\\Desktop\\Project_Ken\\Merger\\Merger\\point2.shx|layername=point2", "Points": null }, "geometry": { "type": "Point", "coordinates": [ -1.988695510590189, 7.794463933674697 ] } },
{ "type": "Feature", "properties": { "fid": 361.0, "CropType": "pepp", "Photo1": "DCIM/JPEG_20201220112943294.jpg", "Photo2": "DCIM/JPEG_20201220112955469.jpg", "Photo3": "DCIM/JPEG_20201220113004679.jpg", "Photo4": "DCIM/JPEG_20201220113022038.jpg", "Irrigation": "TRUE", "District": "TECH", "Region": "BoEa", "Zone": "tran", "Date": "2020-12-20", "Technician": "KEAI", "layer": "point2", "path": "C:\\Users\\kobina\\Desktop\\Project_Ken\\Merger\\Merger\\point2.shx|layername=point2", "Points": null }, "geometry": { "type": "Point", "coordinates": [ -1.989143843923522, 7.795428933674696 ] } },
{ "type": "Feature", "properties": { "fid": 363.0, "CropType": "cabb", "Photo1": "DCIM/JPEG_20201220113425468.jpg", "Photo2": "DCIM/JPEG_20201220113443419.jpg", "Photo3": "DCIM/JPEG_20201220113455962.jpg", "Photo4": "DCIM/JPEG_20201220113507515.jpg", "Irrigation": "TRUE", "District": "TECH", "Region": "BoEa", "Zone": "tran", "Date": "2020-12-20", "Technician": "KEAI", "layer": "point2", "path": "C:\\Users\\kobina\\Desktop\\Project_Ken\\Merger\\Merger\\point2.shx|layername=point2", "Points": null }, "geometry": { "type": "Point", "coordinates": [ -1.989213843923523, 7.794955600341361 ] } },
{ "type": "Feature", "properties": { "fid": 364.0, "CropType": "plnt", "Photo1": "DCIM/JPEG_20201220113840999.jpg", "Photo2": "DCIM/JPEG_20201220113854930.jpg", "Photo3": "DCIM/JPEG_20201220113904024.jpg", "Photo4": "DCIM/JPEG_20201220113916751.jpg", "Irrigation": "FALSE", "District": "TECH", "Region": "BoEa", "Zone": "tran", "Date": "2020-12-20", "Technician": "KEAI", "layer": "point2", "path": "C:\\Users\\kobina\\Desktop\\Project_Ken\\Merger\\Merger\\point2.shx|layername=point2", "Points": null }, "geometry": { "type": "Point", "coordinates": [ -1.989213843923523, 7.794955600341361 ] } },
{ "type": "Feature", "properties": { "fid": 365.0, "CropType": "yams", "Photo1": "DCIM/JPEG_20201220114257460.jpg", "Photo2": "DCIM/JPEG_20201220114319629.jpg", "Photo3": "DCIM/JPEG_20201220114333962.jpg", "Photo4": "DCIM/JPEG_20201220114351042.jpg", "Irrigation": "FALSE", "District": "TECH", "Region": "BoEa", "Zone": "tran", "Date": "2020-12-20", "Technician": "KEAI", "layer": "point2", "path": "C:\\Users\\kobina\\Desktop\\Project_Ken\\Merger\\Merger\\point2.shx|layername=point2", "Points": null }, "geometry": { "type": "Point", "coordinates": [ -1.986870510590189, 7.795512267008029 ] } },
{ "type": "Feature", "properties": { "fid": 366.0, "CropType": "cowp", "Photo1": "DCIM/JPEG_20201220114746869.jpg", "Photo2": "DCIM/JPEG_20201220114810080.jpg", "Photo3": "DCIM/JPEG_20201220114822816.jpg", "Photo4": "DCIM/JPEG_20201220114842447.jpg", "Irrigation": "TRUE", "District": "TECH", "Region": "BoEa", "Zone": "tran", "Date": "2020-12-20", "Technician": "KEAI", "layer": "point2", "path": "C:\\Users\\kobina\\Desktop\\Project_Ken\\Merger\\Merger\\point2.shx|layername=point2", "Points": null }, "geometry": { "type": "Point", "coordinates": [ -1.987863843923522, 7.79620726700803 ] } },
{ "type": "Feature", "properties": { "fid": 351.0, "CropType": "maiz", "Photo1": "DCIM/JPEG_20201220115039562.jpg", "Photo2": "DCIM/JPEG_20201220115051132.jpg", "Photo3": "DCIM/JPEG_20201220115100800.jpg", "Photo4": "DCIM/JPEG_20201220115119783.jpg", "Irrigation": "FALSE", "District": "TECH", "Region": "BoEa", "Zone": "tran", "Date": "2020-12-20", "Technician": "KEAI", "layer": "point2", "path": "C:\\Users\\kobina\\Desktop\\Project_Ken\\Merger\\Merger\\point2.shx|layername=point2", "Points": null }, "geometry": { "type": "Point", "coordinates": [ -1.988158843923522, 7.796338933674694 ] } },
{ "type": "Feature", "properties": { "fid": 352.0, "CropType": "plnt", "Photo1": "DCIM/JPEG_20201220115504721.jpg", "Photo2": "DCIM/JPEG_20201220115525337.jpg", "Photo3": "DCIM/JPEG_20201220115535124.jpg", "Photo4": "DCIM/JPEG_20201220115551600.jpg", "Irrigation": "FALSE", "District": "TECH", "Region": "BoEa", "Zone": "tran", "Date": "2020-12-20", "Technician": "KEAI", "layer": "point2", "path": "C:\\Users\\kobina\\Desktop\\Project_Ken\\Merger\\Merger\\point2.shx|layername=point2", "Points": null }, "geometry": { "type": "Point", "coordinates": [ -1.988298843923523, 7.796673933674696 ] } },
{ "type": "Feature", "properties": { "fid": 353.0, "CropType": "maiz", "Photo1": "DCIM/JPEG_20201220120013879.jpg", "Photo2": "DCIM/JPEG_20201220120026907.jpg", "Photo3": "DCIM/JPEG_20201220120036299.jpg", "Photo4": "DCIM/JPEG_20201220120046722.jpg", "Irrigation": "FALSE", "District": "TECH", "Region": "BoEa", "Zone": "tran", "Date": "2020-12-20", "Technician": "KEAI", "layer": "point2", "path": "C:\\Users\\kobina\\Desktop\\Project_Ken\\Merger\\Merger\\point2.shx|layername=point2", "Points": null }, "geometry": { "type": "Point", "coordinates": [ -1.987642177256856, 7.796310600341363 ] } },
{ "type": "Feature", "properties": { "fid": 354.0, "CropType": "cowp", "Photo1": "DCIM/JPEG_20201220120635419.jpg", "Photo2": "DCIM/JPEG_20201220120701802.jpg", "Photo3": "DCIM/JPEG_20201220120719968.jpg", "Photo4": "DCIM/JPEG_20201220120737386.jpg", "Irrigation": "FALSE", "District": "TECH", "Region": "BoEa", "Zone": "tran", "Date": "2020-12-20", "Technician": "KEAI", "layer": "point2", "path": "C:\\Users\\kobina\\Desktop\\Project_Ken\\Merger\\Merger\\point2.shx|layername=point2", "Points": null }, "geometry": { "type": "Point", "coordinates": [ -1.98794200408372, 7.797759284829323 ] } },
{ "type": "Feature", "properties": { "fid": 355.0, "CropType": "gaeg", "Photo1": "DCIM/JPEG_20201220121401838.jpg", "Photo2": "DCIM/JPEG_20201220121432522.jpg", "Photo3": "DCIM/JPEG_20201220121447175.jpg", "Photo4": "DCIM/JPEG_20201220121457857.jpg", "Irrigation": "TRUE", "District": "TECH", "Region": "BoEa", "Zone": "tran", "Date": "2020-12-20", "Technician": "KEAI", "layer": "point2", "path": "C:\\Users\\kobina\\Desktop\\Project_Ken\\Merger\\Merger\\point2.shx|layername=point2", "Points": null }, "geometry": { "type": "Point", "coordinates": [ -1.991570337417053, 7.799902618162656 ] } },
{ "type": "Feature", "properties": { "fid": 356.0, "CropType": "maiz", "Photo1": "DCIM/JPEG_20201220121815848.jpg", "Photo2": "DCIM/JPEG_20201220121836816.jpg", "Photo3": "DCIM/JPEG_20201220121848288.jpg", "Photo4": "DCIM/JPEG_20201220121858727.jpg", "Irrigation": "FALSE", "District": "TECH", "Region": "BoEa", "Zone": "tran", "Date": "2020-12-20", "Technician": "KEAI", "layer": "point2", "path": "C:\\Users\\kobina\\Desktop\\Project_Ken\\Merger\\Merger\\point2.shx|layername=point2", "Points": null }, "geometry": { "type": "Point", "coordinates": [ -1.991283670750387, 7.800022618162656 ] } },
{ "type": "Feature", "properties": { "fid": 357.0, "CropType": "gaeg", "Photo1": "DCIM/JPEG_20201220122115787.jpg", "Photo2": "DCIM/JPEG_20201220122128626.jpg", "Photo3": "DCIM/JPEG_20201220122138312.jpg", "Photo4": "DCIM/JPEG_20201220122147885.jpg", "Irrigation": "TRUE", "District": "TECH", "Region": "BoEa", "Zone": "tran", "Date": "2020-12-20", "Technician": "KEAI", "layer": "point2", "path": "C:\\Users\\kobina\\Desktop\\Project_Ken\\Merger\\Merger\\point2.shx|layername=point2", "Points": null }, "geometry": { "type": "Point", "coordinates": [ -1.991283670750387, 7.800022618162656 ] } },
{ "type": "Feature", "properties": { "fid": 358.0, "CropType": "cabb", "Photo1": "DCIM/JPEG_20201220122530030.jpg", "Photo2": "DCIM/JPEG_20201220122543601.jpg", "Photo3": "DCIM/JPEG_20201220122602039.jpg", "Photo4": "DCIM/JPEG_20201220122626492.jpg", "Irrigation": "TRUE", "District": "TECH", "Region": "BoEa", "Zone": "tran", "Date": "2020-12-20", "Technician": "KEAI", "layer": "point2", "path": "C:\\Users\\kobina\\Desktop\\Project_Ken\\Merger\\Merger\\point2.shx|layername=point2", "Points": null }, "geometry": { "type": "Point", "coordinates": [ -1.991720337417054, 7.79876595149599 ] } },
{ "type": "Feature", "properties": { "fid": 161.0, "CropType": "pepp", "Photo1": "DCIM/JPEG_20201220123420997.jpg", "Photo2": "DCIM/JPEG_20201220123435524.jpg", "Photo3": "DCIM/JPEG_20201220123450804.jpg", "Photo4": "DCIM/JPEG_20201220123501586.jpg", "Irrigation": "TRUE", "District": "TECH", "Region": "BoEa", "Zone": "tran", "Date": "2020-12-20", "Technician": "KEAI", "layer": "point2", "path": "C:\\Users\\kobina\\Desktop\\Project_Ken\\Merger\\Merger\\point2.shx|layername=point2", "Points": null }, "geometry": { "type": "Point", "coordinates": [ -1.99317968372508, 7.800011123798681 ] } },
{ "type": "Feature", "properties": { "fid": 163.0, "CropType": "cabb", "Photo1": "DCIM/JPEG_20201220124447190.jpg", "Photo2": "DCIM/JPEG_20201220124507600.jpg", "Photo3": "DCIM/JPEG_20201220124524667.jpg", "Photo4": "DCIM/JPEG_20201220124538141.jpg", "Irrigation": "TRUE", "District": "TECH", "Region": "BoEa", "Zone": "tran", "Date": "2020-12-20", "Technician": "KEAI", "layer": "point2", "path": "C:\\Users\\kobina\\Desktop\\Project_Ken\\Merger\\Merger\\point2.shx|layername=point2", "Points": null }, "geometry": { "type": "Point", "coordinates": [ -1.99317968372508, 7.800011123798681 ] } },
{ "type": "Feature", "properties": { "fid": 164.0, "CropType": "gaeg", "Photo1": "DCIM/JPEG_20201220125135402.jpg", "Photo2": "DCIM/JPEG_20201220125146601.jpg", "Photo3": "DCIM/JPEG_20201220125156542.jpg", "Photo4": "DCIM/JPEG_20201220125211961.jpg", "Irrigation": "TRUE", "District": "TECH", "Region": "BoEa", "Zone": "tran", "Date": "2020-12-20", "Technician": "KEAI", "layer": "point2", "path": "C:\\Users\\kobina\\Desktop\\Project_Ken\\Merger\\Merger\\point2.shx|layername=point2", "Points": null }, "geometry": { "type": "Point", "coordinates": [ -1.993331350391747, 7.801196123798682 ] } },
{ "type": "Feature", "properties": { "fid": 165.0, "CropType": "pepp", "Photo1": "DCIM/JPEG_20201220130143538.jpg", "Photo2": "DCIM/JPEG_20201220130159973.jpg", "Photo3": "DCIM/JPEG_20201220130211204.jpg", "Photo4": "DCIM/JPEG_20201220130221113.jpg", "Irrigation": "TRUE", "District": "TECH", "Region": "BoEa", "Zone": "tran", "Date": "2020-12-20", "Technician": "KEAI", "layer": "point2", "path": "C:\\Users\\kobina\\Desktop\\Project_Ken\\Merger\\Merger\\point2.shx|layername=point2", "Points": null }, "geometry": { "type": "Point", "coordinates": [ -1.993331350391747, 7.801196123798682 ] } },
{ "type": "Feature", "properties": { "fid": 166.0, "CropType": "cass", "Photo1": "DCIM/JPEG_20201213101114163.jpg", "Photo2": "DCIM/JPEG_20201213101144874.jpg", "Photo3": "DCIM/JPEG_20201213101208257.jpg", "Photo4": "DCIM/JPEG_20201213101234090.jpg", "Irrigation": "FALSE", "District": "TECH", "Region": "BoEa", "Zone": "tran", "Date": "2020-12-13", "Technician": "MAAD", "layer": "point3", "path": "C:\\Users\\kobina\\Desktop\\Project_Ken\\Merger\\Merger\\point3.shx|layername=point3", "Points": null }, "geometry": { "type": "Point", "coordinates": [ -2.028401516666667, 7.622111116666668 ] } },
{ "type": "Feature", "properties": { "fid": 167.0, "CropType": "cash", "Photo1": "DCIM/JPEG_20201213102335934.jpg", "Photo2": "DCIM/JPEG_20201213102359327.jpg", "Photo3": "DCIM/JPEG_20201213102419672.jpg", "Photo4": "DCIM/JPEG_20201213102449588.jpg", "Irrigation": "FALSE", "District": "TECH", "Region": "BoEa", "Zone": "tran", "Date": "2020-12-13", "Technician": "MAAD", "layer": "point3", "path": "C:\\Users\\kobina\\Desktop\\Project_Ken\\Merger\\Merger\\point3.shx|layername=point3", "Points": null }, "geometry": { "type": "Point", "coordinates": [ -2.031160333333333, 7.623975683333333 ] } },
{ "type": "Feature", "properties": { "fid": 168.0, "CropType": "cash", "Photo1": "DCIM/JPEG_20201213103212392.jpg", "Photo2": "DCIM/JPEG_20201213103245830.jpg", "Photo3": "DCIM/JPEG_20201213103309340.jpg", "Photo4": "DCIM/JPEG_20201213103333479.jpg", "Irrigation": "FALSE", "District": "TECH", "Region": "BoEa", "Zone": "tran", "Date": "2020-12-13", "Technician": "MAAD", "layer": "point3", "path": "C:\\Users\\kobina\\Desktop\\Project_Ken\\Merger\\Merger\\point3.shx|layername=point3", "Points": null }, "geometry": { "type": "Point", "coordinates": [ -2.030551683333333, 7.624263983333334 ] } },
{ "type": "Feature", "properties": { "fid": 153.0, "CropType": "cash", "Photo1": "DCIM/JPEG_20201213110221233.jpg", "Photo2": "DCIM/JPEG_20201213110240405.jpg", "Photo3": "DCIM/JPEG_20201213110330225.jpg", "Photo4": "DCIM/JPEG_20201213110356691.jpg", "Irrigation": "FALSE", "District": "TECH", "Region": "BoEa", "Zone": "tran", "Date": "2020-12-13", "Technician": "MAAD", "layer": "point3", "path": "C:\\Users\\kobina\\Desktop\\Project_Ken\\Merger\\Merger\\point3.shx|layername=point3", "Points": null }, "geometry": { "type": "Point", "coordinates": [ -2.035806533333334, 7.626793566666667 ] } },
{ "type": "Feature", "properties": { "fid": 154.0, "CropType": "yams", "Photo1": "DCIM/JPEG_20201216090315355.jpg", "Photo2": "DCIM/JPEG_20201216090334159.jpg", "Photo3": "DCIM/JPEG_20201216090349810.jpg", "Photo4": "DCIM/JPEG_20201216090409775.jpg", "Irrigation": "FALSE", "District": "TECH", "Region": "BoEa", "Zone": "tran", "Date": "2020-12-16", "Technician": "MAAD", "layer": "point3", "path": "C:\\Users\\kobina\\Desktop\\Project_Ken\\Merger\\Merger\\point3.shx|layername=point3", "Points": null }, "geometry": { "type": "Point", "coordinates": [ -1.973916733333333, 7.5063012 ] } },
{ "type": "Feature", "properties": { "fid": 155.0, "CropType": "pepp", "Photo1": "DCIM/JPEG_20201218120514351.jpg", "Photo2": "DCIM/JPEG_20201218120534922.jpg", "Photo3": "DCIM/JPEG_20201218120544582.jpg", "Photo4": "DCIM/JPEG_20201218120553190.jpg", "Irrigation": "TRUE", "District": "TECH", "Region": "BoEa", "Zone": "tran", "Date": "2020-12-18", "Technician": "MAAD", "layer": "point3", "path": "C:\\Users\\kobina\\Desktop\\Project_Ken\\Merger\\Merger\\point3.shx|layername=point3", "Points": null }, "geometry": { "type": "Point", "coordinates": [ -1.9696054, 7.439347683333334 ] } },
{ "type": "Feature", "properties": { "fid": 156.0, "CropType": "pepp", "Photo1": "DCIM/JPEG_20201216095957884.jpg", "Photo2": "DCIM/JPEG_20201216100015730.jpg", "Photo3": "DCIM/JPEG_20201216100028943.jpg", "Photo4": "DCIM/JPEG_20201216100103299.jpg", "Irrigation": "TRUE", "District": "TECH", "Region": "BoEa", "Zone": "tran", "Date": "2020-12-16", "Technician": "MAAD", "layer": "point3", "path": "C:\\Users\\kobina\\Desktop\\Project_Ken\\Merger\\Merger\\point3.shx|layername=point3", "Points": null }, "geometry": { "type": "Point", "coordinates": [ -1.9702622, 7.51388715 ] } },
{ "type": "Feature", "properties": { "fid": 157.0, "CropType": "yams", "Photo1": "DCIM/JPEG_20201216111046998.jpg", "Photo2": "DCIM/JPEG_20201216111104737.jpg", "Photo3": "DCIM/JPEG_20201216111130341.jpg", "Photo4": "DCIM/JPEG_20201216111147312.jpg", "Irrigation": "FALSE", "District": "TECH", "Region": "BoEa", "Zone": "tran", "Date": "2020-12-16", "Technician": "MAAD", "layer": "point3", "path": "C:\\Users\\kobina\\Desktop\\Project_Ken\\Merger\\Merger\\point3.shx|layername=point3", "Points": null }, "geometry": { "type": "Point", "coordinates": [ -1.953391633333333, 7.47997675 ] } },
{ "type": "Feature", "properties": { "fid": 158.0, "CropType": "cass", "Photo1": "DCIM/JPEG_20201215092800670.jpg", "Photo2": "DCIM/JPEG_20201215092821622.jpg", "Photo3": "DCIM/JPEG_20201215092844435.jpg", "Photo4": "DCIM/JPEG_20201215092908406.jpg", "Irrigation": "FALSE", "District": "TECH", "Region": "BoEa", "Zone": "tran", "Date": "2020-12-15", "Technician": "MAAD", "layer": "point3", "path": "C:\\Users\\kobina\\Desktop\\Project_Ken\\Merger\\Merger\\point3.shx|layername=point3", "Points": null }, "geometry": { "type": "Point", "coordinates": [ -2.0005867, 7.582909416666666 ] } },
{ "type": "Feature", "properties": { "fid": 159.0, "CropType": "cash", "Photo1": "DCIM/JPEG_20201213113259747.jpg", "Photo2": "DCIM/JPEG_20201213113323322.jpg", "Photo3": "DCIM/JPEG_20201213113418370.jpg", "Photo4": "DCIM/JPEG_20201213113521472.jpg", "Irrigation": "FALSE", "District": "TECH", "Region": "BoEa", "Zone": "tran", "Date": "2020-12-13", "Technician": "MAAD", "layer": "point3", "path": "C:\\Users\\kobina\\Desktop\\Project_Ken\\Merger\\Merger\\point3.shx|layername=point3", "Points": null }, "geometry": { "type": "Point", "coordinates": [ -2.03831415, 7.628215183333333 ] } },
{ "type": "Feature", "properties": { "fid": 160.0, "CropType": "cash", "Photo1": "DCIM/JPEG_20201213121509317.jpg", "Photo2": "DCIM/JPEG_20201213121534662.jpg", "Photo3": "DCIM/JPEG_20201213121554890.jpg", "Photo4": "DCIM/JPEG_20201213121625185.jpg", "Irrigation": "FALSE", "District": "TECH", "Region": "BoEa", "Zone": "tran", "Date": "2020-12-13", "Technician": "MAAD", "layer": "point3", "path": "C:\\Users\\kobina\\Desktop\\Project_Ken\\Merger\\Merger\\point3.shx|layername=point3", "Points": null }, "geometry": { "type": "Point", "coordinates": [ -2.032166233333333, 7.614999066666667 ] } },
{ "type": "Feature", "properties": { "fid": 177.0, "CropType": "coco", "Photo1": "DCIM/JPEG_20201213122738284.jpg", "Photo2": "DCIM/JPEG_20201213122819744.jpg", "Photo3": "DCIM/JPEG_20201213122843473.jpg", "Photo4": "DCIM/JPEG_20201213122903414.jpg", "Irrigation": "FALSE", "District": "TECH", "Region": "BoEa", "Zone": "tran", "Date": "2020-12-13", "Technician": "MAAD", "layer": "point3", "path": "C:\\Users\\kobina\\Desktop\\Project_Ken\\Merger\\Merger\\point3.shx|layername=point3", "Points": null }, "geometry": { "type": "Point", "coordinates": [ -2.033786233333333, 7.611262816666666 ] } },
{ "type": "Feature", "properties": { "fid": 178.0, "CropType": "plnt", "Photo1": "DCIM/JPEG_20201213124405532.jpg", "Photo2": "DCIM/JPEG_20201213124429127.jpg", "Photo3": "DCIM/JPEG_20201213124451815.jpg", "Photo4": "DCIM/JPEG_20201213124551356.jpg", "Irrigation": "FALSE", "District": "TECH", "Region": "BoEa", "Zone": "tran", "Date": "2020-12-13", "Technician": "MAAD", "layer": "point3", "path": "C:\\Users\\kobina\\Desktop\\Project_Ken\\Merger\\Merger\\point3.shx|layername=point3", "Points": null }, "geometry": { "type": "Point", "coordinates": [ -2.034212133333333, 7.608575883333331 ] } },
{ "type": "Feature", "properties": { "fid": 179.0, "CropType": "maiz", "Photo1": "DCIM/JPEG_20201213125443310.jpg", "Photo2": "DCIM/JPEG_20201213125455021.jpg", "Photo3": "DCIM/JPEG_20201213125507008.jpg", "Photo4": "DCIM/JPEG_20201213125522685.jpg", "Irrigation": "FALSE", "District": "TECH", "Region": "BoEa", "Zone": "tran", "Date": "2020-12-13", "Technician": "MAAD", "layer": "point3", "path": "C:\\Users\\kobina\\Desktop\\Project_Ken\\Merger\\Merger\\point3.shx|layername=point3", "Points": null }, "geometry": { "type": "Point", "coordinates": [ -2.0350008, 7.60783795 ] } },
{ "type": "Feature", "properties": { "fid": 180.0, "CropType": "coco", "Photo1": "DCIM/JPEG_20201213130150966.jpg", "Photo2": "DCIM/JPEG_20201213130232776.jpg", "Photo3": "DCIM/JPEG_20201213130255881.jpg", "Photo4": "DCIM/JPEG_20201213130338665.jpg", "Irrigation": "FALSE", "District": "TECH", "Region": "BoEa", "Zone": "tran", "Date": "2020-12-13", "Technician": "MAAD", "layer": "point3", "path": "C:\\Users\\kobina\\Desktop\\Project_Ken\\Merger\\Merger\\point3.shx|layername=point3", "Points": null }, "geometry": { "type": "Point", "coordinates": [ -2.034811183333333, 7.60684795 ] } },
{ "type": "Feature", "properties": { "fid": 181.0, "CropType": "cass", "Photo1": "DCIM/JPEG_20201213165016237.jpg", "Photo2": "DCIM/JPEG_20201213165036515.jpg", "Photo3": "DCIM/JPEG_20201213165051651.jpg", "Photo4": "DCIM/JPEG_20201213165113781.jpg", "Irrigation": "FALSE", "District": "TECH", "Region": "BoEa", "Zone": "tran", "Date": "2020-12-13", "Technician": "MAAD", "layer": "point3", "path": "C:\\Users\\kobina\\Desktop\\Project_Ken\\Merger\\Merger\\point3.shx|layername=point3", "Points": null }, "geometry": { "type": "Point", "coordinates": [ -1.850090633333333, 7.605865933333333 ] } },
{ "type": "Feature", "properties": { "fid": 182.0, "CropType": "plnt", "Photo1": "DCIM/JPEG_20201213165554509.jpg", "Photo2": "DCIM/JPEG_20201213165609747.jpg", "Photo3": "DCIM/JPEG_20201213165623340.jpg", "Photo4": "DCIM/JPEG_20201213165642105.jpg", "Irrigation": "FALSE", "District": "TECH", "Region": "BoEa", "Zone": "tran", "Date": "2020-12-13", "Technician": "MAAD", "layer": "point3", "path": "C:\\Users\\kobina\\Desktop\\Project_Ken\\Merger\\Merger\\point3.shx|layername=point3", "Points": null }, "geometry": { "type": "Point", "coordinates": [ -1.851331183333333, 7.606413116666666 ] } },
{ "type": "Feature", "properties": { "fid": 183.0, "CropType": "coco", "Photo1": "DCIM/JPEG_20201214105837454.jpg", "Photo2": "DCIM/JPEG_20201214105902667.jpg", "Photo3": "DCIM/JPEG_20201214105921547.jpg", "Photo4": "DCIM/JPEG_20201214105939096.jpg", "Irrigation": "FALSE", "District": "TECH", "Region": "BoEa", "Zone": "tran", "Date": "2020-12-14", "Technician": "MAAD", "layer": "point3", "path": "C:\\Users\\kobina\\Desktop\\Project_Ken\\Merger\\Merger\\point3.shx|layername=point3", "Points": null }, "geometry": { "type": "Point", "coordinates": [ -2.108340333333333, 7.494253683333332 ] } },
{ "type": "Feature", "properties": { "fid": 184.0, "CropType": "oran", "Photo1": "DCIM/JPEG_20201214110244992.jpg", "Photo2": "DCIM/JPEG_20201214110304156.jpg", "Photo3": "DCIM/JPEG_20201214110323272.jpg", "Photo4": "DCIM/JPEG_20201214110336409.jpg", "Irrigation": "FALSE", "District": "TECH", "Region": "BoEa", "Zone": "tran", "Date": "2020-12-14", "Technician": "MAAD", "layer": "point3", "path": "C:\\Users\\kobina\\Desktop\\Project_Ken\\Merger\\Merger\\point3.shx|layername=point3", "Points": null }, "geometry": { "type": "Point", "coordinates": [ -2.108540733333333, 7.493568383333334 ] } },
{ "type": "Feature", "properties": { "fid": 169.0, "CropType": "plnt", "Photo1": "DCIM/JPEG_20201214115455376.jpg", "Photo2": "DCIM/JPEG_20201214115511047.jpg", "Photo3": "DCIM/JPEG_20201214115525592.jpg", "Photo4": "DCIM/JPEG_20201214115540785.jpg", "Irrigation": "FALSE", "District": "TECH", "Region": "BoEa", "Zone": "tran", "Date": "2020-12-14", "Technician": "MAAD", "layer": "point3", "path": "C:\\Users\\kobina\\Desktop\\Project_Ken\\Merger\\Merger\\point3.shx|layername=point3", "Points": null }, "geometry": { "type": "Point", "coordinates": [ -2.088200683333334, 7.492532316666666 ] } },
{ "type": "Feature", "properties": { "fid": 170.0, "CropType": "coco", "Photo1": "DCIM/JPEG_20201214115834938.jpg", "Photo2": "DCIM/JPEG_20201214115850729.jpg", "Photo3": "DCIM/JPEG_20201214115913202.jpg", "Photo4": "DCIM/JPEG_20201214115932538.jpg", "Irrigation": "FALSE", "District": "TECH", "Region": "BoEa", "Zone": "tran", "Date": "2020-12-14", "Technician": "MAAD", "layer": "point3", "path": "C:\\Users\\kobina\\Desktop\\Project_Ken\\Merger\\Merger\\point3.shx|layername=point3", "Points": null }, "geometry": { "type": "Point", "coordinates": [ -2.088197916666667, 7.491616433333333 ] } },
{ "type": "Feature", "properties": { "fid": 171.0, "CropType": "cass", "Photo1": "DCIM/JPEG_20201214120902229.jpg", "Photo2": "DCIM/JPEG_20201214120917121.jpg", "Photo3": "DCIM/JPEG_20201214120935151.jpg", "Photo4": "DCIM/JPEG_20201214120948523.jpg", "Irrigation": "FALSE", "District": "TECH", "Region": "BoEa", "Zone": "tran", "Date": "2020-12-14", "Technician": "MAAD", "layer": "point3", "path": "C:\\Users\\kobina\\Desktop\\Project_Ken\\Merger\\Merger\\point3.shx|layername=point3", "Points": null }, "geometry": { "type": "Point", "coordinates": [ -2.085806616666666, 7.489446283333333 ] } },
{ "type": "Feature", "properties": { "fid": 172.0, "CropType": "maiz", "Photo1": "DCIM/JPEG_20201214121306127.jpg", "Photo2": "DCIM/JPEG_20201214121321172.jpg", "Photo3": "DCIM/JPEG_20201214121335168.jpg", "Photo4": "DCIM/JPEG_20201214121348678.jpg", "Irrigation": "FALSE", "District": "TECH", "Region": "BoEa", "Zone": "tran", "Date": "2020-12-14", "Technician": "MAAD", "layer": "point3", "path": "C:\\Users\\kobina\\Desktop\\Project_Ken\\Merger\\Merger\\point3.shx|layername=point3", "Points": null }, "geometry": { "type": "Point", "coordinates": [ -2.085158333333333, 7.489435 ] } },
{ "type": "Feature", "properties": { "fid": 173.0, "CropType": "maiz", "Photo1": "DCIM/JPEG_20201214122917970.jpg", "Photo2": "DCIM/JPEG_20201214122933024.jpg", "Photo3": "DCIM/JPEG_20201214122946856.jpg", "Photo4": "DCIM/JPEG_20201214123001702.jpg", "Irrigation": "FALSE", "District": "TECH", "Region": "BoEa", "Zone": "tran", "Date": "2020-12-14", "Technician": "MAAD", "layer": "point3", "path": "C:\\Users\\kobina\\Desktop\\Project_Ken\\Merger\\Merger\\point3.shx|layername=point3", "Points": null }, "geometry": { "type": "Point", "coordinates": [ -2.089387133333333, 7.492824866666666 ] } },
{ "type": "Feature", "properties": { "fid": 174.0, "CropType": "maiz", "Photo1": "DCIM/JPEG_20201214124226232.jpg", "Photo2": "DCIM/JPEG_20201214124242718.jpg", "Photo3": "DCIM/JPEG_20201214124258243.jpg", "Photo4": "DCIM/JPEG_20201214124318566.jpg", "Irrigation": "FALSE", "District": "TECH", "Region": "BoEa", "Zone": "tran", "Date": "2020-12-14", "Technician": "MAAD", "layer": "point3", "path": "C:\\Users\\kobina\\Desktop\\Project_Ken\\Merger\\Merger\\point3.shx|layername=point3", "Points": null }, "geometry": { "type": "Point", "coordinates": [ -2.0894121, 7.4937362 ] } },
{ "type": "Feature", "properties": { "fid": 175.0, "CropType": "maiz", "Photo1": "DCIM/JPEG_20201214125314331.jpg", "Photo2": "DCIM/JPEG_20201214125334370.jpg", "Photo3": "DCIM/JPEG_20201214125347548.jpg", "Photo4": "DCIM/JPEG_20201214125400723.jpg", "Irrigation": "FALSE", "District": "TECH", "Region": "BoEa", "Zone": "tran", "Date": "2020-12-14", "Technician": "MAAD", "layer": "point3", "path": "C:\\Users\\kobina\\Desktop\\Project_Ken\\Merger\\Merger\\point3.shx|layername=point3", "Points": null }, "geometry": { "type": "Point", "coordinates": [ -2.089246483333334, 7.495644716666667 ] } },
{ "type": "Feature", "properties": { "fid": 176.0, "CropType": "maiz", "Photo1": "DCIM/JPEG_20201214131857807.jpg", "Photo2": "DCIM/JPEG_20201214131917581.jpg", "Photo3": "DCIM/JPEG_20201214131931235.jpg", "Photo4": "DCIM/JPEG_20201214131946903.jpg", "Irrigation": "FALSE", "District": "TECH", "Region": "BoEa", "Zone": "tran", "Date": "2020-12-14", "Technician": "MAAD", "layer": "point3", "path": "C:\\Users\\kobina\\Desktop\\Project_Ken\\Merger\\Merger\\point3.shx|layername=point3", "Points": null }, "geometry": { "type": "Point", "coordinates": [ -2.089210333333333, 7.485669016666665 ] } },
{ "type": "Feature", "properties": { "fid": 192.0, "CropType": "coco", "Photo1": "DCIM/JPEG_20201214132548121.jpg", "Photo2": "DCIM/JPEG_20201214132611113.jpg", "Photo3": "DCIM/JPEG_20201214132655358.jpg", "Photo4": "DCIM/JPEG_20201214132720678.jpg", "Irrigation": "FALSE", "District": "TECH", "Region": "BoEa", "Zone": "tran", "Date": "2020-12-14", "Technician": "MAAD", "layer": "point3", "path": "C:\\Users\\kobina\\Desktop\\Project_Ken\\Merger\\Merger\\point3.shx|layername=point3", "Points": null }, "geometry": { "type": "Point", "coordinates": [ -2.085595266666667, 7.47703335 ] } },
{ "type": "Feature", "properties": { "fid": 193.0, "CropType": "maiz", "Photo1": "DCIM/JPEG_20201214141337491.jpg", "Photo2": "DCIM/JPEG_20201214141353330.jpg", "Photo3": "DCIM/JPEG_20201214141406308.jpg", "Photo4": "DCIM/JPEG_20201214141422563.jpg", "Irrigation": "FALSE", "District": "TECH", "Region": "BoEa", "Zone": "tran", "Date": "2020-12-14", "Technician": "MAAD", "layer": "point3", "path": "C:\\Users\\kobina\\Desktop\\Project_Ken\\Merger\\Merger\\point3.shx|layername=point3", "Points": null }, "geometry": { "type": "Point", "coordinates": [ -2.079057233333333, 7.5227802 ] } },
{ "type": "Feature", "properties": { "fid": 194.0, "CropType": "cass", "Photo1": "DCIM/JPEG_20201214142401989.jpg", "Photo2": "DCIM/JPEG_20201214142417514.jpg", "Photo3": "DCIM/JPEG_20201214142435606.jpg", "Photo4": "DCIM/JPEG_20201214142453772.jpg", "Irrigation": "FALSE", "District": "TECH", "Region": "BoEa", "Zone": "tran", "Date": "2020-12-14", "Technician": "MAAD", "layer": "point3", "path": "C:\\Users\\kobina\\Desktop\\Project_Ken\\Merger\\Merger\\point3.shx|layername=point3", "Points": null }, "geometry": { "type": "Point", "coordinates": [ -2.07765555, 7.52030245 ] } },
{ "type": "Feature", "properties": { "fid": 195.0, "CropType": "maiz", "Photo1": "DCIM/JPEG_20201214144844829.jpg", "Photo2": "DCIM/JPEG_20201214144904276.jpg", "Photo3": "DCIM/JPEG_20201214144917632.jpg", "Photo4": "DCIM/JPEG_20201214144934461.jpg", "Irrigation": "FALSE", "District": "TECH", "Region": "BoEa", "Zone": "tran", "Date": "2020-12-14", "Technician": "MAAD", "layer": "point3", "path": "C:\\Users\\kobina\\Desktop\\Project_Ken\\Merger\\Merger\\point3.shx|layername=point3", "Points": null }, "geometry": { "type": "Point", "coordinates": [ -2.078834028359018, 7.518351694153823 ] } },
{ "type": "Feature", "properties": { "fid": 196.0, "CropType": "maiz", "Photo1": "DCIM/JPEG_20201214145358227.jpg", "Photo2": "DCIM/JPEG_20201214145415967.jpg", "Photo3": "DCIM/JPEG_20201214145437158.jpg", "Photo4": "DCIM/JPEG_20201214145454835.jpg", "Irrigation": "FALSE", "District": "TECH", "Region": "BoEa", "Zone": "tran", "Date": "2020-12-14", "Technician": "MAAD", "layer": "point3", "path": "C:\\Users\\kobina\\Desktop\\Project_Ken\\Merger\\Merger\\point3.shx|layername=point3", "Points": null }, "geometry": { "type": "Point", "coordinates": [ -2.079804266666666, 7.5167789 ] } },
{ "type": "Feature", "properties": { "fid": 197.0, "CropType": "cass", "Photo1": "DCIM/JPEG_20201214150935191.jpg", "Photo2": "DCIM/JPEG_20201214150949543.jpg", "Photo3": "DCIM/JPEG_20201214151005599.jpg", "Photo4": "DCIM/JPEG_20201214151025566.jpg", "Irrigation": "FALSE", "District": "TECH", "Region": "BoEa", "Zone": "tran", "Date": "2020-12-14", "Technician": "MAAD", "layer": "point3", "path": "C:\\Users\\kobina\\Desktop\\Project_Ken\\Merger\\Merger\\point3.shx|layername=point3", "Points": null }, "geometry": { "type": "Point", "coordinates": [ -2.079316783333333, 7.512150833333334 ] } },
{ "type": "Feature", "properties": { "fid": 198.0, "CropType": "cass", "Photo1": "DCIM/JPEG_20201214151254526.jpg", "Photo2": "DCIM/JPEG_20201214151307538.jpg", "Photo3": "DCIM/JPEG_20201214151321663.jpg", "Photo4": "DCIM/JPEG_20201214151337890.jpg", "Irrigation": "FALSE", "District": "TECH", "Region": "BoEa", "Zone": "tran", "Date": "2020-12-14", "Technician": "MAAD", "layer": "point3", "path": "C:\\Users\\kobina\\Desktop\\Project_Ken\\Merger\\Merger\\point3.shx|layername=point3", "Points": null }, "geometry": { "type": "Point", "coordinates": [ -2.078920016666666, 7.51199905 ] } },
{ "type": "Feature", "properties": { "fid": 199.0, "CropType": "oran", "Photo1": "DCIM/JPEG_20201214152434231.jpg", "Photo2": "DCIM/JPEG_20201214152449183.jpg", "Photo3": "DCIM/JPEG_20201214152502742.jpg", "Photo4": "DCIM/JPEG_20201214152518832.jpg", "Irrigation": "FALSE", "District": "TECH", "Region": "BoEa", "Zone": "tran", "Date": "2020-12-14", "Technician": "MAAD", "layer": "point3", "path": "C:\\Users\\kobina\\Desktop\\Project_Ken\\Merger\\Merger\\point3.shx|layername=point3", "Points": null }, "geometry": { "type": "Point", "coordinates": [ -2.077990833333333, 7.522393483333333 ] } },
{ "type": "Feature", "properties": { "fid": 185.0, "CropType": "plnt", "Photo1": "DCIM/JPEG_20201214154851734.jpg", "Photo2": "DCIM/JPEG_20201214154911665.jpg", "Photo3": "DCIM/JPEG_20201214154937007.jpg", "Photo4": "DCIM/JPEG_20201214154953836.jpg", "Irrigation": "FALSE", "District": "TECH", "Region": "BoEa", "Zone": "tran", "Date": "2020-12-14", "Technician": "MAAD", "layer": "point3", "path": "C:\\Users\\kobina\\Desktop\\Project_Ken\\Merger\\Merger\\point3.shx|layername=point3", "Points": null }, "geometry": { "type": "Point", "coordinates": [ -2.039036583333333, 7.562529633333333 ] } },
{ "type": "Feature", "properties": { "fid": 186.0, "CropType": "cash", "Photo1": "DCIM/JPEG_20201214155718231.jpg", "Photo2": "DCIM/JPEG_20201214155735192.jpg", "Photo3": "DCIM/JPEG_20201214155756930.jpg", "Photo4": "DCIM/JPEG_20201214155833776.jpg", "Irrigation": "FALSE", "District": "TECH", "Region": "BoEa", "Zone": "tran", "Date": "2020-12-14", "Technician": "MAAD", "layer": "point3", "path": "C:\\Users\\kobina\\Desktop\\Project_Ken\\Merger\\Merger\\point3.shx|layername=point3", "Points": null }, "geometry": { "type": "Point", "coordinates": [ -2.0241826, 7.57382995 ] } },
{ "type": "Feature", "properties": { "fid": 187.0, "CropType": "cash", "Photo1": "DCIM/JPEG_20201215082841912.jpg", "Photo2": "DCIM/JPEG_20201215082904856.jpg", "Photo3": "DCIM/JPEG_20201215082923922.jpg", "Photo4": "DCIM/JPEG_20201215082946941.jpg", "Irrigation": "FALSE", "District": "TECH", "Region": "BoEa", "Zone": "tran", "Date": "2020-12-15", "Technician": "MAAD", "layer": "point3", "path": "C:\\Users\\kobina\\Desktop\\Project_Ken\\Merger\\Merger\\point3.shx|layername=point3", "Points": null }, "geometry": { "type": "Point", "coordinates": [ -1.9936842, 7.599536233333334 ] } },
{ "type": "Feature", "properties": { "fid": 189.0, "CropType": "cash", "Photo1": "DCIM/JPEG_20201215083458586.jpg", "Photo2": "DCIM/JPEG_20201215083517305.jpg", "Photo3": "DCIM/JPEG_20201215083543315.jpg", "Photo4": "DCIM/JPEG_20201215083604123.jpg", "Irrigation": "FALSE", "District": "TECH", "Region": "BoEa", "Zone": "tran", "Date": "2020-12-15", "Technician": "MAAD", "layer": "point3", "path": "C:\\Users\\kobina\\Desktop\\Project_Ken\\Merger\\Merger\\point3.shx|layername=point3", "Points": null }, "geometry": { "type": "Point", "coordinates": [ -1.99840105, 7.5950274 ] } },
{ "type": "Feature", "properties": { "fid": 629.0, "CropType": "cash", "Photo1": "DCIM/JPEG_20201215084418389.jpg", "Photo2": "DCIM/JPEG_20201215084432502.jpg", "Photo3": "DCIM/JPEG_20201215084446995.jpg", "Photo4": "DCIM/JPEG_20201215084505404.jpg", "Irrigation": "FALSE", "District": "TECH", "Region": "BoEa", "Zone": "tran", "Date": "2020-12-15", "Technician": "MAAD", "layer": "point3", "path": "C:\\Users\\kobina\\Desktop\\Project_Ken\\Merger\\Merger\\point3.shx|layername=point3", "Points": null }, "geometry": { "type": "Point", "coordinates": [ -2.0078618, 7.583091533333334 ] } },
{ "type": "Feature", "properties": { "fid": 188.0, "CropType": "coco", "Photo1": "DCIM/JPEG_20201215090402659.jpg", "Photo2": "DCIM/JPEG_20201215090418074.jpg", "Photo3": "DCIM/JPEG_20201215090429999.jpg", "Photo4": "DCIM/JPEG_20201215090443760.jpg", "Irrigation": "FALSE", "District": "TECH", "Region": "BoEa", "Zone": "tran", "Date": "2020-12-15", "Technician": "MAAD", "layer": "point3", "path": "C:\\Users\\kobina\\Desktop\\Project_Ken\\Merger\\Merger\\point3.shx|layername=point3", "Points": null }, "geometry": { "type": "Point", "coordinates": [ -2.000766116666667, 7.583542766666667 ] } },
{ "type": "Feature", "properties": { "fid": 190.0, "CropType": "coco", "Photo1": "DCIM/JPEG_20201215091048601.jpg", "Photo2": "DCIM/JPEG_20201215091107213.jpg", "Photo3": "DCIM/JPEG_20201215091121646.jpg", "Photo4": "DCIM/JPEG_20201215091142915.jpg", "Irrigation": "FALSE", "District": "TECH", "Region": "BoEa", "Zone": "tran", "Date": "2020-12-15", "Technician": "MAAD", "layer": "point3", "path": "C:\\Users\\kobina\\Desktop\\Project_Ken\\Merger\\Merger\\point3.shx|layername=point3", "Points": null }, "geometry": { "type": "Point", "coordinates": [ -2.003488583333334, 7.582450516666667 ] } },
{ "type": "Feature", "properties": { "fid": 191.0, "CropType": "maiz", "Photo1": "DCIM/JPEG_20201215091525251.jpg", "Photo2": "DCIM/JPEG_20201215091541854.jpg", "Photo3": "DCIM/JPEG_20201215091555753.jpg", "Photo4": "DCIM/JPEG_20201215091612821.jpg", "Irrigation": "FALSE", "District": "TECH", "Region": "BoEa", "Zone": "tran", "Date": "2020-12-15", "Technician": "MAAD", "layer": "point3", "path": "C:\\Users\\kobina\\Desktop\\Project_Ken\\Merger\\Merger\\point3.shx|layername=point3", "Points": null }, "geometry": { "type": "Point", "coordinates": [ -2.004513016666666, 7.582067766666667 ] } },
{ "type": "Feature", "properties": { "fid": 207.0, "CropType": "yams", "Photo1": "DCIM/JPEG_20201215094026772.jpg", "Photo2": "DCIM/JPEG_20201215094052318.jpg", "Photo3": "DCIM/JPEG_20201215094109641.jpg", "Photo4": "DCIM/JPEG_20201215094131351.jpg", "Irrigation": "FALSE", "District": "TECH", "Region": "BoEa", "Zone": "tran", "Date": "2020-12-15", "Technician": "MAAD", "layer": "point3", "path": "C:\\Users\\kobina\\Desktop\\Project_Ken\\Merger\\Merger\\point3.shx|layername=point3", "Points": null }, "geometry": { "type": "Point", "coordinates": [ -2.000309738399545, 7.57863742644345 ] } },
{ "type": "Feature", "properties": { "fid": 208.0, "CropType": "oran", "Photo1": "DCIM/JPEG_20201215094908720.jpg", "Photo2": "DCIM/JPEG_20201215094927283.jpg", "Photo3": "DCIM/JPEG_20201215094942161.jpg", "Photo4": "DCIM/JPEG_20201215094959212.jpg", "Irrigation": "FALSE", "District": "TECH", "Region": "BoEa", "Zone": "tran", "Date": "2020-12-15", "Technician": "MAAD", "layer": "point3", "path": "C:\\Users\\kobina\\Desktop\\Project_Ken\\Merger\\Merger\\point3.shx|layername=point3", "Points": null }, "geometry": { "type": "Point", "coordinates": [ -2.001545866666667, 7.57663895 ] } },
{ "type": "Feature", "properties": { "fid": 209.0, "CropType": "man", "Photo1": "DCIM/JPEG_20201215095940305.jpg", "Photo2": "DCIM/JPEG_20201215100002442.jpg", "Photo3": "DCIM/JPEG_20201215100015780.jpg", "Photo4": "DCIM/JPEG_20201215100041749.jpg", "Irrigation": "FALSE", "District": "TECH", "Region": "BoEa", "Zone": "tran", "Date": "2020-12-15", "Technician": "MAAD", "layer": "point3", "path": "C:\\Users\\kobina\\Desktop\\Project_Ken\\Merger\\Merger\\point3.shx|layername=point3", "Points": null }, "geometry": { "type": "Point", "coordinates": [ -2.0012292, 7.5771093 ] } },
{ "type": "Feature", "properties": { "fid": 210.0, "CropType": "plnt", "Photo1": "DCIM/JPEG_20201215103058102.jpg", "Photo2": "DCIM/JPEG_20201215103120069.jpg", "Photo3": "DCIM/JPEG_20201215103141904.jpg", "Photo4": "DCIM/JPEG_20201215103200514.jpg", "Irrigation": "FALSE", "District": "TECH", "Region": "BoEa", "Zone": "tran", "Date": "2020-12-15", "Technician": "MAAD", "layer": "point3", "path": "C:\\Users\\kobina\\Desktop\\Project_Ken\\Merger\\Merger\\point3.shx|layername=point3", "Points": null }, "geometry": { "type": "Point", "coordinates": [ -1.986163983333333, 7.594426883333333 ] } },
{ "type": "Feature", "properties": { "fid": 211.0, "CropType": "plnt", "Photo1": "DCIM/JPEG_20201215103508998.jpg", "Photo2": "DCIM/JPEG_20201215103522388.jpg", "Photo3": "DCIM/JPEG_20201215103538361.jpg", "Photo4": "DCIM/JPEG_20201215103602538.jpg", "Irrigation": "FALSE", "District": "TECH", "Region": "BoEa", "Zone": "tran", "Date": "2020-12-15", "Technician": "MAAD", "layer": "point3", "path": "C:\\Users\\kobina\\Desktop\\Project_Ken\\Merger\\Merger\\point3.shx|layername=point3", "Points": null }, "geometry": { "type": "Point", "coordinates": [ -1.986162883333333, 7.593767733333334 ] } },
{ "type": "Feature", "properties": { "fid": 212.0, "CropType": "cass", "Photo1": "DCIM/JPEG_20201215103947412.jpg", "Photo2": "DCIM/JPEG_20201215104012656.jpg", "Photo3": "DCIM/JPEG_20201215104025534.jpg", "Photo4": "DCIM/JPEG_20201215104046733.jpg", "Irrigation": "FALSE", "District": "TECH", "Region": "BoEa", "Zone": "tran", "Date": "2020-12-15", "Technician": "MAAD", "layer": "point3", "path": "C:\\Users\\kobina\\Desktop\\Project_Ken\\Merger\\Merger\\point3.shx|layername=point3", "Points": null }, "geometry": { "type": "Point", "coordinates": [ -1.986611566666667, 7.593538 ] } },
{ "type": "Feature", "properties": { "fid": 213.0, "CropType": "cash", "Photo1": "DCIM/JPEG_20201215104432825.jpg", "Photo2": "DCIM/JPEG_20201215104448715.jpg", "Photo3": "DCIM/JPEG_20201215104502428.jpg", "Photo4": "DCIM/JPEG_20201215104521030.jpg", "Irrigation": "FALSE", "District": "TECH", "Region": "BoEa", "Zone": "tran", "Date": "2020-12-15", "Technician": "MAAD", "layer": "point3", "path": "C:\\Users\\kobina\\Desktop\\Project_Ken\\Merger\\Merger\\point3.shx|layername=point3", "Points": null }, "geometry": { "type": "Point", "coordinates": [ -1.98710055, 7.5925241 ] } },
{ "type": "Feature", "properties": { "fid": 214.0, "CropType": "plnt", "Photo1": "DCIM/JPEG_20201215105326215.jpg", "Photo2": "DCIM/JPEG_20201215105349508.jpg", "Photo3": "DCIM/JPEG_20201215105412797.jpg", "Photo4": "DCIM/JPEG_20201215105426453.jpg", "Irrigation": "FALSE", "District": "UPEA", "Region": "BoEa", "Zone": "tran", "Date": "2020-12-15", "Technician": "MAAD", "layer": "point3", "path": "C:\\Users\\kobina\\Desktop\\Project_Ken\\Merger\\Merger\\point3.shx|layername=point3", "Points": null }, "geometry": { "type": "Point", "coordinates": [ -1.98475755, 7.594231633333334 ] } },
{ "type": "Feature", "properties": { "fid": 200.0, "CropType": "cash", "Photo1": "DCIM/JPEG_20201215105740084.jpg", "Photo2": "DCIM/JPEG_20201215105759314.jpg", "Photo3": "DCIM/JPEG_20201215105811844.jpg", "Photo4": "DCIM/JPEG_20201215105835717.jpg", "Irrigation": "FALSE", "District": "TECH", "Region": "BoEa", "Zone": "tran", "Date": "2020-12-15", "Technician": "MAAD", "layer": "point3", "path": "C:\\Users\\kobina\\Desktop\\Project_Ken\\Merger\\Merger\\point3.shx|layername=point3", "Points": null }, "geometry": { "type": "Point", "coordinates": [ -1.9844233, 7.595131633333334 ] } },
{ "type": "Feature", "properties": { "fid": 201.0, "CropType": "cash", "Photo1": "DCIM/JPEG_20201215111915453.jpg", "Photo2": "DCIM/JPEG_20201215111931845.jpg", "Photo3": "DCIM/JPEG_20201215111953224.jpg", "Photo4": "DCIM/JPEG_20201215112015435.jpg", "Irrigation": "FALSE", "District": "TECH", "Region": "BoEa", "Zone": "tran", "Date": "2020-12-15", "Technician": "MAAD", "layer": "point3", "path": "C:\\Users\\kobina\\Desktop\\Project_Ken\\Merger\\Merger\\point3.shx|layername=point3", "Points": null }, "geometry": { "type": "Point", "coordinates": [ -1.9789202, 7.59214505 ] } },
{ "type": "Feature", "properties": { "fid": 202.0, "CropType": "cash", "Photo1": "DCIM/JPEG_20201215112833276.jpg", "Photo2": "DCIM/JPEG_20201215112847204.jpg", "Photo3": "DCIM/JPEG_20201215112901988.jpg", "Photo4": "DCIM/JPEG_20201215112917757.jpg", "Irrigation": "FALSE", "District": "TECH", "Region": "BoEa", "Zone": "tran", "Date": "2020-12-15", "Technician": "MAAD", "layer": "point3", "path": "C:\\Users\\kobina\\Desktop\\Project_Ken\\Merger\\Merger\\point3.shx|layername=point3", "Points": null }, "geometry": { "type": "Point", "coordinates": [ -1.9751859, 7.590709916666667 ] } },
{ "type": "Feature", "properties": { "fid": 203.0, "CropType": "man", "Photo1": "DCIM/JPEG_20201215113937582.jpg", "Photo2": "DCIM/JPEG_20201215113957105.jpg", "Photo3": "DCIM/JPEG_20201215114011291.jpg", "Photo4": "DCIM/JPEG_20201215114037989.jpg", "Irrigation": "FALSE", "District": "TECH", "Region": "BoEa", "Zone": "tran", "Date": "2020-12-15", "Technician": "MAAD", "layer": "point3", "path": "C:\\Users\\kobina\\Desktop\\Project_Ken\\Merger\\Merger\\point3.shx|layername=point3", "Points": null }, "geometry": { "type": "Point", "coordinates": [ -1.975006983333333, 7.587172733333333 ] } },
{ "type": "Feature", "properties": { "fid": 203.0, "CropType": "yams", "Photo1": "DCIM/JPEG_20201215120609222.jpg", "Photo2": "DCIM/JPEG_20201215120628380.jpg", "Photo3": "DCIM/JPEG_20201215120643262.jpg", "Photo4": "DCIM/JPEG_20201215120701151.jpg", "Irrigation": "FALSE", "District": "TECH", "Region": "BoEa", "Zone": "tran", "Date": "2020-12-15", "Technician": "MAAD", "layer": "point3", "path": "C:\\Users\\kobina\\Desktop\\Project_Ken\\Merger\\Merger\\point3.shx|layername=point3", "Points": null }, "geometry": { "type": "Point", "coordinates": [ -1.970595233333333, 7.584839233333334 ] } },
{ "type": "Feature", "properties": { "fid": 204.0, "CropType": "coco", "Photo1": "DCIM/JPEG_20201215140529360.jpg", "Photo2": "DCIM/JPEG_20201215140548323.jpg", "Photo3": "DCIM/JPEG_20201215140610850.jpg", "Photo4": "DCIM/JPEG_20201215140632506.jpg", "Irrigation": "FALSE", "District": "TECH", "Region": "BoEa", "Zone": "tran", "Date": "2020-12-15", "Technician": "MAAD", "layer": "point3", "path": "C:\\Users\\kobina\\Desktop\\Project_Ken\\Merger\\Merger\\point3.shx|layername=point3", "Points": null }, "geometry": { "type": "Point", "coordinates": [ -2.102564916666667, 7.48539255 ] } },
{ "type": "Feature", "properties": { "fid": 205.0, "CropType": "man", "Photo1": "DCIM/JPEG_20201215141653757.jpg", "Photo2": "DCIM/JPEG_20201215141712599.jpg", "Photo3": "DCIM/JPEG_20201215141740219.jpg", "Photo4": "DCIM/JPEG_20201215141805084.jpg", "Irrigation": "FALSE", "District": "TECH", "Region": "BoEa", "Zone": "tran", "Date": "2020-12-15", "Technician": "MAAD", "layer": "point3", "path": "C:\\Users\\kobina\\Desktop\\Project_Ken\\Merger\\Merger\\point3.shx|layername=point3", "Points": null }, "geometry": { "type": "Point", "coordinates": [ -2.109984766666666, 7.467272566666666 ] } },
{ "type": "Feature", "properties": { "fid": 206.0, "CropType": "cass", "Photo1": "DCIM/JPEG_20201215142316135.jpg", "Photo2": "DCIM/JPEG_20201215142334558.jpg", "Photo3": "DCIM/JPEG_20201215142351609.jpg", "Photo4": "DCIM/JPEG_20201215142413283.jpg", "Irrigation": "FALSE", "District": "TECH", "Region": "BoEa", "Zone": "tran", "Date": "2020-12-15", "Technician": "MAAD", "layer": "point3", "path": "C:\\Users\\kobina\\Desktop\\Project_Ken\\Merger\\Merger\\point3.shx|layername=point3", "Points": null }, "geometry": { "type": "Point", "coordinates": [ -2.113155783333333, 7.465591283333334 ] } },
{ "type": "Feature", "properties": { "fid": 334.0, "CropType": "plnt", "Photo1": "DCIM/JPEG_20201215143008172.jpg", "Photo2": "DCIM/JPEG_20201215143023794.jpg", "Photo3": "DCIM/JPEG_20201215143044323.jpg", "Photo4": "DCIM/JPEG_20201215143108947.jpg", "Irrigation": "FALSE", "District": "TECH", "Region": "BoEa", "Zone": "tran", "Date": "2020-12-15", "Technician": "MAAD", "layer": "point3", "path": "C:\\Users\\kobina\\Desktop\\Project_Ken\\Merger\\Merger\\point3.shx|layername=point3", "Points": null }, "geometry": { "type": "Point", "coordinates": [ -2.114252466666667, 7.46466245 ] } },
{ "type": "Feature", "properties": { "fid": 335.0, "CropType": "cass", "Photo1": "DCIM/JPEG_20201215143359710.jpg", "Photo2": "DCIM/JPEG_20201215143414952.jpg", "Photo3": "DCIM/JPEG_20201215143437240.jpg", "Photo4": "DCIM/JPEG_20201215143507951.jpg", "Irrigation": "FALSE", "District": "TECH", "Region": "BoEa", "Zone": "tran", "Date": "2020-12-15", "Technician": "MAAD", "layer": "point3", "path": "C:\\Users\\kobina\\Desktop\\Project_Ken\\Merger\\Merger\\point3.shx|layername=point3", "Points": null }, "geometry": { "type": "Point", "coordinates": [ -2.114926516666666, 7.465218233333333 ] } },
{ "type": "Feature", "properties": { "fid": 336.0, "CropType": "maiz", "Photo1": "DCIM/JPEG_20201215145502315.jpg", "Photo2": "DCIM/JPEG_20201215145520136.jpg", "Photo3": "DCIM/JPEG_20201215145536928.jpg", "Photo4": "DCIM/JPEG_20201215145557862.jpg", "Irrigation": "FALSE", "District": "TECH", "Region": "BoEa", "Zone": "tran", "Date": "2020-12-15", "Technician": "MAAD", "layer": "point3", "path": "C:\\Users\\kobina\\Desktop\\Project_Ken\\Merger\\Merger\\point3.shx|layername=point3", "Points": null }, "geometry": { "type": "Point", "coordinates": [ -2.116660883333333, 7.4665669 ] } },
{ "type": "Feature", "properties": { "fid": 338.0, "CropType": "maiz", "Photo1": "DCIM/JPEG_20201215150218621.jpg", "Photo2": "DCIM/JPEG_20201215150233941.jpg", "Photo3": "DCIM/JPEG_20201215150245184.jpg", "Photo4": "DCIM/JPEG_20201215150320046.jpg", "Irrigation": "FALSE", "District": "TECH", "Region": "BoEa", "Zone": "tran", "Date": "2020-12-15", "Technician": "MAAD", "layer": "point3", "path": "C:\\Users\\kobina\\Desktop\\Project_Ken\\Merger\\Merger\\point3.shx|layername=point3", "Points": null }, "geometry": { "type": "Point", "coordinates": [ -2.116739666666667, 7.466233233333331 ] } },
{ "type": "Feature", "properties": { "fid": 103.0, "CropType": "plnt", "Photo1": "DCIM/JPEG_20201215152553205.jpg", "Photo2": "DCIM/JPEG_20201215152611339.jpg", "Photo3": "DCIM/JPEG_20201215152624713.jpg", "Photo4": "DCIM/JPEG_20201215152641057.jpg", "Irrigation": "FALSE", "District": "TECH", "Region": "BoEa", "Zone": "tran", "Date": "2020-12-15", "Technician": "MAAD", "layer": "point3", "path": "C:\\Users\\kobina\\Desktop\\Project_Ken\\Merger\\Merger\\point3.shx|layername=point3", "Points": null }, "geometry": { "type": "Point", "coordinates": [ -2.107195733333334, 7.47610335 ] } },
{ "type": "Feature", "properties": { "fid": 104.0, "CropType": "maiz", "Photo1": "DCIM/JPEG_20201216073338602.jpg", "Photo2": "DCIM/JPEG_20201216073401108.jpg", "Photo3": "DCIM/JPEG_20201216073427889.jpg", "Photo4": "DCIM/JPEG_20201216073454377.jpg", "Irrigation": "FALSE", "District": "TECH", "Region": "BoEa", "Zone": "tran", "Date": "2020-12-16", "Technician": "MAAD", "layer": "point3", "path": "C:\\Users\\kobina\\Desktop\\Project_Ken\\Merger\\Merger\\point3.shx|layername=point3", "Points": null }, "geometry": { "type": "Point", "coordinates": [ -1.942892116666667, 7.536917216666666 ] } },
{ "type": "Feature", "properties": { "fid": 326.0, "CropType": "maiz", "Photo1": "DCIM/JPEG_20201216074731866.jpg", "Photo2": "DCIM/JPEG_20201216074805704.jpg", "Photo3": "DCIM/JPEG_20201216074841403.jpg", "Photo4": "DCIM/JPEG_20201216074903540.jpg", "Irrigation": "FALSE", "District": "TECH", "Region": "BoEa", "Zone": "tran", "Date": "2020-12-16", "Technician": "MAAD", "layer": "point3", "path": "C:\\Users\\kobina\\Desktop\\Project_Ken\\Merger\\Merger\\point3.shx|layername=point3", "Points": null }, "geometry": { "type": "Point", "coordinates": [ -1.956694128513321, 7.521666362824379 ] } },
{ "type": "Feature", "properties": { "fid": 327.0, "CropType": "maiz", "Photo1": "DCIM/JPEG_20201216075139496.jpg", "Photo2": "DCIM/JPEG_20201216075225685.jpg", "Photo3": "DCIM/JPEG_20201216075248377.jpg", "Photo4": "DCIM/JPEG_20201216075307978.jpg", "Irrigation": "FALSE", "District": "TECH", "Region": "BoEa", "Zone": "tran", "Date": "2020-12-16", "Technician": "MAAD", "layer": "point3", "path": "C:\\Users\\kobina\\Desktop\\Project_Ken\\Merger\\Merger\\point3.shx|layername=point3", "Points": null }, "geometry": { "type": "Point", "coordinates": [ -1.957204283333333, 7.520141033333334 ] } },
{ "type": "Feature", "properties": { "fid": 328.0, "CropType": "maiz", "Photo1": "DCIM/JPEG_20201216075912467.jpg", "Photo2": "DCIM/JPEG_20201216075937029.jpg", "Photo3": "DCIM/JPEG_20201216075956029.jpg", "Photo4": "DCIM/JPEG_20201216080012700.jpg", "Irrigation": "FALSE", "District": "TECH", "Region": "BoEa", "Zone": "tran", "Date": "2020-12-16", "Technician": "MAAD", "layer": "point3", "path": "C:\\Users\\kobina\\Desktop\\Project_Ken\\Merger\\Merger\\point3.shx|layername=point3", "Points": null }, "geometry": { "type": "Point", "coordinates": [ -1.959874609225783, 7.515829747826887 ] } },
{ "type": "Feature", "properties": { "fid": 329.0, "CropType": "maiz", "Photo1": "DCIM/JPEG_20201216080423071.jpg", "Photo2": "DCIM/JPEG_20201216080625948.jpg", "Photo3": "DCIM/JPEG_20201216080444376.jpg", "Photo4": "DCIM/JPEG_20201216080503790.jpg", "Irrigation": "FALSE", "District": "TECH", "Region": "BoEa", "Zone": "tran", "Date": "2020-12-16", "Technician": "MAAD", "layer": "point3", "path": "C:\\Users\\kobina\\Desktop\\Project_Ken\\Merger\\Merger\\point3.shx|layername=point3", "Points": null }, "geometry": { "type": "Point", "coordinates": [ -1.962629566666667, 7.509791633333333 ] } },
{ "type": "Feature", "properties": { "fid": 330.0, "CropType": "oran", "Photo1": "DCIM/JPEG_20201216084807916.jpg", "Photo2": "DCIM/JPEG_20201216084824493.jpg", "Photo3": "DCIM/JPEG_20201216084839645.jpg", "Photo4": "DCIM/JPEG_20201216084858170.jpg", "Irrigation": "FALSE", "District": "TECH", "Region": "BoEa", "Zone": "tran", "Date": "2020-12-16", "Technician": "MAAD", "layer": "point3", "path": "C:\\Users\\kobina\\Desktop\\Project_Ken\\Merger\\Merger\\point3.shx|layername=point3", "Points": null }, "geometry": { "type": "Point", "coordinates": [ -1.96810251230823, 7.507415579024721 ] } },
{ "type": "Feature", "properties": { "fid": 331.0, "CropType": "cash", "Photo1": "DCIM/JPEG_20201216085308341.jpg", "Photo2": "DCIM/JPEG_20201216085327206.jpg", "Photo3": "DCIM/JPEG_20201216085342102.jpg", "Photo4": "DCIM/JPEG_20201216085357454.jpg", "Irrigation": "FALSE", "District": "TECH", "Region": "BoEa", "Zone": "tran", "Date": "2020-12-16", "Technician": "MAAD", "layer": "point3", "path": "C:\\Users\\kobina\\Desktop\\Project_Ken\\Merger\\Merger\\point3.shx|layername=point3", "Points": null }, "geometry": { "type": "Point", "coordinates": [ -1.9714216, 7.507437133333334 ] } },
{ "type": "Feature", "properties": { "fid": 332.0, "CropType": "maiz", "Photo1": "DCIM/JPEG_20201216085639233.jpg", "Photo2": "DCIM/JPEG_20201216085658758.jpg", "Photo3": "DCIM/JPEG_20201216085713068.jpg", "Photo4": "DCIM/JPEG_20201216085740064.jpg", "Irrigation": "FALSE", "District": "TECH", "Region": "BoEa", "Zone": "tran", "Date": "2020-12-16", "Technician": "MAAD", "layer": "point3", "path": "C:\\Users\\kobina\\Desktop\\Project_Ken\\Merger\\Merger\\point3.shx|layername=point3", "Points": null }, "geometry": { "type": "Point", "coordinates": [ -1.972410783333334, 7.50700025 ] } },
{ "type": "Feature", "properties": { "fid": 333.0, "CropType": "maiz", "Photo1": "DCIM/JPEG_20201216090919837.jpg", "Photo2": "DCIM/JPEG_20201216090938627.jpg", "Photo3": "DCIM/JPEG_20201216090955960.jpg", "Photo4": "DCIM/JPEG_20201216091020060.jpg", "Irrigation": "FALSE", "District": "TECH", "Region": "BoEa", "Zone": "tran", "Date": "2020-12-16", "Technician": "MAAD", "layer": "point3", "path": "C:\\Users\\kobina\\Desktop\\Project_Ken\\Merger\\Merger\\point3.shx|layername=point3", "Points": null }, "geometry": { "type": "Point", "coordinates": [ -1.975863466666667, 7.506073066666666 ] } },
{ "type": "Feature", "properties": { "fid": 114.0, "CropType": "plnt", "Photo1": "DCIM/JPEG_20201216092246525.jpg", "Photo2": "DCIM/JPEG_20201216092305768.jpg", "Photo3": "DCIM/JPEG_20201216092320391.jpg", "Photo4": "DCIM/JPEG_20201216092340449.jpg", "Irrigation": "FALSE", "District": "TECH", "Region": "BoEa", "Zone": "tran", "Date": "2020-12-16", "Technician": "MAAD", "layer": "point3", "path": "C:\\Users\\kobina\\Desktop\\Project_Ken\\Merger\\Merger\\point3.shx|layername=point3", "Points": null }, "geometry": { "type": "Point", "coordinates": [ -1.9779331, 7.506120033333334 ] } },
{ "type": "Feature", "properties": { "fid": 115.0, "CropType": "cash", "Photo1": "DCIM/JPEG_20201216092655035.jpg", "Photo2": "DCIM/JPEG_20201216092711771.jpg", "Photo3": "DCIM/JPEG_20201216092726448.jpg", "Photo4": "DCIM/JPEG_20201216092744030.jpg", "Irrigation": "FALSE", "District": "TECH", "Region": "BoEa", "Zone": "tran", "Date": "2020-12-16", "Technician": "MAAD", "layer": "point3", "path": "C:\\Users\\kobina\\Desktop\\Project_Ken\\Merger\\Merger\\point3.shx|layername=point3", "Points": null }, "geometry": { "type": "Point", "coordinates": [ -1.97758505, 7.505427133333335 ] } },
{ "type": "Feature", "properties": { "fid": 116.0, "CropType": "cass", "Photo1": "DCIM/JPEG_20201216093713070.jpg", "Photo2": "DCIM/JPEG_20201216093732534.jpg", "Photo3": "DCIM/JPEG_20201216093748511.jpg", "Photo4": "DCIM/JPEG_20201216093814871.jpg", "Irrigation": "FALSE", "District": "TECH", "Region": "BoEa", "Zone": "tran", "Date": "2020-12-16", "Technician": "MAAD", "layer": "point3", "path": "C:\\Users\\kobina\\Desktop\\Project_Ken\\Merger\\Merger\\point3.shx|layername=point3", "Points": null }, "geometry": { "type": "Point", "coordinates": [ -1.97061545, 7.508927883333333 ] } },
{ "type": "Feature", "properties": { "fid": 117.0, "CropType": "maiz", "Photo1": "DCIM/JPEG_20201216094414262.jpg", "Photo2": "DCIM/JPEG_20201216094432842.jpg", "Photo3": "DCIM/JPEG_20201216094454866.jpg", "Photo4": "DCIM/JPEG_20201216094513411.jpg", "Irrigation": "FALSE", "District": "TECH", "Region": "BoEa", "Zone": "tran", "Date": "2020-12-16", "Technician": "MAAD", "layer": "point3", "path": "C:\\Users\\kobina\\Desktop\\Project_Ken\\Merger\\Merger\\point3.shx|layername=point3", "Points": null }, "geometry": { "type": "Point", "coordinates": [ -1.971651916666667, 7.510028133333334 ] } },
{ "type": "Feature", "properties": { "fid": 118.0, "CropType": "cash", "Photo1": "DCIM/JPEG_20201216094747580.jpg", "Photo2": "DCIM/JPEG_20201216094811302.jpg", "Photo3": "DCIM/JPEG_20201216094825919.jpg", "Photo4": "DCIM/JPEG_20201216094843284.jpg", "Irrigation": "FALSE", "District": "TECH", "Region": "BoEa", "Zone": "tran", "Date": "2020-12-16", "Technician": "MAAD", "layer": "point3", "path": "C:\\Users\\kobina\\Desktop\\Project_Ken\\Merger\\Merger\\point3.shx|layername=point3", "Points": null }, "geometry": { "type": "Point", "coordinates": [ -1.971871183333334, 7.511260166666667 ] } },
{ "type": "Feature", "properties": { "fid": 119.0, "CropType": "maiz", "Photo1": "DCIM/JPEG_20201216095420960.jpg", "Photo2": "DCIM/JPEG_20201216095439907.jpg", "Photo3": "DCIM/JPEG_20201216095455561.jpg", "Photo4": "DCIM/JPEG_20201216095516572.jpg", "Irrigation": "FALSE", "District": "TECH", "Region": "BoEa", "Zone": "tran", "Date": "2020-12-16", "Technician": "MAAD", "layer": "point3", "path": "C:\\Users\\kobina\\Desktop\\Project_Ken\\Merger\\Merger\\point3.shx|layername=point3", "Points": null }, "geometry": { "type": "Point", "coordinates": [ -1.9702667, 7.514117316666667 ] } },
{ "type": "Feature", "properties": { "fid": 120.0, "CropType": "cabb", "Photo1": "DCIM/JPEG_20201216102751929.jpg", "Photo2": "DCIM/JPEG_20201216102810036.jpg", "Photo3": "DCIM/JPEG_20201216102825784.jpg", "Photo4": "DCIM/JPEG_20201216102845997.jpg", "Irrigation": "TRUE", "District": "TECH", "Region": "BoEa", "Zone": "tran", "Date": "2020-12-16", "Technician": "MAAD", "layer": "point3", "path": "C:\\Users\\kobina\\Desktop\\Project_Ken\\Merger\\Merger\\point3.shx|layername=point3", "Points": null }, "geometry": { "type": "Point", "coordinates": [ -1.963662933333333, 7.509949866666666 ] } },
{ "type": "Feature", "properties": { "fid": 105.0, "CropType": "cabb", "Photo1": "DCIM/JPEG_20201216103411340.jpg", "Photo2": "DCIM/JPEG_20201216103439083.jpg", "Photo3": "DCIM/JPEG_20201216103457243.jpg", "Photo4": "DCIM/JPEG_20201216103520406.jpg", "Irrigation": "TRUE", "District": "TECH", "Region": "BoEa", "Zone": "tran", "Date": "2020-12-16", "Technician": "MAAD", "layer": "point3", "path": "C:\\Users\\kobina\\Desktop\\Project_Ken\\Merger\\Merger\\point3.shx|layername=point3", "Points": null }, "geometry": { "type": "Point", "coordinates": [ -1.96262525, 7.509725083333333 ] } },
{ "type": "Feature", "properties": { "fid": 106.0, "CropType": "maiz", "Photo1": "DCIM/JPEG_20201216104158608.jpg", "Photo2": "DCIM/JPEG_20201216104218774.jpg", "Photo3": "DCIM/JPEG_20201216104231784.jpg", "Photo4": "DCIM/JPEG_20201216104259604.jpg", "Irrigation": "FALSE", "District": "TECH", "Region": "BoEa", "Zone": "tran", "Date": "2020-12-16", "Technician": "MAAD", "layer": "point3", "path": "C:\\Users\\kobina\\Desktop\\Project_Ken\\Merger\\Merger\\point3.shx|layername=point3", "Points": null }, "geometry": { "type": "Point", "coordinates": [ -1.962523633333333, 7.498167066666667 ] } },
{ "type": "Feature", "properties": { "fid": 107.0, "CropType": "yams", "Photo1": "DCIM/JPEG_20201216105911215.jpg", "Photo2": "DCIM/JPEG_20201216105922921.jpg", "Photo3": "DCIM/JPEG_20201216105939573.jpg", "Photo4": "DCIM/JPEG_20201216110000691.jpg", "Irrigation": "FALSE", "District": "TECH", "Region": "BoEa", "Zone": "tran", "Date": "2020-12-16", "Technician": "MAAD", "layer": "point3", "path": "C:\\Users\\kobina\\Desktop\\Project_Ken\\Merger\\Merger\\point3.shx|layername=point3", "Points": null }, "geometry": { "type": "Point", "coordinates": [ -1.954588283333333, 7.482158516666667 ] } },
{ "type": "Feature", "properties": { "fid": 108.0, "CropType": "maiz", "Photo1": "DCIM/JPEG_20201216111604825.jpg", "Photo2": "DCIM/JPEG_20201216111630759.jpg", "Photo3": "DCIM/JPEG_20201216111650126.jpg", "Photo4": "DCIM/JPEG_20201216111713307.jpg", "Irrigation": "FALSE", "District": "TECH", "Region": "BoEa", "Zone": "tran", "Date": "2020-12-16", "Technician": "MAAD", "layer": "point3", "path": "C:\\Users\\kobina\\Desktop\\Project_Ken\\Merger\\Merger\\point3.shx|layername=point3", "Points": null }, "geometry": { "type": "Point", "coordinates": [ -1.954279466666667, 7.47952315 ] } },
{ "type": "Feature", "properties": { "fid": 109.0, "CropType": "pepp", "Photo1": "DCIM/JPEG_20201216112334116.jpg", "Photo2": "DCIM/JPEG_20201216112352170.jpg", "Photo3": "DCIM/JPEG_20201216112406298.jpg", "Photo4": "DCIM/JPEG_20201216112425192.jpg", "Irrigation": "TRUE", "District": "TECH", "Region": "BoEa", "Zone": "tran", "Date": "2020-12-16", "Technician": "MAAD", "layer": "point3", "path": "C:\\Users\\kobina\\Desktop\\Project_Ken\\Merger\\Merger\\point3.shx|layername=point3", "Points": null }, "geometry": { "type": "Point", "coordinates": [ -1.966594514955704, 7.476515573009119 ] } },
{ "type": "Feature", "properties": { "fid": 110.0, "CropType": "yams", "Photo1": "DCIM/JPEG_20201216112720535.jpg", "Photo2": "DCIM/JPEG_20201216112738803.jpg", "Photo3": "DCIM/JPEG_20201216112759929.jpg", "Photo4": "DCIM/JPEG_20201216112819512.jpg", "Irrigation": "FALSE", "District": "TECH", "Region": "BoEa", "Zone": "tran", "Date": "2020-12-16", "Technician": "MAAD", "layer": "point3", "path": "C:\\Users\\kobina\\Desktop\\Project_Ken\\Merger\\Merger\\point3.shx|layername=point3", "Points": null }, "geometry": { "type": "Point", "coordinates": [ -1.9547827, 7.479100333333335 ] } },
{ "type": "Feature", "properties": { "fid": 111.0, "CropType": "maiz", "Photo1": "DCIM/JPEG_20201216113713015.jpg", "Photo2": "DCIM/JPEG_20201216113735341.jpg", "Photo3": "DCIM/JPEG_20201216113750649.jpg", "Photo4": "DCIM/JPEG_20201216113809215.jpg", "Irrigation": "FALSE", "District": "TECH", "Region": "BoEa", "Zone": "tran", "Date": "2020-12-16", "Technician": "MAAD", "layer": "point3", "path": "C:\\Users\\kobina\\Desktop\\Project_Ken\\Merger\\Merger\\point3.shx|layername=point3", "Points": null }, "geometry": { "type": "Point", "coordinates": [ -1.955974257008176, 7.479719670403616 ] } },
{ "type": "Feature", "properties": { "fid": 112.0, "CropType": "cash", "Photo1": "DCIM/JPEG_20201216115701296.jpg", "Photo2": "DCIM/JPEG_20201216115753280.jpg", "Photo3": "DCIM/JPEG_20201216115807355.jpg", "Photo4": "DCIM/JPEG_20201216115813510.jpg", "Irrigation": "FALSE", "District": "TECH", "Region": "BoEa", "Zone": "tran", "Date": "2020-12-16", "Technician": "MAAD", "layer": "point3", "path": "C:\\Users\\kobina\\Desktop\\Project_Ken\\Merger\\Merger\\point3.shx|layername=point3", "Points": null }, "geometry": { "type": "Point", "coordinates": [ -1.959261167248925, 7.47938548197603 ] } },
{ "type": "Feature", "properties": { "fid": 129.0, "CropType": "cash", "Photo1": "DCIM/JPEG_20201216122204621.jpg", "Photo2": "DCIM/JPEG_20201216122259985.jpg", "Photo3": "DCIM/JPEG_20201216122307613.jpg", "Photo4": "DCIM/JPEG_20201216122315443.jpg", "Irrigation": "FALSE", "District": "TECH", "Region": "BoEa", "Zone": "tran", "Date": "2020-12-16", "Technician": "MAAD", "layer": "point3", "path": "C:\\Users\\kobina\\Desktop\\Project_Ken\\Merger\\Merger\\point3.shx|layername=point3", "Points": null }, "geometry": { "type": "Point", "coordinates": [ -1.95084355, 7.478287316666665 ] } },
{ "type": "Feature", "properties": { "fid": 130.0, "CropType": "maiz", "Photo1": "DCIM/JPEG_20201216123331190.jpg", "Photo2": "DCIM/JPEG_20201216123411771.jpg", "Photo3": "DCIM/JPEG_20201216123420350.jpg", "Photo4": "DCIM/JPEG_20201216123426347.jpg", "Irrigation": "FALSE", "District": "TECH", "Region": "BoEa", "Zone": "tran", "Date": "2020-12-16", "Technician": "MAAD", "layer": "point3", "path": "C:\\Users\\kobina\\Desktop\\Project_Ken\\Merger\\Merger\\point3.shx|layername=point3", "Points": null }, "geometry": { "type": "Point", "coordinates": [ -1.947561633333333, 7.47887215 ] } },
{ "type": "Feature", "properties": { "fid": 131.0, "CropType": "cass", "Photo1": "DCIM/JPEG_20201216123748128.jpg", "Photo2": "DCIM/JPEG_20201216123833568.jpg", "Photo3": "DCIM/JPEG_20201216123844495.jpg", "Photo4": "DCIM/JPEG_20201216123850542.jpg", "Irrigation": "FALSE", "District": "TECH", "Region": "BoEa", "Zone": "tran", "Date": "2020-12-16", "Technician": "MAAD", "layer": "point3", "path": "C:\\Users\\kobina\\Desktop\\Project_Ken\\Merger\\Merger\\point3.shx|layername=point3", "Points": null }, "geometry": { "type": "Point", "coordinates": [ -1.946289416666666, 7.479826633333332 ] } },
{ "type": "Feature", "properties": { "fid": 132.0, "CropType": "oran", "Photo1": "DCIM/JPEG_20201219111901243.jpg", "Photo2": "DCIM/JPEG_20201219111923013.jpg", "Photo3": "DCIM/JPEG_20201219111935539.jpg", "Photo4": "DCIM/JPEG_20201219111945803.jpg", "Irrigation": "FALSE", "District": "OFFI", "Region": "Asha", "Zone": "tran", "Date": "2020-12-19", "Technician": "MAAD", "layer": "point3", "path": "C:\\Users\\kobina\\Desktop\\Project_Ken\\Merger\\Merger\\point3.shx|layername=point3", "Points": null }, "geometry": { "type": "Point", "coordinates": [ -1.977694783333333, 7.38049095 ] } },
{ "type": "Feature", "properties": { "fid": 133.0, "CropType": "maiz", "Photo1": "DCIM/JPEG_20201216130326550.jpg", "Photo2": "DCIM/JPEG_20201216130345658.jpg", "Photo3": "DCIM/JPEG_20201216130401485.jpg", "Photo4": "DCIM/JPEG_20201216130420756.jpg", "Irrigation": "FALSE", "District": "TECH", "Region": "BoEa", "Zone": "tran", "Date": "2020-12-16", "Technician": "MAAD", "layer": "point3", "path": "C:\\Users\\kobina\\Desktop\\Project_Ken\\Merger\\Merger\\point3.shx|layername=point3", "Points": null }, "geometry": { "type": "Point", "coordinates": [ -1.9481546, 7.47764615 ] } },
{ "type": "Feature", "properties": { "fid": 134.0, "CropType": "maiz", "Photo1": "DCIM/JPEG_20201216133140064.jpg", "Photo2": "DCIM/JPEG_20201216133159987.jpg", "Photo3": "DCIM/JPEG_20201216133216529.jpg", "Photo4": "DCIM/JPEG_20201216133239266.jpg", "Irrigation": "FALSE", "District": "TECH", "Region": "BoEa", "Zone": "tran", "Date": "2020-12-16", "Technician": "MAAD", "layer": "point3", "path": "C:\\Users\\kobina\\Desktop\\Project_Ken\\Merger\\Merger\\point3.shx|layername=point3", "Points": null }, "geometry": { "type": "Point", "coordinates": [ -1.954507733333333, 7.488727633333334 ] } },
{ "type": "Feature", "properties": { "fid": 135.0, "CropType": "maiz", "Photo1": "DCIM/JPEG_20201216140629849.jpg", "Photo2": "DCIM/JPEG_20201216140649796.jpg", "Photo3": "DCIM/JPEG_20201216140701686.jpg", "Photo4": "DCIM/JPEG_20201216140716372.jpg", "Irrigation": "FALSE", "District": "TECH", "Region": "BoEa", "Zone": "tran", "Date": "2020-12-16", "Technician": "MAAD", "layer": "point3", "path": "C:\\Users\\kobina\\Desktop\\Project_Ken\\Merger\\Merger\\point3.shx|layername=point3", "Points": null }, "geometry": { "type": "Point", "coordinates": [ -1.9442026, 7.49074195 ] } },
{ "type": "Feature", "properties": { "fid": 136.0, "CropType": "yams", "Photo1": "DCIM/JPEG_20201216141308896.jpg", "Photo2": "DCIM/JPEG_20201216141400662.jpg", "Photo3": "DCIM/JPEG_20201216141411654.jpg", "Photo4": "DCIM/JPEG_20201216141418164.jpg", "Irrigation": "FALSE", "District": "TECH", "Region": "BoEa", "Zone": "tran", "Date": "2020-12-16", "Technician": "MAAD", "layer": "point3", "path": "C:\\Users\\kobina\\Desktop\\Project_Ken\\Merger\\Merger\\point3.shx|layername=point3", "Points": null }, "geometry": { "type": "Point", "coordinates": [ -1.941877733333333, 7.49054285 ] } },
{ "type": "Feature", "properties": { "fid": 121.0, "CropType": "pepp", "Photo1": "DCIM/JPEG_20201219115037632.jpg", "Photo2": "DCIM/JPEG_20201219115100235.jpg", "Photo3": "DCIM/JPEG_20201219115114835.jpg", "Photo4": "DCIM/JPEG_20201219115132547.jpg", "Irrigation": "TRUE", "District": "OFFI", "Region": "Asha", "Zone": "tran", "Date": "2020-12-19", "Technician": "MAAD", "layer": "point3", "path": "C:\\Users\\kobina\\Desktop\\Project_Ken\\Merger\\Merger\\point3.shx|layername=point3", "Points": null }, "geometry": { "type": "Point", "coordinates": [ -1.977046033333333, 7.369261133333334 ] } },
{ "type": "Feature", "properties": { "fid": 122.0, "CropType": "yams", "Photo1": "DCIM/JPEG_20201216141914050.jpg", "Photo2": "DCIM/JPEG_20201216141955290.jpg", "Photo3": "DCIM/JPEG_20201216142003452.jpg", "Photo4": "DCIM/JPEG_20201216142011150.jpg", "Irrigation": "FALSE", "District": "TECH", "Region": "BoEa", "Zone": "tran", "Date": "2020-12-16", "Technician": "MAAD", "layer": "point3", "path": "C:\\Users\\kobina\\Desktop\\Project_Ken\\Merger\\Merger\\point3.shx|layername=point3", "Points": null }, "geometry": { "type": "Point", "coordinates": [ -1.941244983333333, 7.4903516 ] } },
{ "type": "Feature", "properties": { "fid": 123.0, "CropType": "cass", "Photo1": "DCIM/JPEG_20201219121606192.jpg", "Photo2": "DCIM/JPEG_20201219121634318.jpg", "Photo3": "DCIM/JPEG_20201219121645866.jpg", "Photo4": "DCIM/JPEG_20201219121654762.jpg", "Irrigation": "FALSE", "District": "OFFI", "Region": "Asha", "Zone": "tran", "Date": "2020-12-19", "Technician": "MAAD", "layer": "point3", "path": "C:\\Users\\kobina\\Desktop\\Project_Ken\\Merger\\Merger\\point3.shx|layername=point3", "Points": null }, "geometry": { "type": "Point", "coordinates": [ -1.991262, 7.383228016666668 ] } },
{ "type": "Feature", "properties": { "fid": 124.0, "CropType": "man", "Photo1": "DCIM/JPEG_20201216142710104.jpg", "Photo2": "DCIM/JPEG_20201216142755378.jpg", "Photo3": "DCIM/JPEG_20201216142802921.jpg", "Photo4": "DCIM/JPEG_20201216142809598.jpg", "Irrigation": "FALSE", "District": "TECH", "Region": "BoEa", "Zone": "tran", "Date": "2020-12-16", "Technician": "MAAD", "layer": "point3", "path": "C:\\Users\\kobina\\Desktop\\Project_Ken\\Merger\\Merger\\point3.shx|layername=point3", "Points": null }, "geometry": { "type": "Point", "coordinates": [ -1.94212775, 7.487521766666666 ] } },
{ "type": "Feature", "properties": { "fid": 125.0, "CropType": "oran", "Photo1": "DCIM/JPEG_20201216143609571.jpg", "Photo2": "DCIM/JPEG_20201216143656488.jpg", "Photo3": "DCIM/JPEG_20201216143703962.jpg", "Photo4": "DCIM/JPEG_20201216143714524.jpg", "Irrigation": "FALSE", "District": "TECH", "Region": "BoEa", "Zone": "tran", "Date": "2020-12-16", "Technician": "MAAD", "layer": "point3", "path": "C:\\Users\\kobina\\Desktop\\Project_Ken\\Merger\\Merger\\point3.shx|layername=point3", "Points": null }, "geometry": { "type": "Point", "coordinates": [ -1.943420066666667, 7.4906185 ] } },
{ "type": "Feature", "properties": { "fid": 126.0, "CropType": "maiz", "Photo1": "DCIM/JPEG_20201217080725877.jpg", "Photo2": "DCIM/JPEG_20201217080901191.jpg", "Photo3": "DCIM/JPEG_20201217080926252.jpg", "Photo4": "DCIM/JPEG_20201217080949324.jpg", "Irrigation": "FALSE", "District": "TECH", "Region": "BoEa", "Zone": "tran", "Date": "2020-12-17", "Technician": "MAAD", "layer": "point3", "path": "C:\\Users\\kobina\\Desktop\\Project_Ken\\Merger\\Merger\\point3.shx|layername=point3", "Points": null }, "geometry": { "type": "Point", "coordinates": [ -1.974680466666667, 7.464977366666667 ] } },
{ "type": "Feature", "properties": { "fid": 127.0, "CropType": "maiz", "Photo1": "DCIM/JPEG_20201217084510670.jpg", "Photo2": "DCIM/JPEG_20201217084525912.jpg", "Photo3": "DCIM/JPEG_20201217084535767.jpg", "Photo4": "DCIM/JPEG_20201217084546657.jpg", "Irrigation": "FALSE", "District": "TECH", "Region": "BoEa", "Zone": "tran", "Date": "2020-12-17", "Technician": "MAAD", "layer": "point3", "path": "C:\\Users\\kobina\\Desktop\\Project_Ken\\Merger\\Merger\\point3.shx|layername=point3", "Points": null }, "geometry": { "type": "Point", "coordinates": [ -1.975173666666667, 7.468208583333335 ] } },
{ "type": "Feature", "properties": { "fid": 128.0, "CropType": "cash", "Photo1": "DCIM/JPEG_20201217090012997.jpg", "Photo2": "DCIM/JPEG_20201217090100453.jpg", "Photo3": "DCIM/JPEG_20201217090111132.jpg", "Photo4": "DCIM/JPEG_20201217090118191.jpg", "Irrigation": "FALSE", "District": "TECH", "Region": "BoEa", "Zone": "tran", "Date": "2020-12-17", "Technician": "MAAD", "layer": "point3", "path": "C:\\Users\\kobina\\Desktop\\Project_Ken\\Merger\\Merger\\point3.shx|layername=point3", "Points": null }, "geometry": { "type": "Point", "coordinates": [ -1.974889333333333, 7.478094933333334 ] } },
{ "type": "Feature", "properties": { "fid": 145.0, "CropType": "maiz", "Photo1": "DCIM/JPEG_20201217090813321.jpg", "Photo2": "DCIM/JPEG_20201217090907582.jpg", "Photo3": "DCIM/JPEG_20201217090917989.jpg", "Photo4": "DCIM/JPEG_20201217090924815.jpg", "Irrigation": "FALSE", "District": "TECH", "Region": "BoEa", "Zone": "tran", "Date": "2020-12-17", "Technician": "MAAD", "layer": "point3", "path": "C:\\Users\\kobina\\Desktop\\Project_Ken\\Merger\\Merger\\point3.shx|layername=point3", "Points": null }, "geometry": { "type": "Point", "coordinates": [ -1.974043696637163, 7.484327704352791 ] } },
{ "type": "Feature", "properties": { "fid": 146.0, "CropType": "cash", "Photo1": "DCIM/JPEG_20201217091315934.jpg", "Photo2": "DCIM/JPEG_20201217091357031.jpg", "Photo3": "DCIM/JPEG_20201217091406042.jpg", "Photo4": "DCIM/JPEG_20201217091413797.jpg", "Irrigation": "FALSE", "District": "TECH", "Region": "BoEa", "Zone": "tran", "Date": "2020-12-17", "Technician": "MAAD", "layer": "point3", "path": "C:\\Users\\kobina\\Desktop\\Project_Ken\\Merger\\Merger\\point3.shx|layername=point3", "Points": null }, "geometry": { "type": "Point", "coordinates": [ -1.975381216666667, 7.482624066666666 ] } },
{ "type": "Feature", "properties": { "fid": 147.0, "CropType": "pepp", "Photo1": "DCIM/JPEG_20201217093304535.jpg", "Photo2": "DCIM/JPEG_20201217093359269.jpg", "Photo3": "DCIM/JPEG_20201217093408772.jpg", "Photo4": "DCIM/JPEG_20201217093415174.jpg", "Irrigation": "TRUE", "District": "TECH", "Region": "BoEa", "Zone": "tran", "Date": "2020-12-17", "Technician": "MAAD", "layer": "point3", "path": "C:\\Users\\kobina\\Desktop\\Project_Ken\\Merger\\Merger\\point3.shx|layername=point3", "Points": null }, "geometry": { "type": "Point", "coordinates": [ -1.9753805, 7.4748959 ] } },
{ "type": "Feature", "properties": { "fid": 148.0, "CropType": "maiz", "Photo1": "DCIM/JPEG_20201217095105768.jpg", "Photo2": "DCIM/JPEG_20201217095155316.jpg", "Photo3": "DCIM/JPEG_20201217095205776.jpg", "Photo4": "DCIM/JPEG_20201217095221740.jpg", "Irrigation": "FALSE", "District": "TECH", "Region": "BoEa", "Zone": "tran", "Date": "2020-12-17", "Technician": "MAAD", "layer": "point3", "path": "C:\\Users\\kobina\\Desktop\\Project_Ken\\Merger\\Merger\\point3.shx|layername=point3", "Points": null }, "geometry": { "type": "Point", "coordinates": [ -1.98587925, 7.468483633333333 ] } },
{ "type": "Feature", "properties": { "fid": 149.0, "CropType": "cass", "Photo1": "DCIM/JPEG_20201217095654532.jpg", "Photo2": "DCIM/JPEG_20201217095738098.jpg", "Photo3": "DCIM/JPEG_20201217095747413.jpg", "Photo4": "DCIM/JPEG_20201217095753751.jpg", "Irrigation": "FALSE", "District": "TECH", "Region": "BoEa", "Zone": "tran", "Date": "2020-12-17", "Technician": "MAAD", "layer": "point3", "path": "C:\\Users\\kobina\\Desktop\\Project_Ken\\Merger\\Merger\\point3.shx|layername=point3", "Points": null }, "geometry": { "type": "Point", "coordinates": [ -1.9863161, 7.468347516666667 ] } },
{ "type": "Feature", "properties": { "fid": 150.0, "CropType": "cass", "Photo1": "DCIM/JPEG_20201217101418700.jpg", "Photo2": "DCIM/JPEG_20201217101515710.jpg", "Photo3": "DCIM/JPEG_20201217101526573.jpg", "Photo4": "DCIM/JPEG_20201217101533383.jpg", "Irrigation": "FALSE", "District": "TECH", "Region": "BoEa", "Zone": "tran", "Date": "2020-12-17", "Technician": "MAAD", "layer": "point3", "path": "C:\\Users\\kobina\\Desktop\\Project_Ken\\Merger\\Merger\\point3.shx|layername=point3", "Points": null }, "geometry": { "type": "Point", "coordinates": [ -1.985623616666666, 7.467801783333333 ] } },
{ "type": "Feature", "properties": { "fid": 151.0, "CropType": "pepp", "Photo1": "DCIM/JPEG_20201217102012646.jpg", "Photo2": "DCIM/JPEG_20201217102102506.jpg", "Photo3": "DCIM/JPEG_20201217102116022.jpg", "Photo4": "DCIM/JPEG_20201217102134011.jpg", "Irrigation": "TRUE", "District": "TECH", "Region": "BoEa", "Zone": "tran", "Date": "2020-12-17", "Technician": "MAAD", "layer": "point3", "path": "C:\\Users\\kobina\\Desktop\\Project_Ken\\Merger\\Merger\\point3.shx|layername=point3", "Points": null }, "geometry": { "type": "Point", "coordinates": [ -1.98474765, 7.4673214 ] } },
{ "type": "Feature", "properties": { "fid": 152.0, "CropType": "coco", "Photo1": "DCIM/JPEG_20201217103018309.jpg", "Photo2": "DCIM/JPEG_20201217103108394.jpg", "Photo3": "DCIM/JPEG_20201217103116844.jpg", "Photo4": "DCIM/JPEG_20201217103123821.jpg", "Irrigation": "FALSE", "District": "TECH", "Region": "BoEa", "Zone": "tran", "Date": "2020-12-17", "Technician": "MAAD", "layer": "point3", "path": "C:\\Users\\kobina\\Desktop\\Project_Ken\\Merger\\Merger\\point3.shx|layername=point3", "Points": null }, "geometry": { "type": "Point", "coordinates": [ -1.979051966666667, 7.46631545 ] } },
{ "type": "Feature", "properties": { "fid": 137.0, "CropType": "cash", "Photo1": "DCIM/JPEG_20201217104303891.jpg", "Photo2": "DCIM/JPEG_20201217104350581.jpg", "Photo3": "DCIM/JPEG_20201217104403176.jpg", "Photo4": "DCIM/JPEG_20201217104410443.jpg", "Irrigation": "FALSE", "District": "TECH", "Region": "BoEa", "Zone": "tran", "Date": "2020-12-17", "Technician": "MAAD", "layer": "point3", "path": "C:\\Users\\kobina\\Desktop\\Project_Ken\\Merger\\Merger\\point3.shx|layername=point3", "Points": null }, "geometry": { "type": "Point", "coordinates": [ -1.971586583333333, 7.4682717 ] } },
{ "type": "Feature", "properties": { "fid": 138.0, "CropType": "cass", "Photo1": "DCIM/JPEG_20201217110248403.jpg", "Photo2": "DCIM/JPEG_20201217110341003.jpg", "Photo3": "DCIM/JPEG_20201217110350953.jpg", "Photo4": "DCIM/JPEG_20201217110357639.jpg", "Irrigation": "FALSE", "District": "TECH", "Region": "BoEa", "Zone": "tran", "Date": "2020-12-17", "Technician": "MAAD", "layer": "point3", "path": "C:\\Users\\kobina\\Desktop\\Project_Ken\\Merger\\Merger\\point3.shx|layername=point3", "Points": null }, "geometry": { "type": "Point", "coordinates": [ -1.969785816666667, 7.47334005 ] } },
{ "type": "Feature", "properties": { "fid": 139.0, "CropType": "cabb", "Photo1": "DCIM/JPEG_20201217111353918.jpg", "Photo2": "DCIM/JPEG_20201217111445357.jpg", "Photo3": "DCIM/JPEG_20201217111457598.jpg", "Photo4": "DCIM/JPEG_20201217111523442.jpg", "Irrigation": "TRUE", "District": "TECH", "Region": "BoEa", "Zone": "tran", "Date": "2020-12-17", "Technician": "MAAD", "layer": "point3", "path": "C:\\Users\\kobina\\Desktop\\Project_Ken\\Merger\\Merger\\point3.shx|layername=point3", "Points": null }, "geometry": { "type": "Point", "coordinates": [ -1.971241616666667, 7.463097083333335 ] } },
{ "type": "Feature", "properties": { "fid": 140.0, "CropType": "man", "Photo1": "DCIM/JPEG_20201217112407654.jpg", "Photo2": "DCIM/JPEG_20201217112534035.jpg", "Photo3": "DCIM/JPEG_20201217112517608.jpg", "Photo4": "DCIM/JPEG_20201217112459445.jpg", "Irrigation": "FALSE", "District": "TECH", "Region": "BoEa", "Zone": "tran", "Date": "2020-12-17", "Technician": "MAAD", "layer": "point3", "path": "C:\\Users\\kobina\\Desktop\\Project_Ken\\Merger\\Merger\\point3.shx|layername=point3", "Points": null }, "geometry": { "type": "Point", "coordinates": [ -1.962807, 7.456067583333334 ] } },
{ "type": "Feature", "properties": { "fid": 141.0, "CropType": "cash", "Photo1": "DCIM/JPEG_20201217113131012.jpg", "Photo2": "DCIM/JPEG_20201217113148996.jpg", "Photo3": "DCIM/JPEG_20201217113159056.jpg", "Photo4": "DCIM/JPEG_20201217113206037.jpg", "Irrigation": "FALSE", "District": "TECH", "Region": "BoEa", "Zone": "tran", "Date": "2020-12-17", "Technician": "MAAD", "layer": "point3", "path": "C:\\Users\\kobina\\Desktop\\Project_Ken\\Merger\\Merger\\point3.shx|layername=point3", "Points": null }, "geometry": { "type": "Point", "coordinates": [ -1.9622741, 7.456568266666666 ] } },
{ "type": "Feature", "properties": { "fid": 142.0, "CropType": "cabb", "Photo1": "DCIM/JPEG_20201217113558158.jpg", "Photo2": "DCIM/JPEG_20201217113645356.jpg", "Photo3": "DCIM/JPEG_20201217113700060.jpg", "Photo4": "DCIM/JPEG_20201217113705993.jpg", "Irrigation": "TRUE", "District": "TECH", "Region": "BoEa", "Zone": "tran", "Date": "2020-12-17", "Technician": "MAAD", "layer": "point3", "path": "C:\\Users\\kobina\\Desktop\\Project_Ken\\Merger\\Merger\\point3.shx|layername=point3", "Points": null }, "geometry": { "type": "Point", "coordinates": [ -1.9590914, 7.455726416666666 ] } },
{ "type": "Feature", "properties": { "fid": 143.0, "CropType": "oran", "Photo1": "DCIM/JPEG_20201217115057418.jpg", "Photo2": "DCIM/JPEG_20201217115156528.jpg", "Photo3": "DCIM/JPEG_20201217115218660.jpg", "Photo4": "DCIM/JPEG_20201217115253928.jpg", "Irrigation": "FALSE", "District": "TECH", "Region": "BoEa", "Zone": "tran", "Date": "2020-12-17", "Technician": "MAAD", "layer": "point3", "path": "C:\\Users\\kobina\\Desktop\\Project_Ken\\Merger\\Merger\\point3.shx|layername=point3", "Points": null }, "geometry": { "type": "Point", "coordinates": [ -1.9437348, 7.459728116666668 ] } },
{ "type": "Feature", "properties": { "fid": 144.0, "CropType": "maiz", "Photo1": "DCIM/JPEG_20201217120645835.jpg", "Photo2": "DCIM/JPEG_20201217120729807.jpg", "Photo3": "DCIM/JPEG_20201217120736500.jpg", "Photo4": "DCIM/JPEG_20201217120744027.jpg", "Irrigation": "FALSE", "District": "TECH", "Region": "BoEa", "Zone": "tran", "Date": "2020-12-17", "Technician": "MAAD", "layer": "point3", "path": "C:\\Users\\kobina\\Desktop\\Project_Ken\\Merger\\Merger\\point3.shx|layername=point3", "Points": null }, "geometry": { "type": "Point", "coordinates": [ -1.947248216666666, 7.455967616666667 ] } },
{ "type": "Feature", "properties": { "fid": 270.0, "CropType": "cass", "Photo1": "DCIM/JPEG_20201217121033143.jpg", "Photo2": "DCIM/JPEG_20201217121122845.jpg", "Photo3": "DCIM/JPEG_20201217121131191.jpg", "Photo4": "DCIM/JPEG_20201217121136851.jpg", "Irrigation": "FALSE", "District": "TECH", "Region": "BoEa", "Zone": "tran", "Date": "2020-12-17", "Technician": "MAAD", "layer": "point3", "path": "C:\\Users\\kobina\\Desktop\\Project_Ken\\Merger\\Merger\\point3.shx|layername=point3", "Points": null }, "geometry": { "type": "Point", "coordinates": [ -1.947093566666667, 7.455383133333333 ] } },
{ "type": "Feature", "properties": { "fid": 271.0, "CropType": "yams", "Photo1": "DCIM/JPEG_20201217121841598.jpg", "Photo2": "DCIM/JPEG_20201217121947790.jpg", "Photo3": "DCIM/JPEG_20201217122001448.jpg", "Photo4": "DCIM/JPEG_20201217122011294.jpg", "Irrigation": "FALSE", "District": "TECH", "Region": "BoEa", "Zone": "tran", "Date": "2020-12-17", "Technician": "MAAD", "layer": "point3", "path": "C:\\Users\\kobina\\Desktop\\Project_Ken\\Merger\\Merger\\point3.shx|layername=point3", "Points": null }, "geometry": { "type": "Point", "coordinates": [ -1.943867083333333, 7.454752933333333 ] } },
{ "type": "Feature", "properties": { "fid": 272.0, "CropType": "yams", "Photo1": "DCIM/JPEG_20201217122237404.jpg", "Photo2": "DCIM/JPEG_20201217122323506.jpg", "Photo3": "DCIM/JPEG_20201217122332443.jpg", "Photo4": "DCIM/JPEG_20201217122339607.jpg", "Irrigation": "FALSE", "District": "TECH", "Region": "BoEa", "Zone": "tran", "Date": "2020-12-17", "Technician": "MAAD", "layer": "point3", "path": "C:\\Users\\kobina\\Desktop\\Project_Ken\\Merger\\Merger\\point3.shx|layername=point3", "Points": null }, "geometry": { "type": "Point", "coordinates": [ -1.943871966666667, 7.454507666666666 ] } },
{ "type": "Feature", "properties": { "fid": 273.0, "CropType": "cass", "Photo1": "DCIM/JPEG_20201217123544823.jpg", "Photo2": "DCIM/JPEG_20201217123714072.jpg", "Photo3": "DCIM/JPEG_20201217123737215.jpg", "Photo4": "DCIM/JPEG_20201217123744128.jpg", "Irrigation": "FALSE", "District": "TECH", "Region": "BoEa", "Zone": "tran", "Date": "2020-12-17", "Technician": "MAAD", "layer": "point3", "path": "C:\\Users\\kobina\\Desktop\\Project_Ken\\Merger\\Merger\\point3.shx|layername=point3", "Points": null }, "geometry": { "type": "Point", "coordinates": [ -1.94959915, 7.4559673 ] } },
{ "type": "Feature", "properties": { "fid": 274.0, "CropType": "cash", "Photo1": "DCIM/JPEG_20201217124347963.jpg", "Photo2": "DCIM/JPEG_20201217124435776.jpg", "Photo3": "DCIM/JPEG_20201217124445524.jpg", "Photo4": "DCIM/JPEG_20201217124453673.jpg", "Irrigation": "FALSE", "District": "TECH", "Region": "BoEa", "Zone": "tran", "Date": "2020-12-17", "Technician": "MAAD", "layer": "point3", "path": "C:\\Users\\kobina\\Desktop\\Project_Ken\\Merger\\Merger\\point3.shx|layername=point3", "Points": null }, "geometry": { "type": "Point", "coordinates": [ -1.958661533333333, 7.455349316666668 ] } },
{ "type": "Feature", "properties": { "fid": 275.0, "CropType": "man", "Photo1": "DCIM/JPEG_20201217133056249.jpg", "Photo2": "DCIM/JPEG_20201217133117215.jpg", "Photo3": "DCIM/JPEG_20201217133127456.jpg", "Photo4": "DCIM/JPEG_20201217133135237.jpg", "Irrigation": "FALSE", "District": "TECH", "Region": "BoEa", "Zone": "tran", "Date": "2020-12-17", "Technician": "MAAD", "layer": "point3", "path": "C:\\Users\\kobina\\Desktop\\Project_Ken\\Merger\\Merger\\point3.shx|layername=point3", "Points": null }, "geometry": { "type": "Point", "coordinates": [ -1.98605025, 7.457257666666669 ] } },
{ "type": "Feature", "properties": { "fid": 277.0, "CropType": "cass", "Photo1": "DCIM/JPEG_20201217134802453.jpg", "Photo2": "DCIM/JPEG_20201217134844404.jpg", "Photo3": "DCIM/JPEG_20201217134852457.jpg", "Photo4": "DCIM/JPEG_20201217134902583.jpg", "Irrigation": "FALSE", "District": "TECH", "Region": "BoEa", "Zone": "tran", "Date": "2020-12-17", "Technician": "MAAD", "layer": "point3", "path": "C:\\Users\\kobina\\Desktop\\Project_Ken\\Merger\\Merger\\point3.shx|layername=point3", "Points": null }, "geometry": { "type": "Point", "coordinates": [ -1.99167685, 7.4582696 ] } },
{ "type": "Feature", "properties": { "fid": 262.0, "CropType": "maiz", "Photo1": "DCIM/JPEG_20201217140423810.jpg", "Photo2": "DCIM/JPEG_20201217140507075.jpg", "Photo3": "DCIM/JPEG_20201217140514794.jpg", "Photo4": "DCIM/JPEG_20201217140521954.jpg", "Irrigation": "FALSE", "District": "TECH", "Region": "BoEa", "Zone": "tran", "Date": "2020-12-17", "Technician": "MAAD", "layer": "point3", "path": "C:\\Users\\kobina\\Desktop\\Project_Ken\\Merger\\Merger\\point3.shx|layername=point3", "Points": null }, "geometry": { "type": "Point", "coordinates": [ -2.004394583333334, 7.451282083333333 ] } },
{ "type": "Feature", "properties": { "fid": 263.0, "CropType": "maiz", "Photo1": "DCIM/JPEG_20201217140939657.jpg", "Photo2": "DCIM/JPEG_20201217141029312.jpg", "Photo3": "DCIM/JPEG_20201217141038015.jpg", "Photo4": "DCIM/JPEG_20201217141043925.jpg", "Irrigation": "FALSE", "District": "TECH", "Region": "BoEa", "Zone": "tran", "Date": "2020-12-17", "Technician": "MAAD", "layer": "point3", "path": "C:\\Users\\kobina\\Desktop\\Project_Ken\\Merger\\Merger\\point3.shx|layername=point3", "Points": null }, "geometry": { "type": "Point", "coordinates": [ -2.009509133333333, 7.448490566666667 ] } },
{ "type": "Feature", "properties": { "fid": 264.0, "CropType": "yams", "Photo1": "DCIM/JPEG_20201219162919321.jpg", "Photo2": "DCIM/JPEG_20201219162942786.jpg", "Photo3": "DCIM/JPEG_20201219163002049.jpg", "Photo4": "DCIM/JPEG_20201219163018274.jpg", "Irrigation": "FALSE", "District": "OFFI", "Region": "Asha", "Zone": "tran", "Date": "2020-12-19", "Technician": "MAAD", "layer": "point3", "path": "C:\\Users\\kobina\\Desktop\\Project_Ken\\Merger\\Merger\\point3.shx|layername=point3", "Points": null }, "geometry": { "type": "Point", "coordinates": [ -1.888787416666667, 7.425829383333333 ] } },
{ "type": "Feature", "properties": { "fid": 265.0, "CropType": "cass", "Photo1": "DCIM/JPEG_20201217141613108.jpg", "Photo2": "DCIM/JPEG_20201217141632297.jpg", "Photo3": "DCIM/JPEG_20201217141641307.jpg", "Photo4": "DCIM/JPEG_20201217141648860.jpg", "Irrigation": "FALSE", "District": "TECH", "Region": "BoEa", "Zone": "tran", "Date": "2020-12-17", "Technician": "MAAD", "layer": "point3", "path": "C:\\Users\\kobina\\Desktop\\Project_Ken\\Merger\\Merger\\point3.shx|layername=point3", "Points": null }, "geometry": { "type": "Point", "coordinates": [ -2.0136093, 7.44728415 ] } },
{ "type": "Feature", "properties": { "fid": 266.0, "CropType": "man", "Photo1": "DCIM/JPEG_20201217142333603.jpg", "Photo2": "DCIM/JPEG_20201217142421254.jpg", "Photo3": "DCIM/JPEG_20201217142428734.jpg", "Photo4": "DCIM/JPEG_20201217142434116.jpg", "Irrigation": "FALSE", "District": "TECH", "Region": "BoEa", "Zone": "tran", "Date": "2020-12-17", "Technician": "MAAD", "layer": "point3", "path": "C:\\Users\\kobina\\Desktop\\Project_Ken\\Merger\\Merger\\point3.shx|layername=point3", "Points": null }, "geometry": { "type": "Point", "coordinates": [ -2.020151083333333, 7.44887155 ] } },
{ "type": "Feature", "properties": { "fid": 267.0, "CropType": "maiz", "Photo1": "DCIM/JPEG_20201217142636392.jpg", "Photo2": "DCIM/JPEG_20201217142732796.jpg", "Photo3": "DCIM/JPEG_20201217142740288.jpg", "Photo4": "DCIM/JPEG_20201217142747596.jpg", "Irrigation": "FALSE", "District": "TECH", "Region": "BoEa", "Zone": "tran", "Date": "2020-12-17", "Technician": "MAAD", "layer": "point3", "path": "C:\\Users\\kobina\\Desktop\\Project_Ken\\Merger\\Merger\\point3.shx|layername=point3", "Points": null }, "geometry": { "type": "Point", "coordinates": [ -2.01997531609099, 7.449069900342416 ] } },
{ "type": "Feature", "properties": { "fid": 268.0, "CropType": "oran", "Photo1": "DCIM/JPEG_20201217144951100.jpg", "Photo2": "DCIM/JPEG_20201217145047714.jpg", "Photo3": "DCIM/JPEG_20201217145056932.jpg", "Photo4": "DCIM/JPEG_20201217145103854.jpg", "Irrigation": "FALSE", "District": "TECH", "Region": "BoEa", "Zone": "tran", "Date": "2020-12-17", "Technician": "MAAD", "layer": "point3", "path": "C:\\Users\\kobina\\Desktop\\Project_Ken\\Merger\\Merger\\point3.shx|layername=point3", "Points": null }, "geometry": { "type": "Point", "coordinates": [ -1.98822565, 7.45967475 ] } },
{ "type": "Feature", "properties": { "fid": 269.0, "CropType": "coco", "Photo1": "DCIM/JPEG_20201217150835760.jpg", "Photo2": "DCIM/JPEG_20201217150932377.jpg", "Photo3": "DCIM/JPEG_20201217150940726.jpg", "Photo4": "DCIM/JPEG_20201217150949297.jpg", "Irrigation": "FALSE", "District": "TECH", "Region": "BoEa", "Zone": "tran", "Date": "2020-12-17", "Technician": "MAAD", "layer": "point3", "path": "C:\\Users\\kobina\\Desktop\\Project_Ken\\Merger\\Merger\\point3.shx|layername=point3", "Points": null }, "geometry": { "type": "Point", "coordinates": [ -1.998904983333333, 7.470068033333333 ] } },
{ "type": "Feature", "properties": { "fid": 286.0, "CropType": "plnt", "Photo1": "DCIM/JPEG_20201217151342965.jpg", "Photo2": "DCIM/JPEG_20201217151456292.jpg", "Photo3": "DCIM/JPEG_20201217151448249.jpg", "Photo4": "DCIM/JPEG_20201217151439854.jpg", "Irrigation": "FALSE", "District": "TECH", "Region": "BoEa", "Zone": "tran", "Date": "2020-12-17", "Technician": "MAAD", "layer": "point3", "path": "C:\\Users\\kobina\\Desktop\\Project_Ken\\Merger\\Merger\\point3.shx|layername=point3", "Points": null }, "geometry": { "type": "Point", "coordinates": [ -2.001339266666666, 7.47257515 ] } },
{ "type": "Feature", "properties": { "fid": 287.0, "CropType": "maiz", "Photo1": "DCIM/JPEG_20201217151901050.jpg", "Photo2": "DCIM/JPEG_20201217151957170.jpg", "Photo3": "DCIM/JPEG_20201217152006008.jpg", "Photo4": "DCIM/JPEG_20201217152012691.jpg", "Irrigation": "FALSE", "District": "TECH", "Region": "BoEa", "Zone": "tran", "Date": "2020-12-17", "Technician": "MAAD", "layer": "point3", "path": "C:\\Users\\kobina\\Desktop\\Project_Ken\\Merger\\Merger\\point3.shx|layername=point3", "Points": null }, "geometry": { "type": "Point", "coordinates": [ -2.002431, 7.472340933333333 ] } },
{ "type": "Feature", "properties": { "fid": 288.0, "CropType": "coco", "Photo1": "DCIM/JPEG_20201217152328163.jpg", "Photo2": "DCIM/JPEG_20201217152430268.jpg", "Photo3": "DCIM/JPEG_20201217152423461.jpg", "Photo4": "DCIM/JPEG_20201217152415041.jpg", "Irrigation": "FALSE", "District": "TECH", "Region": "BoEa", "Zone": "tran", "Date": "2020-12-17", "Technician": "MAAD", "layer": "point3", "path": "C:\\Users\\kobina\\Desktop\\Project_Ken\\Merger\\Merger\\point3.shx|layername=point3", "Points": null }, "geometry": { "type": "Point", "coordinates": [ -2.004965833333333, 7.4724212 ] } },
{ "type": "Feature", "properties": { "fid": 289.0, "CropType": "pepp", "Photo1": "DCIM/JPEG_20201217153400868.jpg", "Photo2": "DCIM/JPEG_20201217153453390.jpg", "Photo3": "DCIM/JPEG_20201217153504669.jpg", "Photo4": "DCIM/JPEG_20201217153513148.jpg", "Irrigation": "TRUE", "District": "TECH", "Region": "BoEa", "Zone": "tran", "Date": "2020-12-17", "Technician": "MAAD", "layer": "point3", "path": "C:\\Users\\kobina\\Desktop\\Project_Ken\\Merger\\Merger\\point3.shx|layername=point3", "Points": null }, "geometry": { "type": "Point", "coordinates": [ -1.999881216666667, 7.471692633333333 ] } },
{ "type": "Feature", "properties": { "fid": 290.0, "CropType": "cash", "Photo1": "DCIM/JPEG_20201218083033152.jpg", "Photo2": "DCIM/JPEG_20201218083055403.jpg", "Photo3": "DCIM/JPEG_20201218083119863.jpg", "Photo4": "DCIM/JPEG_20201218083149902.jpg", "Irrigation": "FALSE", "District": "TECH", "Region": "BoEa", "Zone": "tran", "Date": "2020-12-18", "Technician": "MAAD", "layer": "point3", "path": "C:\\Users\\kobina\\Desktop\\Project_Ken\\Merger\\Merger\\point3.shx|layername=point3", "Points": null }, "geometry": { "type": "Point", "coordinates": [ -1.981997183333333, 7.434285983333332 ] } },
{ "type": "Feature", "properties": { "fid": 291.0, "CropType": "maiz", "Photo1": "DCIM/JPEG_20201218085109830.jpg", "Photo2": "DCIM/JPEG_20201218085208792.jpg", "Photo3": "DCIM/JPEG_20201218085217746.jpg", "Photo4": "DCIM/JPEG_20201218085223178.jpg", "Irrigation": "FALSE", "District": "TECH", "Region": "BoEa", "Zone": "tran", "Date": "2020-12-18", "Technician": "MAAD", "layer": "point3", "path": "C:\\Users\\kobina\\Desktop\\Project_Ken\\Merger\\Merger\\point3.shx|layername=point3", "Points": null }, "geometry": { "type": "Point", "coordinates": [ -1.9952774, 7.44044735 ] } },
{ "type": "Feature", "properties": { "fid": 292.0, "CropType": "maiz", "Photo1": "DCIM/JPEG_20201218085820149.jpg", "Photo2": "DCIM/JPEG_20201218085912631.jpg", "Photo3": "DCIM/JPEG_20201218085919659.jpg", "Photo4": "DCIM/JPEG_20201218085925888.jpg", "Irrigation": "FALSE", "District": "TECH", "Region": "BoEa", "Zone": "tran", "Date": "2020-12-18", "Technician": "MAAD", "layer": "point3", "path": "C:\\Users\\kobina\\Desktop\\Project_Ken\\Merger\\Merger\\point3.shx|layername=point3", "Points": null }, "geometry": { "type": "Point", "coordinates": [ -1.99860635, 7.43915535 ] } },
{ "type": "Feature", "properties": { "fid": 293.0, "CropType": "yams", "Photo1": "DCIM/JPEG_20201218090435930.jpg", "Photo2": "DCIM/JPEG_20201218090535821.jpg", "Photo3": "DCIM/JPEG_20201218090544676.jpg", "Photo4": "DCIM/JPEG_20201218090551003.jpg", "Irrigation": "FALSE", "District": "TECH", "Region": "BoEa", "Zone": "tran", "Date": "2020-12-18", "Technician": "MAAD", "layer": "point3", "path": "C:\\Users\\kobina\\Desktop\\Project_Ken\\Merger\\Merger\\point3.shx|layername=point3", "Points": null }, "geometry": { "type": "Point", "coordinates": [ -2.000639816666667, 7.437662116666667 ] } },
{ "type": "Feature", "properties": { "fid": 278.0, "CropType": "yams", "Photo1": "DCIM/JPEG_20201218093404956.jpg", "Photo2": "DCIM/JPEG_20201218093423934.jpg", "Photo3": "DCIM/JPEG_20201218093435112.jpg", "Photo4": "DCIM/JPEG_20201218093448843.jpg", "Irrigation": "FALSE", "District": "TECH", "Region": "BoEa", "Zone": "tran", "Date": "2020-12-18", "Technician": "MAAD", "layer": "point3", "path": "C:\\Users\\kobina\\Desktop\\Project_Ken\\Merger\\Merger\\point3.shx|layername=point3", "Points": null }, "geometry": { "type": "Point", "coordinates": [ -2.010314433333333, 7.434477116666668 ] } },
{ "type": "Feature", "properties": { "fid": 279.0, "CropType": "pepp", "Photo1": "DCIM/JPEG_20201218093849686.jpg", "Photo2": "DCIM/JPEG_20201218093910254.jpg", "Photo3": "DCIM/JPEG_20201218093922085.jpg", "Photo4": "DCIM/JPEG_20201218093928775.jpg", "Irrigation": "TRUE", "District": "TECH", "Region": "BoEa", "Zone": "tran", "Date": "2020-12-18", "Technician": "MAAD", "layer": "point3", "path": "C:\\Users\\kobina\\Desktop\\Project_Ken\\Merger\\Merger\\point3.shx|layername=point3", "Points": null }, "geometry": { "type": "Point", "coordinates": [ -2.010352916666667, 7.4347478 ] } },
{ "type": "Feature", "properties": { "fid": 280.0, "CropType": "pepp", "Photo1": "DCIM/JPEG_20201218095903333.jpg", "Photo2": "DCIM/JPEG_20201218095957250.jpg", "Photo3": "DCIM/JPEG_20201218100008124.jpg", "Photo4": "DCIM/JPEG_20201218100016248.jpg", "Irrigation": "TRUE", "District": "TECH", "Region": "BoEa", "Zone": "tran", "Date": "2020-12-18", "Technician": "MAAD", "layer": "point3", "path": "C:\\Users\\kobina\\Desktop\\Project_Ken\\Merger\\Merger\\point3.shx|layername=point3", "Points": null }, "geometry": { "type": "Point", "coordinates": [ -2.014713116666667, 7.43296905 ] } },
{ "type": "Feature", "properties": { "fid": 281.0, "CropType": "cabb", "Photo1": "DCIM/JPEG_20201218100831183.jpg", "Photo2": "DCIM/JPEG_20201218100912129.jpg", "Photo3": "DCIM/JPEG_20201218100920690.jpg", "Photo4": "DCIM/JPEG_20201218100928305.jpg", "Irrigation": "TRUE", "District": "TECH", "Region": "BoEa", "Zone": "tran", "Date": "2020-12-18", "Technician": "MAAD", "layer": "point3", "path": "C:\\Users\\kobina\\Desktop\\Project_Ken\\Merger\\Merger\\point3.shx|layername=point3", "Points": null }, "geometry": { "type": "Point", "coordinates": [ -2.0156779, 7.428553166666668 ] } },
{ "type": "Feature", "properties": { "fid": 282.0, "CropType": "cass", "Photo1": "DCIM/JPEG_20201218101513824.jpg", "Photo2": "DCIM/JPEG_20201218101611181.jpg", "Photo3": "DCIM/JPEG_20201218101618893.jpg", "Photo4": "DCIM/JPEG_20201218101627265.jpg", "Irrigation": "FALSE", "District": "TECH", "Region": "BoEa", "Zone": "tran", "Date": "2020-12-18", "Technician": "MAAD", "layer": "point3", "path": "C:\\Users\\kobina\\Desktop\\Project_Ken\\Merger\\Merger\\point3.shx|layername=point3", "Points": null }, "geometry": { "type": "Point", "coordinates": [ -2.0156779, 7.428553166666668 ] } },
{ "type": "Feature", "properties": { "fid": 283.0, "CropType": "pepp", "Photo1": "DCIM/JPEG_20201218102529989.jpg", "Photo2": "DCIM/JPEG_20201218102632017.jpg", "Photo3": "DCIM/JPEG_20201218102644749.jpg", "Photo4": "DCIM/JPEG_20201218102654867.jpg", "Irrigation": "TRUE", "District": "TECH", "Region": "BoEa", "Zone": "tran", "Date": "2020-12-18", "Technician": "MAAD", "layer": "point3", "path": "C:\\Users\\kobina\\Desktop\\Project_Ken\\Merger\\Merger\\point3.shx|layername=point3", "Points": null }, "geometry": { "type": "Point", "coordinates": [ -2.015657616666667, 7.429050516666666 ] } },
{ "type": "Feature", "properties": { "fid": 284.0, "CropType": "toma", "Photo1": "DCIM/JPEG_20201218103628985.jpg", "Photo2": "DCIM/JPEG_20201218103744409.jpg", "Photo3": "DCIM/JPEG_20201218103757715.jpg", "Photo4": "DCIM/JPEG_20201218103811885.jpg", "Irrigation": "TRUE", "District": "TECH", "Region": "BoEa", "Zone": "tran", "Date": "2020-12-18", "Technician": "MAAD", "layer": "point3", "path": "C:\\Users\\kobina\\Desktop\\Project_Ken\\Merger\\Merger\\point3.shx|layername=point3", "Points": null }, "geometry": { "type": "Point", "coordinates": [ -2.014792566666666, 7.4287829 ] } },
{ "type": "Feature", "properties": { "fid": 285.0, "CropType": "cass", "Photo1": "DCIM/JPEG_20201218104303529.jpg", "Photo2": "DCIM/JPEG_20201218104401328.jpg", "Photo3": "DCIM/JPEG_20201218104413627.jpg", "Photo4": "DCIM/JPEG_20201218104423226.jpg", "Irrigation": "FALSE", "District": "TECH", "Region": "BoEa", "Zone": "tran", "Date": "2020-12-18", "Technician": "MAAD", "layer": "point3", "path": "C:\\Users\\kobina\\Desktop\\Project_Ken\\Merger\\Merger\\point3.shx|layername=point3", "Points": null }, "geometry": { "type": "Point", "coordinates": [ -2.0143849, 7.427715033333333 ] } },
{ "type": "Feature", "properties": { "fid": 302.0, "CropType": "maiz", "Photo1": "DCIM/JPEG_20201218105206645.jpg", "Photo2": "DCIM/JPEG_20201218105305028.jpg", "Photo3": "DCIM/JPEG_20201218105237420.jpg", "Photo4": "DCIM/JPEG_20201218105227399.jpg", "Irrigation": "FALES", "District": "TECH", "Region": "BoEa", "Zone": "tran", "Date": "2020-12-18", "Technician": "MAAD", "layer": "point3", "path": "C:\\Users\\kobina\\Desktop\\Project_Ken\\Merger\\Merger\\point3.shx|layername=point3", "Points": null }, "geometry": { "type": "Point", "coordinates": [ -2.013460183333334, 7.42822555 ] } },
{ "type": "Feature", "properties": { "fid": 303.0, "CropType": "yams", "Photo1": "DCIM/JPEG_20201218105711020.jpg", "Photo2": "DCIM/JPEG_20201218105813657.jpg", "Photo3": "DCIM/JPEG_20201218105754088.jpg", "Photo4": "DCIM/JPEG_20201218105738547.jpg", "Irrigation": "FALSE", "District": "TECH", "Region": "BoEa", "Zone": "tran", "Date": "2020-12-18", "Technician": "MAAD", "layer": "point3", "path": "C:\\Users\\kobina\\Desktop\\Project_Ken\\Merger\\Merger\\point3.shx|layername=point3", "Points": null }, "geometry": { "type": "Point", "coordinates": [ -2.013475, 7.4278173 ] } },
{ "type": "Feature", "properties": { "fid": 304.0, "CropType": "maiz", "Photo1": "DCIM/JPEG_20201218111240949.jpg", "Photo2": "DCIM/JPEG_20201218111340094.jpg", "Photo3": "DCIM/JPEG_20201218111351186.jpg", "Photo4": "DCIM/JPEG_20201218111402057.jpg", "Irrigation": "FALSE", "District": "TECH", "Region": "BoEa", "Zone": "tran", "Date": "2020-12-18", "Technician": "MAAD", "layer": "point3", "path": "C:\\Users\\kobina\\Desktop\\Project_Ken\\Merger\\Merger\\point3.shx|layername=point3", "Points": null }, "geometry": { "type": "Point", "coordinates": [ -2.008585866666666, 7.434895816666667 ] } },
{ "type": "Feature", "properties": { "fid": 305.0, "CropType": "yams", "Photo1": "DCIM/JPEG_20201218111815597.jpg", "Photo2": "DCIM/JPEG_20201218111911128.jpg", "Photo3": "DCIM/JPEG_20201218111920729.jpg", "Photo4": "DCIM/JPEG_20201218111927285.jpg", "Irrigation": "FALSE", "District": "TECH", "Region": "BoEa", "Zone": "tran", "Date": "2020-12-18", "Technician": "MAAD", "layer": "point3", "path": "C:\\Users\\kobina\\Desktop\\Project_Ken\\Merger\\Merger\\point3.shx|layername=point3", "Points": null }, "geometry": { "type": "Point", "coordinates": [ -2.00850955, 7.434555383333333 ] } },
{ "type": "Feature", "properties": { "fid": 306.0, "CropType": "toma", "Photo1": "DCIM/JPEG_20201218115625728.jpg", "Photo2": "DCIM/JPEG_20201218115725840.jpg", "Photo3": "DCIM/JPEG_20201218115735673.jpg", "Photo4": "DCIM/JPEG_20201218115745314.jpg", "Irrigation": "TRUE", "District": "TECH", "Region": "BoEa", "Zone": "tran", "Date": "2020-12-18", "Technician": "MAAD", "layer": "point3", "path": "C:\\Users\\kobina\\Desktop\\Project_Ken\\Merger\\Merger\\point3.shx|layername=point3", "Points": null }, "geometry": { "type": "Point", "coordinates": [ -1.970488366666666, 7.438211216666668 ] } },
{ "type": "Feature", "properties": { "fid": 307.0, "CropType": "toma", "Photo1": "DCIM/JPEG_20201213164459712.jpg", "Photo2": "DCIM/JPEG_20201213164523477.jpg", "Photo3": "DCIM/JPEG_20201213164547508.jpg", "Photo4": "DCIM/JPEG_20201213164621056.jpg", "Irrigation": "TRUE", "District": "TECH", "Region": "BoEa", "Zone": "tran", "Date": "2020-12-13", "Technician": "MAAD", "layer": "point3", "path": "C:\\Users\\kobina\\Desktop\\Project_Ken\\Merger\\Merger\\point3.shx|layername=point3", "Points": null }, "geometry": { "type": "Point", "coordinates": [ -1.850355816666666, 7.606125583333333 ] } },
{ "type": "Feature", "properties": { "fid": 308.0, "CropType": "cass", "Photo1": "DCIM/JPEG_20201213171549805.jpg", "Photo2": "DCIM/JPEG_20201213171608513.jpg", "Photo3": "DCIM/JPEG_20201213171628789.jpg", "Photo4": "DCIM/JPEG_20201213171644283.jpg", "Irrigation": "FALSE", "District": "TECH", "Region": "BoEa", "Zone": "tran", "Date": "2020-12-13", "Technician": "MAAD", "layer": "point3", "path": "C:\\Users\\kobina\\Desktop\\Project_Ken\\Merger\\Merger\\point3.shx|layername=point3", "Points": null }, "geometry": { "type": "Point", "coordinates": [ -1.849838366666667, 7.599999733333334 ] } },
{ "type": "Feature", "properties": { "fid": 309.0, "CropType": "coco", "Photo1": "DCIM/JPEG_20201214110807279.jpg", "Photo2": "DCIM/JPEG_20201214110823812.jpg", "Photo3": "DCIM/JPEG_20201214110841602.jpg", "Photo4": "DCIM/JPEG_20201214110859492.jpg", "Irrigation": "FALSE", "District": "TECH", "Region": "BoEa", "Zone": "tran", "Date": "2020-12-14", "Technician": "MAAD", "layer": "point3", "path": "C:\\Users\\kobina\\Desktop\\Project_Ken\\Merger\\Merger\\point3.shx|layername=point3", "Points": null }, "geometry": { "type": "Point", "coordinates": [ -2.109629766666667, 7.493195016666665 ] } },
{ "type": "Feature", "properties": { "fid": 294.0, "CropType": "maiz", "Photo1": "DCIM/JPEG_20201214124920982.jpg", "Photo2": "DCIM/JPEG_20201214124936684.jpg", "Photo3": "DCIM/JPEG_20201214124950165.jpg", "Photo4": "DCIM/JPEG_20201214125002108.jpg", "Irrigation": "FALSE", "District": "TECH", "Region": "BoEa", "Zone": "tran", "Date": "2020-12-14", "Technician": "MAAD", "layer": "point3", "path": "C:\\Users\\kobina\\Desktop\\Project_Ken\\Merger\\Merger\\point3.shx|layername=point3", "Points": null }, "geometry": { "type": "Point", "coordinates": [ -2.089825116666667, 7.495095366666667 ] } },
{ "type": "Feature", "properties": { "fid": 295.0, "CropType": "maiz", "Photo1": "DCIM/JPEG_20201214141830109.jpg", "Photo2": "DCIM/JPEG_20201214141851701.jpg", "Photo3": "DCIM/JPEG_20201214141919670.jpg", "Photo4": "DCIM/JPEG_20201214141943410.jpg", "Irrigation": "FALSE", "District": "TECH", "Region": "BoEa", "Zone": "tran", "Date": "2020-12-14", "Technician": "MAAD", "layer": "point3", "path": "C:\\Users\\kobina\\Desktop\\Project_Ken\\Merger\\Merger\\point3.shx|layername=point3", "Points": null }, "geometry": { "type": "Point", "coordinates": [ -2.078243616666667, 7.521109866666666 ] } },
{ "type": "Feature", "properties": { "fid": 296.0, "CropType": "maiz", "Photo1": "DCIM/JPEG_20201214150005032.jpg", "Photo2": "DCIM/JPEG_20201214150020016.jpg", "Photo3": "DCIM/JPEG_20201214150036095.jpg", "Photo4": "DCIM/JPEG_20201214150051254.jpg", "Irrigation": "FALSE", "District": "TECH", "Region": "BoEa", "Zone": "tran", "Date": "2020-12-14", "Technician": "MAAD", "layer": "point3", "path": "C:\\Users\\kobina\\Desktop\\Project_Ken\\Merger\\Merger\\point3.shx|layername=point3", "Points": null }, "geometry": { "type": "Point", "coordinates": [ -2.080242416666667, 7.5167156 ] } },
{ "type": "Feature", "properties": { "fid": 297.0, "CropType": "cash", "Photo1": "DCIM/JPEG_20201215095336393.jpg", "Photo2": "DCIM/JPEG_20201215095353854.jpg", "Photo3": "DCIM/JPEG_20201215095411166.jpg", "Photo4": "DCIM/JPEG_20201215095429312.jpg", "Irrigation": "FALSE", "District": "TECH", "Region": "BoEa", "Zone": "tran", "Date": "2020-12-15", "Technician": "MAAD", "layer": "point3", "path": "C:\\Users\\kobina\\Desktop\\Project_Ken\\Merger\\Merger\\point3.shx|layername=point3", "Points": null }, "geometry": { "type": "Point", "coordinates": [ -2.001383183333333, 7.575734466666667 ] } },
{ "type": "Feature", "properties": { "fid": 298.0, "CropType": "pepp", "Photo1": "DCIM/JPEG_20201215143801907.jpg", "Photo2": "DCIM/JPEG_20201215143820490.jpg", "Photo3": "DCIM/JPEG_20201215143838957.jpg", "Photo4": "DCIM/JPEG_20201215143900562.jpg", "Irrigation": "TRUE", "District": "TECH", "Region": "BoEa", "Zone": "tran", "Date": "2020-12-15", "Technician": "MAAD", "layer": "point3", "path": "C:\\Users\\kobina\\Desktop\\Project_Ken\\Merger\\Merger\\point3.shx|layername=point3", "Points": null }, "geometry": { "type": "Point", "coordinates": [ -2.115530316666666, 7.465467416666667 ] } },
{ "type": "Feature", "properties": { "fid": 299.0, "CropType": "maiz", "Photo1": "DCIM/JPEG_20201216122754836.jpg", "Photo2": "DCIM/JPEG_20201216122838303.jpg", "Photo3": "DCIM/JPEG_20201216122847787.jpg", "Photo4": "DCIM/JPEG_20201216122854461.jpg", "Irrigation": "FALSE", "District": "TECH", "Region": "BoEa", "Zone": "tran", "Date": "2020-12-16", "Technician": "MAAD", "layer": "point3", "path": "C:\\Users\\kobina\\Desktop\\Project_Ken\\Merger\\Merger\\point3.shx|layername=point3", "Points": null }, "geometry": { "type": "Point", "coordinates": [ -1.949567866666667, 7.479208366666667 ] } },
{ "type": "Feature", "properties": { "fid": 300.0, "CropType": "maiz", "Photo1": "DCIM/JPEG_20201216124550373.jpg", "Photo2": "DCIM/JPEG_20201216124615226.jpg", "Photo3": "DCIM/JPEG_20201216124624335.jpg", "Photo4": "DCIM/JPEG_20201216124637376.jpg", "Irrigation": "FALSE", "District": "TECH", "Region": "BoEa", "Zone": "tran", "Date": "2020-12-16", "Technician": "MAAD", "layer": "point3", "path": "C:\\Users\\kobina\\Desktop\\Project_Ken\\Merger\\Merger\\point3.shx|layername=point3", "Points": null }, "geometry": { "type": "Point", "coordinates": [ -1.945367283333333, 7.478928183333333 ] } },
{ "type": "Feature", "properties": { "fid": 401.0, "CropType": "maiz", "Photo1": "DCIM/JPEG_20201216131244969.jpg", "Photo2": "DCIM/JPEG_20201216131351276.jpg", "Photo3": "DCIM/JPEG_20201216131403404.jpg", "Photo4": "DCIM/JPEG_20201216131411131.jpg", "Irrigation": "FALSE", "District": "TECH", "Region": "BoEa", "Zone": "tran", "Date": "2020-12-16", "Technician": "MAAD", "layer": "point3", "path": "C:\\Users\\kobina\\Desktop\\Project_Ken\\Merger\\Merger\\point3.shx|layername=point3", "Points": null }, "geometry": { "type": "Point", "coordinates": [ -1.9509791, 7.478116033333333 ] } },
{ "type": "Feature", "properties": { "fid": 319.0, "CropType": "toma", "Photo1": "DCIM/JPEG_20201218122927033.jpg", "Photo2": "DCIM/JPEG_20201218122951287.jpg", "Photo3": "DCIM/JPEG_20201218123007080.jpg", "Photo4": "DCIM/JPEG_20201218123030194.jpg", "Irrigation": "TRUE", "District": "TECH", "Region": "BoEa", "Zone": "tran", "Date": "2020-12-18", "Technician": "MAAD", "layer": "point3", "path": "C:\\Users\\kobina\\Desktop\\Project_Ken\\Merger\\Merger\\point3.shx|layername=point3", "Points": null }, "geometry": { "type": "Point", "coordinates": [ -1.967497266666667, 7.4399679 ] } },
{ "type": "Feature", "properties": { "fid": 320.0, "CropType": "toma", "Photo1": "DCIM/JPEG_20201218123813967.jpg", "Photo2": "DCIM/JPEG_20201218123911145.jpg", "Photo3": "DCIM/JPEG_20201218123923311.jpg", "Photo4": "DCIM/JPEG_20201218123941008.jpg", "Irrigation": "TRUE", "District": "TECH", "Region": "BoEa", "Zone": "tran", "Date": "2020-12-18", "Technician": "MAAD", "layer": "point3", "path": "C:\\Users\\kobina\\Desktop\\Project_Ken\\Merger\\Merger\\point3.shx|layername=point3", "Points": null }, "geometry": { "type": "Point", "coordinates": [ -1.9669072, 7.441503133333332 ] } },
{ "type": "Feature", "properties": { "fid": 322.0, "CropType": "cash", "Photo1": "DCIM/JPEG_20201218135111180.jpg", "Photo2": "DCIM/JPEG_20201218135135848.jpg", "Photo3": "DCIM/JPEG_20201218135145863.jpg", "Photo4": "DCIM/JPEG_20201218135154405.jpg", "Irrigation": "FALSE", "District": "OFFI", "Region": "Asha", "Zone": "tran", "Date": "2020-12-18", "Technician": "MAAD", "layer": "point3", "path": "C:\\Users\\kobina\\Desktop\\Project_Ken\\Merger\\Merger\\point3.shx|layername=point3", "Points": null }, "geometry": { "type": "Point", "coordinates": [ -1.986269733333333, 7.402082933333332 ] } },
{ "type": "Feature", "properties": { "fid": 323.0, "CropType": "oran", "Photo1": "DCIM/JPEG_20201218135954284.jpg", "Photo2": "DCIM/JPEG_20201218140015981.jpg", "Photo3": "DCIM/JPEG_20201218140025881.jpg", "Photo4": "DCIM/JPEG_20201218140036063.jpg", "Irrigation": "FALSE", "District": "OFFI", "Region": "Asha", "Zone": "tran", "Date": "2020-12-18", "Technician": "MAAD", "layer": "point3", "path": "C:\\Users\\kobina\\Desktop\\Project_Ken\\Merger\\Merger\\point3.shx|layername=point3", "Points": null }, "geometry": { "type": "Point", "coordinates": [ -1.98924005, 7.3968861 ] } },
{ "type": "Feature", "properties": { "fid": 324.0, "CropType": "cass", "Photo1": "DCIM/JPEG_20201218140644587.jpg", "Photo2": "DCIM/JPEG_20201218140745262.jpg", "Photo3": "DCIM/JPEG_20201218140800512.jpg", "Photo4": "DCIM/JPEG_20201218140808779.jpg", "Irrigation": "FALSE", "District": "OFFI", "Region": "Asha", "Zone": "tran", "Date": "2020-12-18", "Technician": "MAAD", "layer": "point3", "path": "C:\\Users\\kobina\\Desktop\\Project_Ken\\Merger\\Merger\\point3.shx|layername=point3", "Points": null }, "geometry": { "type": "Point", "coordinates": [ -1.98851465, 7.394898066666665 ] } },
{ "type": "Feature", "properties": { "fid": 325.0, "CropType": "cass", "Photo1": "DCIM/JPEG_20201218143210063.jpg", "Photo2": "DCIM/JPEG_20201218143236528.jpg", "Photo3": "DCIM/JPEG_20201218143248617.jpg", "Photo4": "DCIM/JPEG_20201218143259652.jpg", "Irrigation": "FALSE", "District": "OFFI", "Region": "Asha", "Zone": "tran", "Date": "2020-12-18", "Technician": "MAAD", "layer": "point3", "path": "C:\\Users\\kobina\\Desktop\\Project_Ken\\Merger\\Merger\\point3.shx|layername=point3", "Points": null }, "geometry": { "type": "Point", "coordinates": [ -1.999689383333333, 7.3929001 ] } },
{ "type": "Feature", "properties": { "fid": 310.0, "CropType": "maiz", "Photo1": "DCIM/JPEG_20201218143636013.jpg", "Photo2": "DCIM/JPEG_20201218143704990.jpg", "Photo3": "DCIM/JPEG_20201218143714983.jpg", "Photo4": "DCIM/JPEG_20201218143723583.jpg", "Irrigation": "FALSE", "District": "OFFI", "Region": "Asha", "Zone": "tran", "Date": "2020-12-18", "Technician": "MAAD", "layer": "point3", "path": "C:\\Users\\kobina\\Desktop\\Project_Ken\\Merger\\Merger\\point3.shx|layername=point3", "Points": null }, "geometry": { "type": "Point", "coordinates": [ -1.999398183333333, 7.392494116666668 ] } },
{ "type": "Feature", "properties": { "fid": 311.0, "CropType": "toma", "Photo1": "DCIM/JPEG_20201218150213984.jpg", "Photo2": "DCIM/JPEG_20201218150321919.jpg", "Photo3": "DCIM/JPEG_20201218150334720.jpg", "Photo4": "DCIM/JPEG_20201218150346147.jpg", "Irrigation": "TRUE", "District": "OFFI", "Region": "Asha", "Zone": "tran", "Date": "2020-12-18", "Technician": "MAAD", "layer": "point3", "path": "C:\\Users\\kobina\\Desktop\\Project_Ken\\Merger\\Merger\\point3.shx|layername=point3", "Points": null }, "geometry": { "type": "Point", "coordinates": [ -2.01490215, 7.38906965 ] } },
{ "type": "Feature", "properties": { "fid": 312.0, "CropType": "toma", "Photo1": "DCIM/JPEG_20201218151319835.jpg", "Photo2": "DCIM/JPEG_20201218151353593.jpg", "Photo3": "DCIM/JPEG_20201218151407051.jpg", "Photo4": "DCIM/JPEG_20201218151416942.jpg", "Irrigation": "TRUE", "District": "OFFI", "Region": "Asha", "Zone": "tran", "Date": "2020-12-18", "Technician": "MAAD", "layer": "point3", "path": "C:\\Users\\kobina\\Desktop\\Project_Ken\\Merger\\Merger\\point3.shx|layername=point3", "Points": null }, "geometry": { "type": "Point", "coordinates": [ -2.016135633333334, 7.38958665 ] } },
{ "type": "Feature", "properties": { "fid": 313.0, "CropType": "cass", "Photo1": "DCIM/JPEG_20201218151755733.jpg", "Photo2": "DCIM/JPEG_20201218151817205.jpg", "Photo3": "DCIM/JPEG_20201218151827360.jpg", "Photo4": "DCIM/JPEG_20201218151836657.jpg", "Irrigation": "FALSE", "District": "OFFI", "Region": "Asha", "Zone": "tran", "Date": "2020-12-18", "Technician": "MAAD", "layer": "point3", "path": "C:\\Users\\kobina\\Desktop\\Project_Ken\\Merger\\Merger\\point3.shx|layername=point3", "Points": null }, "geometry": { "type": "Point", "coordinates": [ -2.015527966666667, 7.3892449 ] } },
{ "type": "Feature", "properties": { "fid": 314.0, "CropType": "cass", "Photo1": "DCIM/JPEG_20201218152350589.jpg", "Photo2": "DCIM/JPEG_20201218152402372.jpg", "Photo3": "DCIM/JPEG_20201218152408669.jpg", "Photo4": "DCIM/JPEG_20201218152417909.jpg", "Irrigation": "FALSE", "District": "OFFI", "Region": "Asha", "Zone": "tran", "Date": "2020-12-18", "Technician": "MAAD", "layer": "point3", "path": "C:\\Users\\kobina\\Desktop\\Project_Ken\\Merger\\Merger\\point3.shx|layername=point3", "Points": null }, "geometry": { "type": "Point", "coordinates": [ -2.014846982357267, 7.386339774342488 ] } },
{ "type": "Feature", "properties": { "fid": 315.0, "CropType": "toma", "Photo1": "DCIM/JPEG_20201218155101998.jpg", "Photo2": "DCIM/JPEG_20201218155148267.jpg", "Photo3": "DCIM/JPEG_20201218155159056.jpg", "Photo4": "DCIM/JPEG_20201218155206251.jpg", "Irrigation": "TRUE", "District": "OFFI", "Region": "Asha", "Zone": "tran", "Date": "2020-12-18", "Technician": "MAAD", "layer": "point3", "path": "C:\\Users\\kobina\\Desktop\\Project_Ken\\Merger\\Merger\\point3.shx|layername=point3", "Points": null }, "geometry": { "type": "Point", "coordinates": [ -2.0138986, 7.397148966666666 ] } },
{ "type": "Feature", "properties": { "fid": 316.0, "CropType": "maiz", "Photo1": "DCIM/JPEG_20201218161647478.jpg", "Photo2": "DCIM/JPEG_20201218161722110.jpg", "Photo3": "DCIM/JPEG_20201218161741094.jpg", "Photo4": "DCIM/JPEG_20201218161750471.jpg", "Irrigation": "FALSE", "District": "OFFI", "Region": "Asha", "Zone": "tran", "Date": "2020-12-18", "Technician": "MAAD", "layer": "point3", "path": "C:\\Users\\kobina\\Desktop\\Project_Ken\\Merger\\Merger\\point3.shx|layername=point3", "Points": null }, "geometry": { "type": "Point", "coordinates": [ -2.018853233333333, 7.405969016666668 ] } },
{ "type": "Feature", "properties": { "fid": 317.0, "CropType": "yams", "Photo1": "DCIM/JPEG_20201218155534303.jpg", "Photo2": "DCIM/JPEG_20201218155559281.jpg", "Photo3": "DCIM/JPEG_20201218155625698.jpg", "Photo4": "DCIM/JPEG_20201218155634612.jpg", "Irrigation": "FALSE", "District": "OFFI", "Region": "Asha", "Zone": "tran", "Date": "2020-12-18", "Technician": "MAAD", "layer": "point3", "path": "C:\\Users\\kobina\\Desktop\\Project_Ken\\Merger\\Merger\\point3.shx|layername=point3", "Points": null }, "geometry": { "type": "Point", "coordinates": [ -2.013938633333333, 7.397458916666666 ] } },
{ "type": "Feature", "properties": { "fid": 567.0, "CropType": "cabb", "Photo1": "DCIM/JPEG_20201219085523602.jpg", "Photo2": "DCIM/JPEG_20201219085548348.jpg", "Photo3": "DCIM/JPEG_20201219085612914.jpg", "Photo4": "DCIM/JPEG_20201219085639407.jpg", "Irrigation": "TRUE", "District": "TECH", "Region": "BoEa", "Zone": "tran", "Date": "2020-12-19", "Technician": "MAAD", "layer": "point3", "path": "C:\\Users\\kobina\\Desktop\\Project_Ken\\Merger\\Merger\\point3.shx|layername=point3", "Points": null }, "geometry": { "type": "Point", "coordinates": [ -1.917523283333334, 7.513273716666668 ] } },
{ "type": "Feature", "properties": { "fid": 568.0, "CropType": "toma", "Photo1": "DCIM/JPEG_20201219124219866.jpg", "Photo2": "DCIM/JPEG_20201219124250231.jpg", "Photo3": "DCIM/JPEG_20201219124307368.jpg", "Photo4": "DCIM/JPEG_20201219124315469.jpg", "Irrigation": "TRUE", "District": "OFFI", "Region": "Asha", "Zone": "tran", "Date": "2020-12-19", "Technician": "MAAD", "layer": "point3", "path": "C:\\Users\\kobina\\Desktop\\Project_Ken\\Merger\\Merger\\point3.shx|layername=point3", "Points": null }, "geometry": { "type": "Point", "coordinates": [ -1.98840835, 7.381466183333332 ] } },
{ "type": "Feature", "properties": { "fid": 569.0, "CropType": "plnt", "Photo1": "DCIM/JPEG_20201220160324628.jpg", "Photo2": "DCIM/JPEG_20201220160417302.jpg", "Photo3": "DCIM/JPEG_20201220160427079.jpg", "Photo4": "DCIM/JPEG_20201220160437291.jpg", "Irrigation": "FALSE", "District": "TECH", "Region": "BoEa", "Zone": "tran", "Date": "2020-12-20", "Technician": "MAAD", "layer": "point3", "path": "C:\\Users\\kobina\\Desktop\\Project_Ken\\Merger\\Merger\\point3.shx|layername=point3", "Points": null }, "geometry": { "type": "Point", "coordinates": [ -2.059512083333333, 7.556200783333334 ] } },
{ "type": "Feature", "properties": { "fid": 570.0, "CropType": "coco", "Photo1": "DCIM/JPEG_20201220161141808.jpg", "Photo2": "DCIM/JPEG_20201220161216101.jpg", "Photo3": "DCIM/JPEG_20201220161226449.jpg", "Photo4": "DCIM/JPEG_20201220161243735.jpg", "Irrigation": "FALSE", "District": "TECH", "Region": "BoEa", "Zone": "tran", "Date": "2020-12-20", "Technician": "MAAD", "layer": "point3", "path": "C:\\Users\\kobina\\Desktop\\Project_Ken\\Merger\\Merger\\point3.shx|layername=point3", "Points": null }, "geometry": { "type": "Point", "coordinates": [ -2.06493595, 7.548452366666667 ] } },
{ "type": "Feature", "properties": { "fid": 571.0, "CropType": "coco", "Photo1": "DCIM/JPEG_20201220161715620.jpg", "Photo2": "DCIM/JPEG_20201220161753363.jpg", "Photo3": "DCIM/JPEG_20201220161808227.jpg", "Photo4": "DCIM/JPEG_20201220161818271.jpg", "Irrigation": "FALSE", "District": "TECH", "Region": "BoEa", "Zone": "tran", "Date": "2020-12-20", "Technician": "MAAD", "layer": "point3", "path": "C:\\Users\\kobina\\Desktop\\Project_Ken\\Merger\\Merger\\point3.shx|layername=point3", "Points": null }, "geometry": { "type": "Point", "coordinates": [ -2.065633933333333, 7.54694585 ] } },
{ "type": "Feature", "properties": { "fid": 572.0, "CropType": "coco", "Photo1": "DCIM/JPEG_20201220163137124.jpg", "Photo2": "DCIM/JPEG_20201220163207497.jpg", "Photo3": "DCIM/JPEG_20201220163225082.jpg", "Photo4": "DCIM/JPEG_20201220163241181.jpg", "Irrigation": "FALSE", "District": "TECH", "Region": "BoEa", "Zone": "tran", "Date": "2020-12-20", "Technician": "MAAD", "layer": "point3", "path": "C:\\Users\\kobina\\Desktop\\Project_Ken\\Merger\\Merger\\point3.shx|layername=point3", "Points": null }, "geometry": { "type": "Point", "coordinates": [ -2.093427783333333, 7.505214633333333 ] } },
{ "type": "Feature", "properties": { "fid": 573.0, "CropType": "coco", "Photo1": "DCIM/JPEG_20201220171644718.jpg", "Photo2": "DCIM/JPEG_20201220171733620.jpg", "Photo3": "DCIM/JPEG_20201220171743169.jpg", "Photo4": "DCIM/JPEG_20201220171754752.jpg", "Irrigation": "FALSE", "District": "TECH", "Region": "BoEa", "Zone": "tran", "Date": "2020-12-20", "Technician": "MAAD", "layer": "point3", "path": "C:\\Users\\kobina\\Desktop\\Project_Ken\\Merger\\Merger\\point3.shx|layername=point3", "Points": null }, "geometry": { "type": "Point", "coordinates": [ -2.086368216666667, 7.51972625 ] } },
{ "type": "Feature", "properties": { "fid": 574.0, "CropType": "coco", "Photo1": "DCIM/JPEG_20201220173025675.jpg", "Photo2": "DCIM/JPEG_20201220173108642.jpg", "Photo3": "DCIM/JPEG_20201220173120781.jpg", "Photo4": "DCIM/JPEG_20201220173131338.jpg", "Irrigation": "FALSE", "District": "TECH", "Region": "BoEa", "Zone": "tran", "Date": "2020-12-20", "Technician": "MAAD", "layer": "point3", "path": "C:\\Users\\kobina\\Desktop\\Project_Ken\\Merger\\Merger\\point3.shx|layername=point3", "Points": null }, "geometry": { "type": "Point", "coordinates": [ -2.068662666666667, 7.5252393 ] } },
{ "type": "Feature", "properties": { "fid": 559.0, "CropType": "coco", "Photo1": "DCIM/JPEG_20201221093346545.jpg", "Photo2": "DCIM/JPEG_20201221093400395.jpg", "Photo3": "DCIM/JPEG_20201221093416486.jpg", "Photo4": "DCIM/JPEG_20201221093424868.jpg", "Irrigation": "FALSE", "District": "TECH", "Region": "BoEa", "Zone": "tran", "Date": "2020-12-21", "Technician": "MAAD", "layer": "point3", "path": "C:\\Users\\kobina\\Desktop\\Project_Ken\\Merger\\Merger\\point3.shx|layername=point3", "Points": null }, "geometry": { "type": "Point", "coordinates": [ -2.051878183333334, 7.55770555 ] } },
{ "type": "Feature", "properties": { "fid": 560.0, "CropType": "coco", "Photo1": "DCIM/JPEG_20201221090029092.jpg", "Photo2": "DCIM/JPEG_20201221090044406.jpg", "Photo3": "DCIM/JPEG_20201221090052059.jpg", "Photo4": "DCIM/JPEG_20201221090111223.jpg", "Irrigation": "FALSE", "District": "TECH", "Region": "BoEa", "Zone": "tran", "Date": "2020-12-21", "Technician": "MAAD", "layer": "point3", "path": "C:\\Users\\kobina\\Desktop\\Project_Ken\\Merger\\Merger\\point3.shx|layername=point3", "Points": null }, "geometry": { "type": "Point", "coordinates": [ -2.06226965, 7.552203983333333 ] } },
{ "type": "Feature", "properties": { "fid": 561.0, "CropType": "coco", "Photo1": "DCIM/JPEG_20201221090624832.jpg", "Photo2": "DCIM/JPEG_20201221090637976.jpg", "Photo3": "DCIM/JPEG_20201221090646273.jpg", "Photo4": "DCIM/JPEG_20201221090703641.jpg", "Irrigation": "FALSE", "District": "TECH", "Region": "BoEa", "Zone": "tran", "Date": "2020-12-21", "Technician": "MAAD", "layer": "point3", "path": "C:\\Users\\kobina\\Desktop\\Project_Ken\\Merger\\Merger\\point3.shx|layername=point3", "Points": null }, "geometry": { "type": "Point", "coordinates": [ -2.064093366666667, 7.549331333333332 ] } },
{ "type": "Feature", "properties": { "fid": 562.0, "CropType": "coco", "Photo1": "DCIM/JPEG_20201219090351955.jpg", "Photo2": "DCIM/JPEG_20201219090421944.jpg", "Photo3": "DCIM/JPEG_20201219090434373.jpg", "Photo4": "DCIM/JPEG_20201219090448515.jpg", "Irrigation": "FALSE", "District": "TECH", "Region": "BoEa", "Zone": "tran", "Date": "2020-12-19", "Technician": "MAAD", "layer": "point3", "path": "C:\\Users\\kobina\\Desktop\\Project_Ken\\Merger\\Merger\\point3.shx|layername=point3", "Points": null }, "geometry": { "type": "Point", "coordinates": [ -1.917252, 7.512437866666664 ] } },
{ "type": "Feature", "properties": { "fid": 563.0, "CropType": "yams", "Photo1": "DCIM/JPEG_20201219091654574.jpg", "Photo2": "DCIM/JPEG_20201219091724644.jpg", "Photo3": "DCIM/JPEG_20201219091739914.jpg", "Photo4": "DCIM/JPEG_20201219091749149.jpg", "Irrigation": "FALSE", "District": "TECH", "Region": "BoEa", "Zone": "tran", "Date": "2020-12-19", "Technician": "MAAD", "layer": "point3", "path": "C:\\Users\\kobina\\Desktop\\Project_Ken\\Merger\\Merger\\point3.shx|layername=point3", "Points": null }, "geometry": { "type": "Point", "coordinates": [ -1.9187341, 7.51607525 ] } },
{ "type": "Feature", "properties": { "fid": 564.0, "CropType": "toma", "Photo1": "DCIM/JPEG_20201219093959588.jpg", "Photo2": "DCIM/JPEG_20201219094035238.jpg", "Photo3": "DCIM/JPEG_20201219094048099.jpg", "Photo4": "DCIM/JPEG_20201219094106571.jpg", "Irrigation": "TRUE", "District": "TECH", "Region": "BoEa", "Zone": "tran", "Date": "2020-12-19", "Technician": "MAAD", "layer": "point3", "path": "C:\\Users\\kobina\\Desktop\\Project_Ken\\Merger\\Merger\\point3.shx|layername=point3", "Points": null }, "geometry": { "type": "Point", "coordinates": [ -1.9220653, 7.51495995 ] } },
{ "type": "Feature", "properties": { "fid": 565.0, "CropType": "plnt", "Photo1": "DCIM/JPEG_20201219101019595.jpg", "Photo2": "DCIM/JPEG_20201219101041740.jpg", "Photo3": "DCIM/JPEG_20201219101052128.jpg", "Photo4": "DCIM/JPEG_20201219101107984.jpg", "Irrigation": "FALSE", "District": "TECH", "Region": "BoEa", "Zone": "tran", "Date": "2020-12-19", "Technician": "MAAD", "layer": "point3", "path": "C:\\Users\\kobina\\Desktop\\Project_Ken\\Merger\\Merger\\point3.shx|layername=point3", "Points": null }, "geometry": { "type": "Point", "coordinates": [ -1.9144371, 7.481941566666666 ] } },
{ "type": "Feature", "properties": { "fid": 566.0, "CropType": "pepp", "Photo1": "DCIM/JPEG_20201219112647694.jpg", "Photo2": "DCIM/JPEG_20201219112709561.jpg", "Photo3": "DCIM/JPEG_20201219112719569.jpg", "Photo4": "DCIM/JPEG_20201219112727333.jpg", "Irrigation": "TRUE", "District": "OFFI", "Region": "Asha", "Zone": "tran", "Date": "2020-12-19", "Technician": "MAAD", "layer": "point3", "path": "C:\\Users\\kobina\\Desktop\\Project_Ken\\Merger\\Merger\\point3.shx|layername=point3", "Points": null }, "geometry": { "type": "Point", "coordinates": [ -1.9781489, 7.369450566666665 ] } },
{ "type": "Feature", "properties": { "fid": 583.0, "CropType": "toma", "Photo1": "DCIM/JPEG_20201219113517293.jpg", "Photo2": "DCIM/JPEG_20201219113604378.jpg", "Photo3": "DCIM/JPEG_20201219113616513.jpg", "Photo4": "DCIM/JPEG_20201219113627516.jpg", "Irrigation": "TRUE", "District": "OFFI", "Region": "Asha", "Zone": "tran", "Date": "2020-12-19", "Technician": "MAAD", "layer": "point3", "path": "C:\\Users\\kobina\\Desktop\\Project_Ken\\Merger\\Merger\\point3.shx|layername=point3", "Points": null }, "geometry": { "type": "Point", "coordinates": [ -1.974496516666667, 7.369886133333334 ] } },
{ "type": "Feature", "properties": { "fid": 584.0, "CropType": "toma", "Photo1": "DCIM/JPEG_20201219114014803.jpg", "Photo2": "DCIM/JPEG_20201219114107423.jpg", "Photo3": "DCIM/JPEG_20201219114119318.jpg", "Photo4": "DCIM/JPEG_20201219114126650.jpg", "Irrigation": "TRUE", "District": "OFFI", "Region": "Asha", "Zone": "tran", "Date": "2020-12-19", "Technician": "MAAD", "layer": "point3", "path": "C:\\Users\\kobina\\Desktop\\Project_Ken\\Merger\\Merger\\point3.shx|layername=point3", "Points": null }, "geometry": { "type": "Point", "coordinates": [ -1.97374935, 7.37020975 ] } },
{ "type": "Feature", "properties": { "fid": 585.0, "CropType": "pepp", "Photo1": "DCIM/JPEG_20201219123356243.jpg", "Photo2": "DCIM/JPEG_20201219123419077.jpg", "Photo3": "DCIM/JPEG_20201219123431448.jpg", "Photo4": "DCIM/JPEG_20201219123444796.jpg", "Irrigation": "TRUE", "District": "OFFI", "Region": "Asha", "Zone": "tran", "Date": "2020-12-19", "Technician": "MAAD", "layer": "point3", "path": "C:\\Users\\kobina\\Desktop\\Project_Ken\\Merger\\Merger\\point3.shx|layername=point3", "Points": null }, "geometry": { "type": "Point", "coordinates": [ -1.990419416666667, 7.38382275 ] } },
{ "type": "Feature", "properties": { "fid": 586.0, "CropType": "pepp", "Photo1": "DCIM/JPEG_20201219122746711.jpg", "Photo2": "DCIM/JPEG_20201219122810612.jpg", "Photo3": "DCIM/JPEG_20201219122828294.jpg", "Photo4": "DCIM/JPEG_20201219122838260.jpg", "Irrigation": "TRUE", "District": "OFFI", "Region": "Asha", "Zone": "tran", "Date": "2020-12-19", "Technician": "MAAD", "layer": "point3", "path": "C:\\Users\\kobina\\Desktop\\Project_Ken\\Merger\\Merger\\point3.shx|layername=point3", "Points": null }, "geometry": { "type": "Point", "coordinates": [ -1.992625616666666, 7.384913633333333 ] } },
{ "type": "Feature", "properties": { "fid": 587.0, "CropType": "cass", "Photo1": "DCIM/JPEG_20201219125102338.jpg", "Photo2": "DCIM/JPEG_20201219125125602.jpg", "Photo3": "DCIM/JPEG_20201219125137351.jpg", "Photo4": "DCIM/JPEG_20201219125148918.jpg", "Irrigation": "FALSE", "District": "OFFI", "Region": "Asha", "Zone": "tran", "Date": "2020-12-19", "Technician": "MAAD", "layer": "point3", "path": "C:\\Users\\kobina\\Desktop\\Project_Ken\\Merger\\Merger\\point3.shx|layername=point3", "Points": null }, "geometry": { "type": "Point", "coordinates": [ -1.985619383333333, 7.382176016666666 ] } },
{ "type": "Feature", "properties": { "fid": 588.0, "CropType": "toma", "Photo1": "DCIM/JPEG_20201219125519858.jpg", "Photo2": "DCIM/JPEG_20201219125547653.jpg", "Photo3": "DCIM/JPEG_20201219125558002.jpg", "Photo4": "DCIM/JPEG_20201219125607324.jpg", "Irrigation": "TRUE", "District": "OFFI", "Region": "Asha", "Zone": "tran", "Date": "2020-12-19", "Technician": "MAAD", "layer": "point3", "path": "C:\\Users\\kobina\\Desktop\\Project_Ken\\Merger\\Merger\\point3.shx|layername=point3", "Points": null }, "geometry": { "type": "Point", "coordinates": [ -1.9844266, 7.38238275 ] } },
{ "type": "Feature", "properties": { "fid": 589.0, "CropType": "yams", "Photo1": "DCIM/JPEG_20201219135124736.jpg", "Photo2": "DCIM/JPEG_20201219135147224.jpg", "Photo3": "DCIM/JPEG_20201219135159510.jpg", "Photo4": "DCIM/JPEG_20201219135210185.jpg", "Irrigation": "FALSE", "District": "OFFI", "Region": "Asha", "Zone": "tran", "Date": "2020-12-19", "Technician": "MAAD", "layer": "point3", "path": "C:\\Users\\kobina\\Desktop\\Project_Ken\\Merger\\Merger\\point3.shx|layername=point3", "Points": null }, "geometry": { "type": "Point", "coordinates": [ -1.943270316666666, 7.355994866666665 ] } },
{ "type": "Feature", "properties": { "fid": 575.0, "CropType": "maiz", "Photo1": "DCIM/JPEG_20201219140154801.jpg", "Photo2": "DCIM/JPEG_20201219140217622.jpg", "Photo3": "DCIM/JPEG_20201219140227853.jpg", "Photo4": "DCIM/JPEG_20201219140235940.jpg", "Irrigation": "FALSE", "District": "OFFI", "Region": "Asha", "Zone": "tran", "Date": "2020-12-19", "Technician": "MAAD", "layer": "point3", "path": "C:\\Users\\kobina\\Desktop\\Project_Ken\\Merger\\Merger\\point3.shx|layername=point3", "Points": null }, "geometry": { "type": "Point", "coordinates": [ -1.94334745, 7.35556885 ] } },
{ "type": "Feature", "properties": { "fid": 576.0, "CropType": "oran", "Photo1": "DCIM/JPEG_20201219140614104.jpg", "Photo2": "DCIM/JPEG_20201219140638716.jpg", "Photo3": "DCIM/JPEG_20201219140650583.jpg", "Photo4": "DCIM/JPEG_20201219140658804.jpg", "Irrigation": "FALSE", "District": "OFFI", "Region": "Asha", "Zone": "tran", "Date": "2020-12-19", "Technician": "MAAD", "layer": "point3", "path": "C:\\Users\\kobina\\Desktop\\Project_Ken\\Merger\\Merger\\point3.shx|layername=point3", "Points": null }, "geometry": { "type": "Point", "coordinates": [ -1.942565616666666, 7.3561626 ] } },
{ "type": "Feature", "properties": { "fid": 577.0, "CropType": "toma", "Photo1": "DCIM/JPEG_20201219141155408.jpg", "Photo2": "DCIM/JPEG_20201219141223268.jpg", "Photo3": "DCIM/JPEG_20201219141234967.jpg", "Photo4": "DCIM/JPEG_20201219141252619.jpg", "Irrigation": "TRUE", "District": "OFFI", "Region": "Asha", "Zone": "tran", "Date": "2020-12-19", "Technician": "MAAD", "layer": "point3", "path": "C:\\Users\\kobina\\Desktop\\Project_Ken\\Merger\\Merger\\point3.shx|layername=point3", "Points": null }, "geometry": { "type": "Point", "coordinates": [ -1.94232825, 7.35825765 ] } },
{ "type": "Feature", "properties": { "fid": 578.0, "CropType": "toma", "Photo1": "DCIM/JPEG_20201219142315356.jpg", "Photo2": "DCIM/JPEG_20201219142353391.jpg", "Photo3": "DCIM/JPEG_20201219142410207.jpg", "Photo4": "DCIM/JPEG_20201219142421106.jpg", "Irrigation": "TRUE", "District": "OFFI", "Region": "Asha", "Zone": "tran", "Date": "2020-12-19", "Technician": "MAAD", "layer": "point3", "path": "C:\\Users\\kobina\\Desktop\\Project_Ken\\Merger\\Merger\\point3.shx|layername=point3", "Points": null }, "geometry": { "type": "Point", "coordinates": [ -1.945347583333334, 7.36169845 ] } },
{ "type": "Feature", "properties": { "fid": 579.0, "CropType": "maiz", "Photo1": "DCIM/JPEG_20201219141626250.jpg", "Photo2": "DCIM/JPEG_20201219141650999.jpg", "Photo3": "DCIM/JPEG_20201219141701648.jpg", "Photo4": "DCIM/JPEG_20201219141708495.jpg", "Irrigation": "FALSE", "District": "OFFI", "Region": "Asha", "Zone": "tran", "Date": "2020-12-19", "Technician": "MAAD", "layer": "point3", "path": "C:\\Users\\kobina\\Desktop\\Project_Ken\\Merger\\Merger\\point3.shx|layername=point3", "Points": null }, "geometry": { "type": "Point", "coordinates": [ -1.9427634, 7.358188333333334 ] } },
{ "type": "Feature", "properties": { "fid": 580.0, "CropType": "toma", "Photo1": "DCIM/JPEG_20201219142944253.jpg", "Photo2": "DCIM/JPEG_20201219143013591.jpg", "Photo3": "DCIM/JPEG_20201219143024294.jpg", "Photo4": "DCIM/JPEG_20201219143034958.jpg", "Irrigation": "TRUE", "District": "OFFI", "Region": "Asha", "Zone": "tran", "Date": "2020-12-19", "Technician": "MAAD", "layer": "point3", "path": "C:\\Users\\kobina\\Desktop\\Project_Ken\\Merger\\Merger\\point3.shx|layername=point3", "Points": null }, "geometry": { "type": "Point", "coordinates": [ -1.94841065, 7.3635165 ] } },
{ "type": "Feature", "properties": { "fid": 581.0, "CropType": "toma", "Photo1": "DCIM/JPEG_20201219143406808.jpg", "Photo2": "DCIM/JPEG_20201219143433817.jpg", "Photo3": "DCIM/JPEG_20201219143448829.jpg", "Photo4": "DCIM/JPEG_20201219143509276.jpg", "Irrigation": "TRUE", "District": "OFFI", "Region": "Asha", "Zone": "tran", "Date": "2020-12-19", "Technician": "MAAD", "layer": "point3", "path": "C:\\Users\\kobina\\Desktop\\Project_Ken\\Merger\\Merger\\point3.shx|layername=point3", "Points": null }, "geometry": { "type": "Point", "coordinates": [ -1.94899055, 7.364410533333334 ] } },
{ "type": "Feature", "properties": { "fid": 582.0, "CropType": "cass", "Photo1": "DCIM/JPEG_20201219154328977.jpg", "Photo2": "DCIM/JPEG_20201219154404565.jpg", "Photo3": "DCIM/JPEG_20201219154438457.jpg", "Photo4": "DCIM/JPEG_20201219154450623.jpg", "Irrigation": "FALSE", "District": "OFFI", "Region": "Asha", "Zone": "tran", "Date": "2020-12-19", "Technician": "MAAD", "layer": "point3", "path": "C:\\Users\\kobina\\Desktop\\Project_Ken\\Merger\\Merger\\point3.shx|layername=point3", "Points": null }, "geometry": { "type": "Point", "coordinates": [ -1.93750255, 7.4127391 ] } },
{ "type": "Feature", "properties": { "fid": 601.0, "CropType": "oran", "Photo1": "DCIM/JPEG_20201219152753660.jpg", "Photo2": "DCIM/JPEG_20201219152825520.jpg", "Photo3": "DCIM/JPEG_20201219152842685.jpg", "Photo4": "DCIM/JPEG_20201219152856533.jpg", "Irrigation": "FALSE", "District": "OFFI", "Region": "Asha", "Zone": "tran", "Date": "2020-12-19", "Technician": "MAAD", "layer": "point3", "path": "C:\\Users\\kobina\\Desktop\\Project_Ken\\Merger\\Merger\\point3.shx|layername=point3", "Points": null }, "geometry": { "type": "Point", "coordinates": [ -1.937429016666667, 7.396700783333334 ] } },
{ "type": "Feature", "properties": { "fid": 602.0, "CropType": "oran", "Photo1": "DCIM/JPEG_20201219153749431.jpg", "Photo2": "DCIM/JPEG_20201219153812419.jpg", "Photo3": "DCIM/JPEG_20201219153824725.jpg", "Photo4": "DCIM/JPEG_20201219153853008.jpg", "Irrigation": "FALSE", "District": "OFFI", "Region": "Asha", "Zone": "tran", "Date": "2020-12-19", "Technician": "MAAD", "layer": "point3", "path": "C:\\Users\\kobina\\Desktop\\Project_Ken\\Merger\\Merger\\point3.shx|layername=point3", "Points": null }, "geometry": { "type": "Point", "coordinates": [ -1.9376433, 7.41222905 ] } },
{ "type": "Feature", "properties": { "fid": 603.0, "CropType": "man", "Photo1": "DCIM/JPEG_20201219160804095.jpg", "Photo2": "DCIM/JPEG_20201219160825857.jpg", "Photo3": "DCIM/JPEG_20201219160838646.jpg", "Photo4": "DCIM/JPEG_20201219160847788.jpg", "Irrigation": "FALSE", "District": "OFFI", "Region": "Asha", "Zone": "tran", "Date": "2020-12-19", "Technician": "MAAD", "layer": "point3", "path": "C:\\Users\\kobina\\Desktop\\Project_Ken\\Merger\\Merger\\point3.shx|layername=point3", "Points": null }, "geometry": { "type": "Point", "coordinates": [ -1.911366083333333, 7.423719566666665 ] } },
{ "type": "Feature", "properties": { "fid": 604.0, "CropType": "toma", "Photo1": "DCIM/JPEG_20201220090436072.jpg", "Photo2": "DCIM/JPEG_20201220090508913.jpg", "Photo3": "DCIM/JPEG_20201220090527345.jpg", "Photo4": "DCIM/JPEG_20201220090555189.jpg", "Irrigation": "TRUE", "District": "OFFI", "Region": "Asha", "Zone": "tran", "Date": "2020-12-20", "Technician": "MAAD", "layer": "point3", "path": "C:\\Users\\kobina\\Desktop\\Project_Ken\\Merger\\Merger\\point3.shx|layername=point3", "Points": null }, "geometry": { "type": "Point", "coordinates": [ -1.993369933333333, 7.382887433333335 ] } },
{ "type": "Feature", "properties": { "fid": 605.0, "CropType": "toma", "Photo1": "DCIM/JPEG_20201220091051288.jpg", "Photo2": "DCIM/JPEG_20201220091123742.jpg", "Photo3": "DCIM/JPEG_20201220091135942.jpg", "Photo4": "DCIM/JPEG_20201220091153870.jpg", "Irrigation": "TRUE", "District": "OFFI", "Region": "Asha", "Zone": "tran", "Date": "2020-12-20", "Technician": "MAAD", "layer": "point3", "path": "C:\\Users\\kobina\\Desktop\\Project_Ken\\Merger\\Merger\\point3.shx|layername=point3", "Points": null }, "geometry": { "type": "Point", "coordinates": [ -1.99217595, 7.38296735 ] } },
{ "type": "Feature", "properties": { "fid": 606.0, "CropType": "toma", "Photo1": "DCIM/JPEG_20201220092819101.jpg", "Photo2": "DCIM/JPEG_20201220092844938.jpg", "Photo3": "DCIM/JPEG_20201220092855693.jpg", "Photo4": "DCIM/JPEG_20201220092908096.jpg", "Irrigation": "TRUE", "District": "OFFI", "Region": "Asha", "Zone": "tran", "Date": "2020-12-20", "Technician": "MAAD", "layer": "point3", "path": "C:\\Users\\kobina\\Desktop\\Project_Ken\\Merger\\Merger\\point3.shx|layername=point3", "Points": null }, "geometry": { "type": "Point", "coordinates": [ -1.989319283333334, 7.380513183333333 ] } },
{ "type": "Feature", "properties": { "fid": 591.0, "CropType": "pepp", "Photo1": "DCIM/JPEG_20201220093911547.jpg", "Photo2": "DCIM/JPEG_20201220093941857.jpg", "Photo3": "DCIM/JPEG_20201220093953211.jpg", "Photo4": "DCIM/JPEG_20201220094039398.jpg", "Irrigation": "TRUE", "District": "OFFI", "Region": "Asha", "Zone": "tran", "Date": "2020-12-20", "Technician": "MAAD", "layer": "point3", "path": "C:\\Users\\kobina\\Desktop\\Project_Ken\\Merger\\Merger\\point3.shx|layername=point3", "Points": null }, "geometry": { "type": "Point", "coordinates": [ -1.98389395, 7.382030516666666 ] } },
{ "type": "Feature", "properties": { "fid": 592.0, "CropType": "toma", "Photo1": "DCIM/JPEG_20201220100129126.jpg", "Photo2": "DCIM/JPEG_20201220100203811.jpg", "Photo3": "DCIM/JPEG_20201220100217231.jpg", "Photo4": "DCIM/JPEG_20201220100239683.jpg", "Irrigation": "TRUE", "District": "OFFI", "Region": "Asha", "Zone": "tran", "Date": "2020-12-20", "Technician": "MAAD", "layer": "point3", "path": "C:\\Users\\kobina\\Desktop\\Project_Ken\\Merger\\Merger\\point3.shx|layername=point3", "Points": null }, "geometry": { "type": "Point", "coordinates": [ -1.982196866666667, 7.351826983333333 ] } },
{ "type": "Feature", "properties": { "fid": 593.0, "CropType": "gaeg", "Photo1": "DCIM/JPEG_20201220101537914.jpg", "Photo2": "DCIM/JPEG_20201220101604770.jpg", "Photo3": "DCIM/JPEG_20201220101626643.jpg", "Photo4": "DCIM/JPEG_20201220101649386.jpg", "Irrigation": "TRUE", "District": "OFFI", "Region": "Asha", "Zone": "tran", "Date": "2020-12-20", "Technician": "MAAD", "layer": "point3", "path": "C:\\Users\\kobina\\Desktop\\Project_Ken\\Merger\\Merger\\point3.shx|layername=point3", "Points": null }, "geometry": { "type": "Point", "coordinates": [ -1.982536966666666, 7.350370416666669 ] } },
{ "type": "Feature", "properties": { "fid": 594.0, "CropType": "toma", "Photo1": "DCIM/JPEG_20201220103533025.jpg", "Photo2": "DCIM/JPEG_20201220103602559.jpg", "Photo3": "DCIM/JPEG_20201220103615716.jpg", "Photo4": "DCIM/JPEG_20201220103629837.jpg", "Irrigation": "TRUE", "District": "OFFI", "Region": "Asha", "Zone": "tran", "Date": "2020-12-20", "Technician": "MAAD", "layer": "point3", "path": "C:\\Users\\kobina\\Desktop\\Project_Ken\\Merger\\Merger\\point3.shx|layername=point3", "Points": null }, "geometry": { "type": "Point", "coordinates": [ -1.9828156, 7.346192466666666 ] } },
{ "type": "Feature", "properties": { "fid": 595.0, "CropType": "toma", "Photo1": "DCIM/JPEG_20201220104103907.jpg", "Photo2": "DCIM/JPEG_20201220104133749.jpg", "Photo3": "DCIM/JPEG_20201220104200305.jpg", "Photo4": "DCIM/JPEG_20201220104252865.jpg", "Irrigation": "TRUE", "District": "OFFI", "Region": "Asha", "Zone": "tran", "Date": "2020-12-20", "Technician": "MAAD", "layer": "point3", "path": "C:\\Users\\kobina\\Desktop\\Project_Ken\\Merger\\Merger\\point3.shx|layername=point3", "Points": null }, "geometry": { "type": "Point", "coordinates": [ -1.98238645, 7.3459534 ] } },
{ "type": "Feature", "properties": { "fid": 596.0, "CropType": "man", "Photo1": "DCIM/JPEG_20201220110515811.jpg", "Photo2": "DCIM/JPEG_20201220110559625.jpg", "Photo3": "DCIM/JPEG_20201220110613303.jpg", "Photo4": "DCIM/JPEG_20201220110623744.jpg", "Irrigation": "FALSE", "District": "OFFI", "Region": "Asha", "Zone": "tran", "Date": "2020-12-20", "Technician": "MAAD", "layer": "point3", "path": "C:\\Users\\kobina\\Desktop\\Project_Ken\\Merger\\Merger\\point3.shx|layername=point3", "Points": null }, "geometry": { "type": "Point", "coordinates": [ -1.970588166666666, 7.348720566666667 ] } },
{ "type": "Feature", "properties": { "fid": 597.0, "CropType": "pepp", "Photo1": "DCIM/JPEG_20201220112611030.jpg", "Photo2": "DCIM/JPEG_20201220112639647.jpg", "Photo3": "DCIM/JPEG_20201220112658254.jpg", "Photo4": "DCIM/JPEG_20201220112752641.jpg", "Irrigation": "TRUE", "District": "OFFI", "Region": "Asha", "Zone": "tran", "Date": "2020-12-20", "Technician": "MAAD", "layer": "point3", "path": "C:\\Users\\kobina\\Desktop\\Project_Ken\\Merger\\Merger\\point3.shx|layername=point3", "Points": null }, "geometry": { "type": "Point", "coordinates": [ -1.986716716666667, 7.339556916666667 ] } },
{ "type": "Feature", "properties": { "fid": 598.0, "CropType": "oran", "Photo1": "DCIM/JPEG_20201220113708281.jpg", "Photo2": "DCIM/JPEG_20201220113747971.jpg", "Photo3": "DCIM/JPEG_20201220113802055.jpg", "Photo4": "DCIM/JPEG_20201220113810912.jpg", "Irrigation": "FALSE", "District": "OFFI", "Region": "Asha", "Zone": "tran", "Date": "2020-12-20", "Technician": "MAAD", "layer": "point3", "path": "C:\\Users\\kobina\\Desktop\\Project_Ken\\Merger\\Merger\\point3.shx|layername=point3", "Points": null }, "geometry": { "type": "Point", "coordinates": [ -1.9956449, 7.326930416666667 ] } },
{ "type": "Feature", "properties": { "fid": 615.0, "CropType": "gaeg", "Photo1": "DCIM/JPEG_20201220114121619.jpg", "Photo2": "DCIM/JPEG_20201220114144221.jpg", "Photo3": "DCIM/JPEG_20201220114201991.jpg", "Photo4": "DCIM/JPEG_20201220114217263.jpg", "Irrigation": "TRUE", "District": "OFFI", "Region": "Asha", "Zone": "tran", "Date": "2020-12-20", "Technician": "MAAD", "layer": "point3", "path": "C:\\Users\\kobina\\Desktop\\Project_Ken\\Merger\\Merger\\point3.shx|layername=point3", "Points": null }, "geometry": { "type": "Point", "coordinates": [ -1.9956449, 7.326930416666667 ] } },
{ "type": "Feature", "properties": { "fid": 616.0, "CropType": "gaeg", "Photo1": "DCIM/JPEG_20201220114902844.jpg", "Photo2": "DCIM/JPEG_20201220114934247.jpg", "Photo3": "DCIM/JPEG_20201220114952792.jpg", "Photo4": "DCIM/JPEG_20201220115003076.jpg", "Irrigation": "TRUE", "District": "OFFI", "Region": "Asha", "Zone": "tran", "Date": "2020-12-20", "Technician": "MAAD", "layer": "point3", "path": "C:\\Users\\kobina\\Desktop\\Project_Ken\\Merger\\Merger\\point3.shx|layername=point3", "Points": null }, "geometry": { "type": "Point", "coordinates": [ -1.9966719, 7.325312 ] } },
{ "type": "Feature", "properties": { "fid": 617.0, "CropType": "cabb", "Photo1": "DCIM/JPEG_20201220115815825.jpg", "Photo2": "DCIM/JPEG_20201220115845555.jpg", "Photo3": "DCIM/JPEG_20201220115935947.jpg", "Photo4": "DCIM/JPEG_20201220120000133.jpg", "Irrigation": "TRUE", "District": "OFFI", "Region": "Asha", "Zone": "tran", "Date": "2020-12-20", "Technician": "MAAD", "layer": "point3", "path": "C:\\Users\\kobina\\Desktop\\Project_Ken\\Merger\\Merger\\point3.shx|layername=point3", "Points": null }, "geometry": { "type": "Point", "coordinates": [ -1.996321683333333, 7.32596435 ] } },
{ "type": "Feature", "properties": { "fid": 618.0, "CropType": "coco", "Photo1": "DCIM/JPEG_20201220120425216.jpg", "Photo2": "DCIM/JPEG_20201220120459216.jpg", "Photo3": "DCIM/JPEG_20201220120513823.jpg", "Photo4": "DCIM/JPEG_20201220120537806.jpg", "Irrigation": "FALSE", "District": "OFFI", "Region": "Asha", "Zone": "tran", "Date": "2020-12-20", "Technician": "MAAD", "layer": "point3", "path": "C:\\Users\\kobina\\Desktop\\Project_Ken\\Merger\\Merger\\point3.shx|layername=point3", "Points": null }, "geometry": { "type": "Point", "coordinates": [ -1.996456716666667, 7.324326616666668 ] } },
{ "type": "Feature", "properties": { "fid": 619.0, "CropType": "toma", "Photo1": "DCIM/JPEG_20201220121508679.jpg", "Photo2": "DCIM/JPEG_20201220121521397.jpg", "Photo3": "DCIM/JPEG_20201220121534326.jpg", "Photo4": "DCIM/JPEG_20201220121551536.jpg", "Irrigation": "TRUE", "District": "OFFI", "Region": "Asha", "Zone": "tran", "Date": "2020-12-20", "Technician": "MAAD", "layer": "point3", "path": "C:\\Users\\kobina\\Desktop\\Project_Ken\\Merger\\Merger\\point3.shx|layername=point3", "Points": null }, "geometry": { "type": "Point", "coordinates": [ -1.99565115, 7.32232725 ] } },
{ "type": "Feature", "properties": { "fid": 620.0, "CropType": "man", "Photo1": "DCIM/JPEG_20201220124917533.jpg", "Photo2": "DCIM/JPEG_20201220124946356.jpg", "Photo3": "DCIM/JPEG_20201220125000369.jpg", "Photo4": "DCIM/JPEG_20201220125038943.jpg", "Irrigation": "FALSE", "District": "OFFI", "Region": "Asha", "Zone": "tran", "Date": "2020-12-20", "Technician": "MAAD", "layer": "point3", "path": "C:\\Users\\kobina\\Desktop\\Project_Ken\\Merger\\Merger\\point3.shx|layername=point3", "Points": null }, "geometry": { "type": "Point", "coordinates": [ -1.98054595, 7.355750283333333 ] } },
{ "type": "Feature", "properties": { "fid": 621.0, "CropType": "man", "Photo1": "DCIM/JPEG_20201220130050114.jpg", "Photo2": "DCIM/JPEG_20201220130120823.jpg", "Photo3": "DCIM/JPEG_20201220130133361.jpg", "Photo4": "DCIM/JPEG_20201220130144129.jpg", "Irrigation": "FALSE", "District": "OFFI", "Region": "Asha", "Zone": "tran", "Date": "2020-12-20", "Technician": "MAAD", "layer": "point3", "path": "C:\\Users\\kobina\\Desktop\\Project_Ken\\Merger\\Merger\\point3.shx|layername=point3", "Points": null }, "geometry": { "type": "Point", "coordinates": [ -1.981859583333333, 7.359716583333333 ] } },
{ "type": "Feature", "properties": { "fid": 622.0, "CropType": "man", "Photo1": "DCIM/JPEG_20201220150819692.jpg", "Photo2": "DCIM/JPEG_20201220150855373.jpg", "Photo3": "DCIM/JPEG_20201220150916009.jpg", "Photo4": "DCIM/JPEG_20201220150931185.jpg", "Irrigation": "FALSE", "District": "TECH", "Region": "BoEa", "Zone": "tran", "Date": "2020-12-20", "Technician": "MAAD", "layer": "point3", "path": "C:\\Users\\kobina\\Desktop\\Project_Ken\\Merger\\Merger\\point3.shx|layername=point3", "Points": null }, "geometry": { "type": "Point", "coordinates": [ -2.007767283333334, 7.564579716666667 ] } },
{ "type": "Feature", "properties": { "fid": 607.0, "CropType": "coco", "Photo1": "DCIM/JPEG_20201220151617771.jpg", "Photo2": "DCIM/JPEG_20201220151651021.jpg", "Photo3": "DCIM/JPEG_20201220151710773.jpg", "Photo4": "DCIM/JPEG_20201220151722706.jpg", "Irrigation": "FALSE", "District": "TECH", "Region": "BoEa", "Zone": "tran", "Date": "2020-12-20", "Technician": "MAAD", "layer": "point3", "path": "C:\\Users\\kobina\\Desktop\\Project_Ken\\Merger\\Merger\\point3.shx|layername=point3", "Points": null }, "geometry": { "type": "Point", "coordinates": [ -2.010061466666667, 7.5665409 ] } },
{ "type": "Feature", "properties": { "fid": 608.0, "CropType": "coco", "Photo1": "DCIM/JPEG_20201220152701469.jpg", "Photo2": "DCIM/JPEG_20201220152712124.jpg", "Photo3": "DCIM/JPEG_20201220152721715.jpg", "Photo4": "DCIM/JPEG_20201220152738204.jpg", "Irrigation": "FALSE", "District": "TECH", "Region": "BoEa", "Zone": "tran", "Date": "2020-12-20", "Technician": "MAAD", "layer": "point3", "path": "C:\\Users\\kobina\\Desktop\\Project_Ken\\Merger\\Merger\\point3.shx|layername=point3", "Points": null }, "geometry": { "type": "Point", "coordinates": [ -2.018827866666667, 7.572874733333333 ] } },
{ "type": "Feature", "properties": { "fid": 610.0, "CropType": "plnt", "Photo1": "DCIM/JPEG_20201220155152437.jpg", "Photo2": "DCIM/JPEG_20201220155223465.jpg", "Photo3": "DCIM/JPEG_20201220155248210.jpg", "Photo4": "DCIM/JPEG_20201220155259781.jpg", "Irrigation": "FALSE", "District": "TECH", "Region": "BoEa", "Zone": "tran", "Date": "2020-12-20", "Technician": "MAAD", "layer": "point3", "path": "C:\\Users\\kobina\\Desktop\\Project_Ken\\Merger\\Merger\\point3.shx|layername=point3", "Points": null }, "geometry": { "type": "Point", "coordinates": [ -2.046496383333333, 7.560141233333333 ] } },
{ "type": "Feature", "properties": { "fid": 611.0, "CropType": "maiz", "Photo1": "DCIM/JPEG_20201216141630072.jpg", "Photo2": "DCIM/JPEG_20201216141722510.jpg", "Photo3": "DCIM/JPEG_20201216141733771.jpg", "Photo4": "DCIM/JPEG_20201216141739689.jpg", "Irrigation": "FALSE", "District": "TECH", "Region": "BoEa", "Zone": "tran", "Date": "2020-12-16", "Technician": "MAAD", "layer": "point3", "path": "C:\\Users\\kobina\\Desktop\\Project_Ken\\Merger\\Merger\\point3.shx|layername=point3", "Points": null }, "geometry": { "type": "Point", "coordinates": [ -1.941428733333333, 7.490382416666667 ] } },
{ "type": "Feature", "properties": { "fid": 612.0, "CropType": "maiz", "Photo1": "DCIM/JPEG_20201216135239524.jpg", "Photo2": "DCIM/JPEG_20201216135257499.jpg", "Photo3": "DCIM/JPEG_20201216135307577.jpg", "Photo4": "DCIM/JPEG_20201216135333854.jpg", "Irrigation": "FALSE", "District": "TECH", "Region": "BoEa", "Zone": "tran", "Date": "2020-12-16", "Technician": "MAAD", "layer": "point3", "path": "C:\\Users\\kobina\\Desktop\\Project_Ken\\Merger\\Merger\\point3.shx|layername=point3", "Points": null }, "geometry": { "type": "Point", "coordinates": [ -1.950879933333333, 7.4895709 ] } },
{ "type": "Feature", "properties": { "fid": 613.0, "CropType": "cash", "Photo1": "DCIM/JPEG_20201217092117847.jpg", "Photo2": "DCIM/JPEG_20201217092208443.jpg", "Photo3": "DCIM/JPEG_20201217092217799.jpg", "Photo4": "DCIM/JPEG_20201217092224844.jpg", "Irrigation": "FALSE", "District": "TECH", "Region": "BoEa", "Zone": "tran", "Date": "2020-12-17", "Technician": "MAAD", "layer": "point3", "path": "C:\\Users\\kobina\\Desktop\\Project_Ken\\Merger\\Merger\\point3.shx|layername=point3", "Points": null }, "geometry": { "type": "Point", "coordinates": [ -1.975218583333333, 7.487135866666667 ] } },
{ "type": "Feature", "properties": { "fid": 614.0, "CropType": "coco", "Photo1": "DCIM/JPEG_20201217100446250.jpg", "Photo2": "DCIM/JPEG_20201217100534986.jpg", "Photo3": "DCIM/JPEG_20201217100551582.jpg", "Photo4": "DCIM/JPEG_20201217100559035.jpg", "Irrigation": "FALSE", "District": "TECH", "Region": "BoEa", "Zone": "tran", "Date": "2020-12-17", "Technician": "MAAD", "layer": "point3", "path": "C:\\Users\\kobina\\Desktop\\Project_Ken\\Merger\\Merger\\point3.shx|layername=point3", "Points": null }, "geometry": { "type": "Point", "coordinates": [ -1.9878954, 7.470881016666667 ] } },
{ "type": "Feature", "properties": { "fid": 503.0, "CropType": "man", "Photo1": "DCIM/JPEG_20201217103738345.jpg", "Photo2": "DCIM/JPEG_20201217103826079.jpg", "Photo3": "DCIM/JPEG_20201217103837432.jpg", "Photo4": "DCIM/JPEG_20201217103844608.jpg", "Irrigation": "FALSE", "District": "TECH", "Region": "BoEa", "Zone": "tran", "Date": "2020-12-17", "Technician": "MAAD", "layer": "point3", "path": "C:\\Users\\kobina\\Desktop\\Project_Ken\\Merger\\Merger\\point3.shx|layername=point3", "Points": null }, "geometry": { "type": "Point", "coordinates": [ -1.9728718, 7.465281683333333 ] } },
{ "type": "Feature", "properties": { "fid": 504.0, "CropType": "cabb", "Photo1": "DCIM/JPEG_20201217114134168.jpg", "Photo2": "DCIM/JPEG_20201217114223207.jpg", "Photo3": "DCIM/JPEG_20201217114232372.jpg", "Photo4": "DCIM/JPEG_20201217114243582.jpg", "Irrigation": "TRUE", "District": "TECH", "Region": "BoEa", "Zone": "tran", "Date": "2020-12-17", "Technician": "MAAD", "layer": "point3", "path": "C:\\Users\\kobina\\Desktop\\Project_Ken\\Merger\\Merger\\point3.shx|layername=point3", "Points": null }, "geometry": { "type": "Point", "coordinates": [ -1.9578194, 7.454655833333334 ] } },
{ "type": "Feature", "properties": { "fid": 505.0, "CropType": "cass", "Photo1": "DCIM/JPEG_20201217123044581.jpg", "Photo2": "DCIM/JPEG_20201217123126856.jpg", "Photo3": "DCIM/JPEG_20201217123136913.jpg", "Photo4": "DCIM/JPEG_20201217123146077.jpg", "Irrigation": "FALSE", "District": "TECH", "Region": "BoEa", "Zone": "tran", "Date": "2020-12-17", "Technician": "MAAD", "layer": "point3", "path": "C:\\Users\\kobina\\Desktop\\Project_Ken\\Merger\\Merger\\point3.shx|layername=point3", "Points": null }, "geometry": { "type": "Point", "coordinates": [ -1.949357066666666, 7.456400166666666 ] } },
{ "type": "Feature", "properties": { "fid": 506.0, "CropType": "oran", "Photo1": "DCIM/JPEG_20201217134014233.jpg", "Photo2": "DCIM/JPEG_20201217134111657.jpg", "Photo3": "DCIM/JPEG_20201217134120722.jpg", "Photo4": "DCIM/JPEG_20201217134130725.jpg", "Irrigation": "FALSE", "District": "TECH", "Region": "BoEa", "Zone": "tran", "Date": "2020-12-17", "Technician": "MAAD", "layer": "point3", "path": "C:\\Users\\kobina\\Desktop\\Project_Ken\\Merger\\Merger\\point3.shx|layername=point3", "Points": null }, "geometry": { "type": "Point", "coordinates": [ -1.988765616666667, 7.45801295 ] } },
{ "type": "Feature", "properties": { "fid": 507.0, "CropType": "plnt", "Photo1": "DCIM/JPEG_20201217135458988.jpg", "Photo2": "DCIM/JPEG_20201217135549338.jpg", "Photo3": "DCIM/JPEG_20201217135600556.jpg", "Photo4": "DCIM/JPEG_20201217135608823.jpg", "Irrigation": "FALSE", "District": "TECH", "Region": "BoEa", "Zone": "tran", "Date": "2020-12-17", "Technician": "MAAD", "layer": "point3", "path": "C:\\Users\\kobina\\Desktop\\Project_Ken\\Merger\\Merger\\point3.shx|layername=point3", "Points": null }, "geometry": { "type": "Point", "coordinates": [ -1.99752785, 7.456521116666666 ] } },
{ "type": "Feature", "properties": { "fid": 508.0, "CropType": "cass", "Photo1": "DCIM/JPEG_20201217145712858.jpg", "Photo2": "DCIM/JPEG_20201217145735120.jpg", "Photo3": "DCIM/JPEG_20201217145745789.jpg", "Photo4": "DCIM/JPEG_20201217145752934.jpg", "Irrigation": "FALSE", "District": "TECH", "Region": "BoEa", "Zone": "tran", "Date": "2020-12-17", "Technician": "MAAD", "layer": "point3", "path": "C:\\Users\\kobina\\Desktop\\Project_Ken\\Merger\\Merger\\point3.shx|layername=point3", "Points": null }, "geometry": { "type": "Point", "coordinates": [ -1.990081466666667, 7.461461433333333 ] } },
{ "type": "Feature", "properties": { "fid": 509.0, "CropType": "toma", "Photo1": "DCIM/JPEG_20201218091111599.jpg", "Photo2": "DCIM/JPEG_20201218091209552.jpg", "Photo3": "DCIM/JPEG_20201218091218507.jpg", "Photo4": "DCIM/JPEG_20201218091225553.jpg", "Irrigation": "TRUE", "District": "TECH", "Region": "BoEa", "Zone": "tran", "Date": "2020-12-18", "Technician": "MAAD", "layer": "point3", "path": "C:\\Users\\kobina\\Desktop\\Project_Ken\\Merger\\Merger\\point3.shx|layername=point3", "Points": null }, "geometry": { "type": "Point", "coordinates": [ -2.0028347, 7.437179833333331 ] } },
{ "type": "Feature", "properties": { "fid": 510.0, "CropType": "plnt", "Photo1": "DCIM/JPEG_20201218094634196.jpg", "Photo2": "DCIM/JPEG_20201218094720891.jpg", "Photo3": "DCIM/JPEG_20201218094728928.jpg", "Photo4": "DCIM/JPEG_20201218094743491.jpg", "Irrigation": "FALSE", "District": "TECH", "Region": "BoEa", "Zone": "tran", "Date": "2020-12-18", "Technician": "MAAD", "layer": "point3", "path": "C:\\Users\\kobina\\Desktop\\Project_Ken\\Merger\\Merger\\point3.shx|layername=point3", "Points": null }, "geometry": { "type": "Point", "coordinates": [ -2.011787266666667, 7.436818133333333 ] } },
{ "type": "Feature", "properties": { "fid": 495.0, "CropType": "cass", "Photo1": "DCIM/JPEG_20201218141314297.jpg", "Photo2": "DCIM/JPEG_20201218141400528.jpg", "Photo3": "DCIM/JPEG_20201218141411174.jpg", "Photo4": "DCIM/JPEG_20201218141417592.jpg", "Irrigation": "FALSE", "District": "OFFI", "Region": "Asha", "Zone": "tran", "Date": "2020-12-18", "Technician": "MAAD", "layer": "point3", "path": "C:\\Users\\kobina\\Desktop\\Project_Ken\\Merger\\Merger\\point3.shx|layername=point3", "Points": null }, "geometry": { "type": "Point", "coordinates": [ -1.988658733333333, 7.394227783333334 ] } },
{ "type": "Feature", "properties": { "fid": 496.0, "CropType": "toma", "Photo1": "DCIM/JPEG_20201218150823862.jpg", "Photo2": "DCIM/JPEG_20201218150850866.jpg", "Photo3": "DCIM/JPEG_20201218150904057.jpg", "Photo4": "DCIM/JPEG_20201218150911964.jpg", "Irrigation": "TRUE", "District": "OFFI", "Region": "Asha", "Zone": "tran", "Date": "2020-12-18", "Technician": "MAAD", "layer": "point3", "path": "C:\\Users\\kobina\\Desktop\\Project_Ken\\Merger\\Merger\\point3.shx|layername=point3", "Points": null }, "geometry": { "type": "Point", "coordinates": [ -2.0152562, 7.388894733333332 ] } },
{ "type": "Feature", "properties": { "fid": 497.0, "CropType": "toma", "Photo1": "DCIM/JPEG_20201218154048295.jpg", "Photo2": "DCIM/JPEG_20201218154111963.jpg", "Photo3": "DCIM/JPEG_20201218154123851.jpg", "Photo4": "DCIM/JPEG_20201218154131593.jpg", "Irrigation": "TRUE", "District": "OFFI", "Region": "Asha", "Zone": "tran", "Date": "2020-12-18", "Technician": "MAAD", "layer": "point3", "path": "C:\\Users\\kobina\\Desktop\\Project_Ken\\Merger\\Merger\\point3.shx|layername=point3", "Points": null }, "geometry": { "type": "Point", "coordinates": [ -2.010663083333333, 7.394427616666666 ] } },
{ "type": "Feature", "properties": { "fid": 498.0, "CropType": "yams", "Photo1": "DCIM/JPEG_20201219093202993.jpg", "Photo2": "DCIM/JPEG_20201219093229517.jpg", "Photo3": "DCIM/JPEG_20201219093242955.jpg", "Photo4": "DCIM/JPEG_20201219093257257.jpg", "Irrigation": "FALSE", "District": "TECH", "Region": "BoEa", "Zone": "tran", "Date": "2020-12-19", "Technician": "MAAD", "layer": "point3", "path": "C:\\Users\\kobina\\Desktop\\Project_Ken\\Merger\\Merger\\point3.shx|layername=point3", "Points": null }, "geometry": { "type": "Point", "coordinates": [ -1.92088745, 7.516407316666665 ] } },
{ "type": "Feature", "properties": { "fid": 499.0, "CropType": "coco", "Photo1": "DCIM/JPEG_20201220164019860.jpg", "Photo2": "DCIM/JPEG_20201220164052364.jpg", "Photo3": "DCIM/JPEG_20201220164108379.jpg", "Photo4": "DCIM/JPEG_20201220164130621.jpg", "Irrigation": "FALSE", "District": "TECH", "Region": "BoEa", "Zone": "tran", "Date": "2020-12-20", "Technician": "MAAD", "layer": "point3", "path": "C:\\Users\\kobina\\Desktop\\Project_Ken\\Merger\\Merger\\point3.shx|layername=point3", "Points": null }, "geometry": { "type": "Point", "coordinates": [ -2.10896235, 7.495461966666666 ] } },
{ "type": "Feature", "properties": { "fid": 500.0, "CropType": "coco", "Photo1": "DCIM/JPEG_20201221091348282.jpg", "Photo2": "DCIM/JPEG_20201221091422341.jpg", "Photo3": "DCIM/JPEG_20201221091429595.jpg", "Photo4": "DCIM/JPEG_20201221091437631.jpg", "Irrigation": "FALSE", "District": "TECH", "Region": "BoEa", "Zone": "tran", "Date": "2020-12-21", "Technician": "MAAD", "layer": "point3", "path": "C:\\Users\\kobina\\Desktop\\Project_Ken\\Merger\\Merger\\point3.shx|layername=point3", "Points": null }, "geometry": { "type": "Point", "coordinates": [ -2.064700816666666, 7.548967216666666 ] } },
{ "type": "Feature", "properties": { "fid": 501.0, "CropType": "plnt", "Photo1": "DCIM/JPEG_20201221092200442.jpg", "Photo2": "DCIM/JPEG_20201221092213421.jpg", "Photo3": "DCIM/JPEG_20201221092223506.jpg", "Photo4": "DCIM/JPEG_20201221092231351.jpg", "Irrigation": "FALSE", "District": "TECH", "Region": "BoEa", "Zone": "tran", "Date": "2020-12-21", "Technician": "MAAD", "layer": "point3", "path": "C:\\Users\\kobina\\Desktop\\Project_Ken\\Merger\\Merger\\point3.shx|layername=point3", "Points": null }, "geometry": { "type": "Point", "coordinates": [ -2.061639383333334, 7.552438583333331 ] } },
{ "type": "Feature", "properties": { "fid": 502.0, "CropType": "plnt", "Photo1": "DCIM/JPEG_20201219095020389.jpg", "Photo2": "DCIM/JPEG_20201219095045381.jpg", "Photo3": "DCIM/JPEG_20201219095106151.jpg", "Photo4": "DCIM/JPEG_20201219095125902.jpg", "Irrigation": "FALSE", "District": "TECH", "Region": "BoEa", "Zone": "tran", "Date": "2020-12-19", "Technician": "MAAD", "layer": "point3", "path": "C:\\Users\\kobina\\Desktop\\Project_Ken\\Merger\\Merger\\point3.shx|layername=point3", "Points": null }, "geometry": { "type": "Point", "coordinates": [ -1.9197713, 7.509335916666667 ] } },
{ "type": "Feature", "properties": { "fid": 519.0, "CropType": "cass", "Photo1": "DCIM/JPEG_20201219102009963.jpg", "Photo2": "DCIM/JPEG_20201219102033077.jpg", "Photo3": "DCIM/JPEG_20201219102044930.jpg", "Photo4": "DCIM/JPEG_20201219102105288.jpg", "Irrigation": "FALSE", "District": "TECH", "Region": "BoEa", "Zone": "tran", "Date": "2020-12-19", "Technician": "MAAD", "layer": "point3", "path": "C:\\Users\\kobina\\Desktop\\Project_Ken\\Merger\\Merger\\point3.shx|layername=point3", "Points": null }, "geometry": { "type": "Point", "coordinates": [ -1.91357455, 7.479039483333334 ] } },
{ "type": "Feature", "properties": { "fid": 520.0, "CropType": "toma", "Photo1": "DCIM/JPEG_20201219121925631.jpg", "Photo2": "DCIM/JPEG_20201219121957857.jpg", "Photo3": "DCIM/JPEG_20201219122008638.jpg", "Photo4": "DCIM/JPEG_20201219122016235.jpg", "Irrigation": "TRUE", "District": "OFFI", "Region": "Asha", "Zone": "tran", "Date": "2020-12-19", "Technician": "MAAD", "layer": "point3", "path": "C:\\Users\\kobina\\Desktop\\Project_Ken\\Merger\\Merger\\point3.shx|layername=point3", "Points": null }, "geometry": { "type": "Point", "coordinates": [ -1.990418303073409, 7.383026116469702 ] } },
{ "type": "Feature", "properties": { "fid": 521.0, "CropType": "pepp", "Photo1": "DCIM/JPEG_20201219144001011.jpg", "Photo2": "DCIM/JPEG_20201219144027191.jpg", "Photo3": "DCIM/JPEG_20201219144046068.jpg", "Photo4": "DCIM/JPEG_20201219144101651.jpg", "Irrigation": "TRUE", "District": "OFFI", "Region": "Asha", "Zone": "tran", "Date": "2020-12-19", "Technician": "MAAD", "layer": "point3", "path": "C:\\Users\\kobina\\Desktop\\Project_Ken\\Merger\\Merger\\point3.shx|layername=point3", "Points": null }, "geometry": { "type": "Point", "coordinates": [ -1.950971333333333, 7.366488483333335 ] } },
{ "type": "Feature", "properties": { "fid": 522.0, "CropType": "toma", "Photo1": "DCIM/JPEG_20201220084536592.jpg", "Photo2": "DCIM/JPEG_20201220084643159.jpg", "Photo3": "DCIM/JPEG_20201220084630954.jpg", "Photo4": "DCIM/JPEG_20201220084701119.jpg", "Irrigation": "TRUE", "District": "OFFI", "Region": "Asha", "Zone": "tran", "Date": "2020-12-20", "Technician": "MAAD", "layer": "point3", "path": "C:\\Users\\kobina\\Desktop\\Project_Ken\\Merger\\Merger\\point3.shx|layername=point3", "Points": null }, "geometry": { "type": "Point", "coordinates": [ -1.9882516, 7.383023383333335 ] } },
{ "type": "Feature", "properties": { "fid": 523.0, "CropType": "toma", "Photo1": "DCIM/JPEG_20201220103009542.jpg", "Photo2": "DCIM/JPEG_20201220103041028.jpg", "Photo3": "DCIM/JPEG_20201220103059449.jpg", "Photo4": "DCIM/JPEG_20201220103122509.jpg", "Irrigation": "TRUE", "District": "OFFI", "Region": "Asha", "Zone": "tran", "Date": "2020-12-20", "Technician": "MAAD", "layer": "point3", "path": "C:\\Users\\kobina\\Desktop\\Project_Ken\\Merger\\Merger\\point3.shx|layername=point3", "Points": null }, "geometry": { "type": "Point", "coordinates": [ -1.982043933333334, 7.347374733333334 ] } },
{ "type": "Feature", "properties": { "fid": 524.0, "CropType": "cabb", "Photo1": "DCIM/JPEG_20201220122903817.jpg", "Photo2": "DCIM/JPEG_20201220122944761.jpg", "Photo3": "DCIM/JPEG_20201220122959270.jpg", "Photo4": "DCIM/JPEG_20201220123015024.jpg", "Irrigation": "TRUE", "District": "OFFI", "Region": "Asha", "Zone": "tran", "Date": "2020-12-20", "Technician": "MAAD", "layer": "point3", "path": "C:\\Users\\kobina\\Desktop\\Project_Ken\\Merger\\Merger\\point3.shx|layername=point3", "Points": null }, "geometry": { "type": "Point", "coordinates": [ -1.983382483333334, 7.33580535 ] } },
{ "type": "Feature", "properties": { "fid": 525.0, "CropType": "coco", "Photo1": "DCIM/JPEG_20201220154322535.jpg", "Photo2": "DCIM/JPEG_20201220154348138.jpg", "Photo3": "DCIM/JPEG_20201220154407442.jpg", "Photo4": "DCIM/JPEG_20201220154420693.jpg", "Irrigation": "FALSE", "District": "TECH", "Region": "BoEa", "Zone": "tran", "Date": "2020-12-20", "Technician": "MAAD", "layer": "point3", "path": "C:\\Users\\kobina\\Desktop\\Project_Ken\\Merger\\Merger\\point3.shx|layername=point3", "Points": null }, "geometry": { "type": "Point", "coordinates": [ -2.04102415, 7.561442183333332 ] } },
{ "type": "Feature", "properties": { "fid": 526.0, "CropType": "cash", "Photo1": "DCIM/JPEG_20201216102420339.jpg", "Photo2": "DCIM/JPEG_20201216102437352.jpg", "Photo3": "DCIM/JPEG_20201216102452023.jpg", "Photo4": "DCIM/JPEG_20201216102508807.jpg", "Irrigation": "FALSE", "District": "TECH", "Region": "BoEa", "Zone": "tran", "Date": "2020-12-16", "Technician": "KEAI", "layer": "Points", "path": "C:\\Users\\kobina\\Desktop\\Project_Ken\\Merger\\Merger\\Points.shx|layername=Points", "Points": null }, "geometry": { "type": "Point", "coordinates": [ -1.931063051173205, 7.665500351288479 ] } },
{ "type": "Feature", "properties": { "fid": 511.0, "CropType": "cash", "Photo1": "DCIM/JPEG_20201216103656565.jpg", "Photo2": "DCIM/JPEG_20201216103717350.jpg", "Photo3": "DCIM/JPEG_20201216103735071.jpg", "Photo4": "DCIM/JPEG_20201216103753435.jpg", "Irrigation": "FALSE", "District": "TECH", "Region": "BoEa", "Zone": "tran", "Date": "2020-12-16", "Technician": "KEAI", "layer": "Points", "path": "C:\\Users\\kobina\\Desktop\\Project_Ken\\Merger\\Merger\\Points.shx|layername=Points", "Points": null }, "geometry": { "type": "Point", "coordinates": [ -1.9572981, 7.716922133333332 ] } },
{ "type": "Feature", "properties": { "fid": 512.0, "CropType": "cash", "Photo1": "DCIM/JPEG_20201213101941911.jpg", "Photo2": "DCIM/JPEG_20201213102005578.jpg", "Photo3": "DCIM/JPEG_20201213102021017.jpg", "Photo4": "DCIM/JPEG_20201213102038231.jpg", "Irrigation": "FALSE", "District": "TECH", "Region": "BoEa", "Zone": "tran", "Date": "2020-12-12", "Technician": "KEAI", "layer": "Points", "path": "C:\\Users\\kobina\\Desktop\\Project_Ken\\Merger\\Merger\\Points.shx|layername=Points", "Points": null }, "geometry": { "type": "Point", "coordinates": [ -2.029999966666666, 7.622806366666667 ] } },
{ "type": "Feature", "properties": { "fid": 513.0, "CropType": "cass", "Photo1": "DCIM/JPEG_20201213104025067.jpg", "Photo2": "DCIM/JPEG_20201213104037863.jpg", "Photo3": "DCIM/JPEG_20201213104053260.jpg", "Photo4": "DCIM/JPEG_20201213104110422.jpg", "Irrigation": "FALSE", "District": "TECH", "Region": "BoEa", "Zone": "tran", "Date": "2020-12-12", "Technician": "KEAI", "layer": "Points", "path": "C:\\Users\\kobina\\Desktop\\Project_Ken\\Merger\\Merger\\Points.shx|layername=Points", "Points": null }, "geometry": { "type": "Point", "coordinates": [ -2.031475416666666, 7.62377105 ] } },
{ "type": "Feature", "properties": { "fid": 514.0, "CropType": "cass", "Photo1": "DCIM/JPEG_20201213104905562.jpg", "Photo2": "DCIM/JPEG_20201213104920430.jpg", "Photo3": "DCIM/JPEG_20201213104931256.jpg", "Photo4": "DCIM/JPEG_20201213104942086.jpg", "Irrigation": "FALSE", "District": "TECH", "Region": "BoEa", "Zone": "tran", "Date": "2020-12-13", "Technician": "KEAI", "layer": "Points", "path": "C:\\Users\\kobina\\Desktop\\Project_Ken\\Merger\\Merger\\Points.shx|layername=Points", "Points": null }, "geometry": { "type": "Point", "coordinates": [ -2.033240933333333, 7.624941416666666 ] } },
{ "type": "Feature", "properties": { "fid": 515.0, "CropType": "cash", "Photo1": "DCIM/JPEG_20201213105819580.jpg", "Photo2": "DCIM/JPEG_20201213105834482.jpg", "Photo3": "DCIM/JPEG_20201213105854800.jpg", "Photo4": "DCIM/JPEG_20201213105911093.jpg", "Irrigation": "FALSE", "District": "TECH", "Region": "BoEa", "Zone": "tran", "Date": "2020-12-13", "Technician": "KEAI", "layer": "Points", "path": "C:\\Users\\kobina\\Desktop\\Project_Ken\\Merger\\Merger\\Points.shx|layername=Points", "Points": null }, "geometry": { "type": "Point", "coordinates": [ -2.032612958249727, 7.62567354844031 ] } },
{ "type": "Feature", "properties": { "fid": 516.0, "CropType": "cabb", "Photo1": "DCIM/JPEG_20201216111417800.jpg", "Photo2": "DCIM/JPEG_20201216111449011.jpg", "Photo3": "DCIM/JPEG_20201216111511928.jpg", "Photo4": "DCIM/JPEG_20201216111545888.jpg", "Irrigation": "TRUE", "District": "TECH", "Region": "BoEa", "Zone": "tran", "Date": "2020-12-16", "Technician": "KEAI", "layer": "Points", "path": "C:\\Users\\kobina\\Desktop\\Project_Ken\\Merger\\Merger\\Points.shx|layername=Points", "Points": null }, "geometry": { "type": "Point", "coordinates": [ -1.94845473417614, 7.785308009027643 ] } },
{ "type": "Feature", "properties": { "fid": 517.0, "CropType": "cowp", "Photo1": "DCIM/JPEG_20201216111922228.jpg", "Photo2": "DCIM/JPEG_20201216112007424.jpg", "Photo3": "DCIM/JPEG_20201216112034318.jpg", "Photo4": "DCIM/JPEG_20201216112050695.jpg", "Irrigation": "FALSE", "District": "TECH", "Region": "BoEa", "Zone": "tran", "Date": "2020-12-16", "Technician": "KEAI", "layer": "Points", "path": "C:\\Users\\kobina\\Desktop\\Project_Ken\\Merger\\Merger\\Points.shx|layername=Points", "Points": null }, "geometry": { "type": "Point", "coordinates": [ -1.947470266666667, 7.7859723 ] } },
{ "type": "Feature", "properties": { "fid": 518.0, "CropType": "yams", "Photo1": "DCIM/JPEG_20201213112341193.jpg", "Photo2": "DCIM/JPEG_20201213112352742.jpg", "Photo3": "DCIM/JPEG_20201213112419779.jpg", "Photo4": "DCIM/JPEG_20201213112429887.jpg", "Irrigation": "FALSE", "District": "TECH", "Region": "BoEa", "Zone": "tran", "Date": "2020-12-13", "Technician": "KEAI", "layer": "Points", "path": "C:\\Users\\kobina\\Desktop\\Project_Ken\\Merger\\Merger\\Points.shx|layername=Points", "Points": null }, "geometry": { "type": "Point", "coordinates": [ -2.0363528, 7.626986416666666 ] } },
{ "type": "Feature", "properties": { "fid": 535.0, "CropType": "yams", "Photo1": "DCIM/JPEG_20201216113143245.jpg", "Photo2": "DCIM/JPEG_20201216113215539.jpg", "Photo3": "DCIM/JPEG_20201216113241917.jpg", "Photo4": "DCIM/JPEG_20201216113310328.jpg", "Irrigation": "FALSE", "District": "TECH", "Region": "BoEa", "Zone": "tran", "Date": "2020-12-16", "Technician": "KEAI", "layer": "Points", "path": "C:\\Users\\kobina\\Desktop\\Project_Ken\\Merger\\Merger\\Points.shx|layername=Points", "Points": null }, "geometry": { "type": "Point", "coordinates": [ -1.948026783333333, 7.786814883333333 ] } },
{ "type": "Feature", "properties": { "fid": 536.0, "CropType": "cash", "Photo1": "DCIM/JPEG_20201213121144385.jpg", "Photo2": "DCIM/JPEG_20201213121200685.jpg", "Photo3": "DCIM/JPEG_20201213121213870.jpg", "Photo4": "DCIM/JPEG_20201213121227138.jpg", "Irrigation": "FALSE", "District": "TECH", "Region": "BoEa", "Zone": "tran", "Date": "2020-12-13", "Technician": "KEAI", "layer": "Points", "path": "C:\\Users\\kobina\\Desktop\\Project_Ken\\Merger\\Merger\\Points.shx|layername=Points", "Points": null }, "geometry": { "type": "Point", "coordinates": [ -2.03207095, 7.614771416666668 ] } },
{ "type": "Feature", "properties": { "fid": 537.0, "CropType": "cash", "Photo1": "DCIM/JPEG_20201213122850423.jpg", "Photo2": "DCIM/JPEG_20201213122904409.jpg", "Photo3": "DCIM/JPEG_20201213122925568.jpg", "Photo4": "DCIM/JPEG_20201213122939689.jpg", "Irrigation": "FALSE", "District": "TECH", "Region": "BoEa", "Zone": "tran", "Date": "2020-12-13", "Technician": "KEAI", "layer": "Points", "path": "C:\\Users\\kobina\\Desktop\\Project_Ken\\Merger\\Merger\\Points.shx|layername=Points", "Points": null }, "geometry": { "type": "Point", "coordinates": [ -2.034057633333333, 7.610518216666666 ] } },
{ "type": "Feature", "properties": { "fid": 538.0, "CropType": "coco", "Photo1": "DCIM/JPEG_20201213123823313.jpg", "Photo2": "DCIM/JPEG_20201213123902105.jpg", "Photo3": "DCIM/JPEG_20201213123917858.jpg", "Photo4": "DCIM/JPEG_20201213123929273.jpg", "Irrigation": "FALSE", "District": "TECH", "Region": "BoEa", "Zone": "tran", "Date": "2020-12-13", "Technician": "KEAI", "layer": "Points", "path": "C:\\Users\\kobina\\Desktop\\Project_Ken\\Merger\\Merger\\Points.shx|layername=Points", "Points": null }, "geometry": { "type": "Point", "coordinates": [ -2.033948883333333, 7.608687033333332 ] } },
{ "type": "Feature", "properties": { "fid": 539.0, "CropType": "coco", "Photo1": "DCIM/JPEG_20201213125243073.jpg", "Photo2": "DCIM/JPEG_20201213125320627.jpg", "Photo3": "DCIM/JPEG_20201213125330409.jpg", "Photo4": "DCIM/JPEG_20201213125350999.jpg", "Irrigation": "FALSE", "District": "TECH", "Region": "BoEa", "Zone": "tran", "Date": "2020-12-13", "Technician": "KEAI", "layer": "Points", "path": "C:\\Users\\kobina\\Desktop\\Project_Ken\\Merger\\Merger\\Points.shx|layername=Points", "Points": null }, "geometry": { "type": "Point", "coordinates": [ -2.034312816666667, 7.6079017 ] } },
{ "type": "Feature", "properties": { "fid": 540.0, "CropType": "maiz", "Photo1": "DCIM/JPEG_20201213130208777.jpg", "Photo2": "DCIM/JPEG_20201213130226735.jpg", "Photo3": "DCIM/JPEG_20201213130243099.jpg", "Photo4": "DCIM/JPEG_20201213130301257.jpg", "Irrigation": "FALSE", "District": "TECH", "Region": "BoEa", "Zone": "tran", "Date": "2020-12-13", "Technician": "KEAI", "layer": "Points", "path": "C:\\Users\\kobina\\Desktop\\Project_Ken\\Merger\\Merger\\Points.shx|layername=Points", "Points": null }, "geometry": { "type": "Point", "coordinates": [ -2.034312816666667, 7.6079017 ] } },
{ "type": "Feature", "properties": { "fid": 541.0, "CropType": "cass", "Photo1": "DCIM/JPEG_20201213130830094.jpg", "Photo2": "DCIM/JPEG_20201213130850126.jpg", "Photo3": "DCIM/JPEG_20201213130904462.jpg", "Photo4": "DCIM/JPEG_20201213130925108.jpg", "Irrigation": "FALSE", "District": "TECH", "Region": "BoEa", "Zone": "tran", "Date": "2020-12-13", "Technician": "KEAI", "layer": "Points", "path": "C:\\Users\\kobina\\Desktop\\Project_Ken\\Merger\\Merger\\Points.shx|layername=Points", "Points": null }, "geometry": { "type": "Point", "coordinates": [ -2.036211609415599, 7.606734438694902 ] } },
{ "type": "Feature", "properties": { "fid": 542.0, "CropType": "gaeg", "Photo1": "DCIM/JPEG_20201213160746617.jpg", "Photo2": "DCIM/JPEG_20201213160800361.jpg", "Photo3": "DCIM/JPEG_20201213160813670.jpg", "Photo4": "DCIM/JPEG_20201213160826065.jpg", "Irrigation": "TRUE", "District": "TECH", "Region": "BoEa", "Zone": "tran", "Date": "2020-12-13", "Technician": "KEAI", "layer": "Points", "path": "C:\\Users\\kobina\\Desktop\\Project_Ken\\Merger\\Merger\\Points.shx|layername=Points", "Points": null }, "geometry": { "type": "Point", "coordinates": [ -1.851701466666667, 7.6118986 ] } },
{ "type": "Feature", "properties": { "fid": 527.0, "CropType": "maiz", "Photo1": "DCIM/JPEG_20201216113730330.jpg", "Photo2": "DCIM/JPEG_20201216113756372.jpg", "Photo3": "DCIM/JPEG_20201216113827159.jpg", "Photo4": "DCIM/JPEG_20201216113850356.jpg", "Irrigation": "FALSE", "District": "TECH", "Region": "BoEa", "Zone": "tran", "Date": "2020-12-16", "Technician": "KEAI", "layer": "Points", "path": "C:\\Users\\kobina\\Desktop\\Project_Ken\\Merger\\Merger\\Points.shx|layername=Points", "Points": null }, "geometry": { "type": "Point", "coordinates": [ -1.94838165, 7.78657835 ] } },
{ "type": "Feature", "properties": { "fid": 528.0, "CropType": "toma", "Photo1": "DCIM/JPEG_20201213163253707.jpg", "Photo2": "DCIM/JPEG_20201213163437874.jpg", "Photo3": "DCIM/JPEG_20201213163453132.jpg", "Photo4": "DCIM/JPEG_20201213163511110.jpg", "Irrigation": "TRUE", "District": "TECH", "Region": "BoEa", "Zone": "tran", "Date": "2020-12-13", "Technician": "KEAI", "layer": "Points", "path": "C:\\Users\\kobina\\Desktop\\Project_Ken\\Merger\\Merger\\Points.shx|layername=Points", "Points": null }, "geometry": { "type": "Point", "coordinates": [ -1.849956033333334, 7.60790475 ] } },
{ "type": "Feature", "properties": { "fid": 529.0, "CropType": "plnt", "Photo1": "DCIM/JPEG_20201213163855231.jpg", "Photo2": "DCIM/JPEG_20201213163909174.jpg", "Photo3": "DCIM/JPEG_20201213163928667.jpg", "Photo4": "DCIM/JPEG_20201213163942824.jpg", "Irrigation": "FALSE", "District": "TECH", "Region": "BoEa", "Zone": "tran", "Date": "2020-12-13", "Technician": "KEAI", "layer": "Points", "path": "C:\\Users\\kobina\\Desktop\\Project_Ken\\Merger\\Merger\\Points.shx|layername=Points", "Points": null }, "geometry": { "type": "Point", "coordinates": [ -1.874262888399301, 7.59692128464074 ] } },
{ "type": "Feature", "properties": { "fid": 530.0, "CropType": "toma", "Photo1": "DCIM/JPEG_20201213164547047.jpg", "Photo2": "DCIM/JPEG_20201213164658860.jpg", "Photo3": "DCIM/JPEG_20201213164712136.jpg", "Photo4": "DCIM/JPEG_20201213164725476.jpg", "Irrigation": "TRUE", "District": "TECH", "Region": "BoEa", "Zone": "tran", "Date": "2020-12-13", "Technician": "KEAI", "layer": "Points", "path": "C:\\Users\\kobina\\Desktop\\Project_Ken\\Merger\\Merger\\Points.shx|layername=Points", "Points": null }, "geometry": { "type": "Point", "coordinates": [ -1.803171258403402, 7.555390573827285 ] } },
{ "type": "Feature", "properties": { "fid": 531.0, "CropType": "toma", "Photo1": "DCIM/JPEG_20201213164955733.jpg", "Photo2": "DCIM/JPEG_20201213165019537.jpg", "Photo3": "DCIM/JPEG_20201213165051117.jpg", "Photo4": "DCIM/JPEG_20201213165121144.jpg", "Irrigation": "TRUE", "District": "TECH", "Region": "BoEa", "Zone": "tran", "Date": "2020-12-13", "Technician": "KEAI", "layer": "Points", "path": "C:\\Users\\kobina\\Desktop\\Project_Ken\\Merger\\Merger\\Points.shx|layername=Points", "Points": null }, "geometry": { "type": "Point", "coordinates": [ -1.798538936240702, 7.565393903905424 ] } },
{ "type": "Feature", "properties": { "fid": 532.0, "CropType": "cass", "Photo1": "DCIM/JPEG_20201213165443603.jpg", "Photo2": "DCIM/JPEG_20201213165458989.jpg", "Photo3": "DCIM/JPEG_20201213165513475.jpg", "Photo4": "DCIM/JPEG_20201213165529765.jpg", "Irrigation": "FALSE", "District": "TECH", "Region": "BoEa", "Zone": "tran", "Date": "2020-12-13", "Technician": "KEAI", "layer": "Points", "path": "C:\\Users\\kobina\\Desktop\\Project_Ken\\Merger\\Merger\\Points.shx|layername=Points", "Points": null }, "geometry": { "type": "Point", "coordinates": [ -1.798538936240702, 7.565393903905424 ] } },
{ "type": "Feature", "properties": { "fid": 533.0, "CropType": "man", "Photo1": "DCIM/JPEG_20201213170110614.jpg", "Photo2": "DCIM/JPEG_20201213170131976.jpg", "Photo3": "DCIM/JPEG_20201213170149340.jpg", "Photo4": "DCIM/JPEG_20201213170202929.jpg", "Irrigation": "FALSE", "District": "TECH", "Region": "BoEa", "Zone": "tran", "Date": "2020-12-13", "Technician": "KEAI", "layer": "Points", "path": "C:\\Users\\kobina\\Desktop\\Project_Ken\\Merger\\Merger\\Points.shx|layername=Points", "Points": null }, "geometry": { "type": "Point", "coordinates": [ -1.798538936240702, 7.565393903905424 ] } },
{ "type": "Feature", "properties": { "fid": 534.0, "CropType": "cash", "Photo1": "DCIM/JPEG_20201213171709640.jpg", "Photo2": "DCIM/JPEG_20201213171732809.jpg", "Photo3": "DCIM/JPEG_20201213171758685.jpg", "Photo4": "DCIM/JPEG_20201213171812972.jpg", "Irrigation": "FALSE", "District": "TECH", "Region": "BoEa", "Zone": "tran", "Date": "2020-12-13", "Technician": "KEAI", "layer": "Points", "path": "C:\\Users\\kobina\\Desktop\\Project_Ken\\Merger\\Merger\\Points.shx|layername=Points", "Points": null }, "geometry": { "type": "Point", "coordinates": [ -1.8502956, 7.599487883333334 ] } },
{ "type": "Feature", "properties": { "fid": 551.0, "CropType": "cabb", "Photo1": "DCIM/JPEG_20201214095748828.jpg", "Photo2": "DCIM/JPEG_20201214095800711.jpg", "Photo3": "DCIM/JPEG_20201214095812686.jpg", "Photo4": "DCIM/JPEG_20201214095829156.jpg", "Irrigation": "TRUE", "District": "TECH", "Region": "BoEa", "Zone": "tran", "Date": "2020-12-14", "Technician": "KEAI", "layer": "Points", "path": "C:\\Users\\kobina\\Desktop\\Project_Ken\\Merger\\Merger\\Points.shx|layername=Points", "Points": null }, "geometry": { "type": "Point", "coordinates": [ -1.9616789, 7.65681915 ] } },
{ "type": "Feature", "properties": { "fid": 552.0, "CropType": "coco", "Photo1": "DCIM/JPEG_20201214104006928.jpg", "Photo2": "DCIM/JPEG_20201214104022727.jpg", "Photo3": "DCIM/JPEG_20201214104041827.jpg", "Photo4": "DCIM/JPEG_20201214104055320.jpg", "Irrigation": "FALSE", "District": "TECH", "Region": "BoEa", "Zone": "tran", "Date": "2020-12-14", "Technician": "KEAI", "layer": "Points", "path": "C:\\Users\\kobina\\Desktop\\Project_Ken\\Merger\\Merger\\Points.shx|layername=Points", "Points": null }, "geometry": { "type": "Point", "coordinates": [ -1.958458216666667, 7.669875516666665 ] } },
{ "type": "Feature", "properties": { "fid": 553.0, "CropType": "cass", "Photo1": "DCIM/JPEG_20201214104341823.jpg", "Photo2": "DCIM/JPEG_20201214104357926.jpg", "Photo3": "DCIM/JPEG_20201214104433039.jpg", "Photo4": "DCIM/JPEG_20201214104416698.jpg", "Irrigation": "FALSE", "District": "TECH", "Region": "BoEa", "Zone": "tran", "Date": "2020-12-14", "Technician": "KEAI", "layer": "Points", "path": "C:\\Users\\kobina\\Desktop\\Project_Ken\\Merger\\Merger\\Points.shx|layername=Points", "Points": null }, "geometry": { "type": "Point", "coordinates": [ -1.958683908418732, 7.670011738227792 ] } },
{ "type": "Feature", "properties": { "fid": 554.0, "CropType": "coco", "Photo1": "DCIM/JPEG_20201214104731953.jpg", "Photo2": "DCIM/JPEG_20201214104745335.jpg", "Photo3": "DCIM/JPEG_20201214104757440.jpg", "Photo4": "DCIM/JPEG_20201214104810403.jpg", "Irrigation": "FALSE", "District": "TECH", "Region": "BoEa", "Zone": "tran", "Date": "2020-12-14", "Technician": "KEAI", "layer": "Points", "path": "C:\\Users\\kobina\\Desktop\\Project_Ken\\Merger\\Merger\\Points.shx|layername=Points", "Points": null }, "geometry": { "type": "Point", "coordinates": [ -1.95787518583565, 7.669585784471217 ] } },
{ "type": "Feature", "properties": { "fid": 555.0, "CropType": "maiz", "Photo1": "DCIM/JPEG_20201214105311835.jpg", "Photo2": "DCIM/JPEG_20201214105328120.jpg", "Photo3": "DCIM/JPEG_20201214105345649.jpg", "Photo4": "DCIM/JPEG_20201214105415490.jpg", "Irrigation": "FALSE", "District": "TECH", "Region": "BoEa", "Zone": "tran", "Date": "2020-12-14", "Technician": "KEAI", "layer": "Points", "path": "C:\\Users\\kobina\\Desktop\\Project_Ken\\Merger\\Merger\\Points.shx|layername=Points", "Points": null }, "geometry": { "type": "Point", "coordinates": [ -1.955103616666667, 7.670444366666668 ] } },
{ "type": "Feature", "properties": { "fid": 556.0, "CropType": "plnt", "Photo1": "DCIM/JPEG_20201214110147379.jpg", "Photo2": "DCIM/JPEG_20201214110206232.jpg", "Photo3": "DCIM/JPEG_20201214110221858.jpg", "Photo4": "DCIM/JPEG_20201214110248682.jpg", "Irrigation": "FALSE", "District": "TECH", "Region": "BoEa", "Zone": "tran", "Date": "2020-12-14", "Technician": "KEAI", "layer": "Points", "path": "C:\\Users\\kobina\\Desktop\\Project_Ken\\Merger\\Merger\\Points.shx|layername=Points", "Points": null }, "geometry": { "type": "Point", "coordinates": [ -1.955729783333333, 7.668528433333335 ] } },
{ "type": "Feature", "properties": { "fid": 557.0, "CropType": "plnt", "Photo1": "DCIM/JPEG_20201214113020887.jpg", "Photo2": "DCIM/JPEG_20201214113043156.jpg", "Photo3": "DCIM/JPEG_20201214113103027.jpg", "Photo4": "DCIM/JPEG_20201214113128016.jpg", "Irrigation": "FALSE", "District": "TECH", "Region": "BoEa", "Zone": "tran", "Date": "2020-12-14", "Technician": "KEAI", "layer": "Points", "path": "C:\\Users\\kobina\\Desktop\\Project_Ken\\Merger\\Merger\\Points.shx|layername=Points", "Points": null }, "geometry": { "type": "Point", "coordinates": [ -1.997531534549433, 7.558289856129851 ] } },
{ "type": "Feature", "properties": { "fid": 558.0, "CropType": "cass", "Photo1": "DCIM/JPEG_20201214113355081.jpg", "Photo2": "DCIM/JPEG_20201214113417027.jpg", "Photo3": "DCIM/JPEG_20201214113439654.jpg", "Photo4": "DCIM/JPEG_20201214113455843.jpg", "Irrigation": "FALSE", "District": "TECH", "Region": "BoEa", "Zone": "tran", "Date": "2020-12-14", "Technician": "KEAI", "layer": "Points", "path": "C:\\Users\\kobina\\Desktop\\Project_Ken\\Merger\\Merger\\Points.shx|layername=Points", "Points": null }, "geometry": { "type": "Point", "coordinates": [ -2.002033375286334, 7.578509314401347 ] } },
{ "type": "Feature", "properties": { "fid": 543.0, "CropType": "cass", "Photo1": "DCIM/JPEG_20201214120654268.jpg", "Photo2": "DCIM/JPEG_20201214120721975.jpg", "Photo3": "DCIM/JPEG_20201214120736256.jpg", "Photo4": "DCIM/JPEG_20201214120749872.jpg", "Irrigation": "FALSE", "District": "TECH", "Region": "BoEa", "Zone": "tran", "Date": "2020-12-14", "Technician": "KEAI", "layer": "Points", "path": "C:\\Users\\kobina\\Desktop\\Project_Ken\\Merger\\Merger\\Points.shx|layername=Points", "Points": null }, "geometry": { "type": "Point", "coordinates": [ -1.969120833333333, 7.674639183333334 ] } },
{ "type": "Feature", "properties": { "fid": 544.0, "CropType": "coco", "Photo1": "DCIM/JPEG_20201214121544358.jpg", "Photo2": "DCIM/JPEG_20201214121558689.jpg", "Photo3": "DCIM/JPEG_20201214121611229.jpg", "Photo4": "DCIM/JPEG_20201214121624553.jpg", "Irrigation": "FALSE", "District": "TECH", "Region": "BoEa", "Zone": "tran", "Date": "2020-12-14", "Technician": "KEAI", "layer": "Points", "path": "C:\\Users\\kobina\\Desktop\\Project_Ken\\Merger\\Merger\\Points.shx|layername=Points", "Points": null }, "geometry": { "type": "Point", "coordinates": [ -1.967642233333333, 7.674897216666666 ] } },
{ "type": "Feature", "properties": { "fid": 545.0, "CropType": "cass", "Photo1": "DCIM/JPEG_20201214121950183.jpg", "Photo2": "DCIM/JPEG_20201214122008295.jpg", "Photo3": "DCIM/JPEG_20201214122020030.jpg", "Photo4": "DCIM/JPEG_20201214122057048.jpg", "Irrigation": "FALSE", "District": "TECH", "Region": "BoEa", "Zone": "tran", "Date": "2020-12-14", "Technician": "KEAI", "layer": "Points", "path": "C:\\Users\\kobina\\Desktop\\Project_Ken\\Merger\\Merger\\Points.shx|layername=Points", "Points": null }, "geometry": { "type": "Point", "coordinates": [ -1.967750016666667, 7.675414683333334 ] } },
{ "type": "Feature", "properties": { "fid": 546.0, "CropType": "coco", "Photo1": "DCIM/JPEG_20201214122300778.jpg", "Photo2": "DCIM/JPEG_20201214122314533.jpg", "Photo3": "DCIM/JPEG_20201214122332853.jpg", "Photo4": "DCIM/JPEG_20201214122353571.jpg", "Irrigation": "FALSE", "District": "TECH", "Region": "BoEa", "Zone": "tran", "Date": "2020-12-14", "Technician": "KEAI", "layer": "Points", "path": "C:\\Users\\kobina\\Desktop\\Project_Ken\\Merger\\Merger\\Points.shx|layername=Points", "Points": null }, "geometry": { "type": "Point", "coordinates": [ -1.968046583333333, 7.675573683333333 ] } },
{ "type": "Feature", "properties": { "fid": 547.0, "CropType": "cass", "Photo1": "DCIM/JPEG_20201214122705938.jpg", "Photo2": "DCIM/JPEG_20201214122724696.jpg", "Photo3": "DCIM/JPEG_20201214122740393.jpg", "Photo4": "DCIM/JPEG_20201214122802239.jpg", "Irrigation": "FALSE", "District": "TECH", "Region": "BoEa", "Zone": "tran", "Date": "2020-12-14", "Technician": "KEAI", "layer": "Points", "path": "C:\\Users\\kobina\\Desktop\\Project_Ken\\Merger\\Merger\\Points.shx|layername=Points", "Points": null }, "geometry": { "type": "Point", "coordinates": [ -1.968029916666667, 7.6762789 ] } },
{ "type": "Feature", "properties": { "fid": 548.0, "CropType": "cash", "Photo1": "DCIM/JPEG_20201214133636816.jpg", "Photo2": "DCIM/JPEG_20201214133700435.jpg", "Photo3": "DCIM/JPEG_20201214133713628.jpg", "Photo4": "DCIM/JPEG_20201214133741567.jpg", "Irrigation": "FALSE", "District": "TECH", "Region": "BoEa", "Zone": "tran", "Date": "2020-12-14", "Technician": "KEAI", "layer": "Points", "path": "C:\\Users\\kobina\\Desktop\\Project_Ken\\Merger\\Merger\\Points.shx|layername=Points", "Points": null }, "geometry": { "type": "Point", "coordinates": [ -1.877775068111432, 7.609995062243052 ] } },
{ "type": "Feature", "properties": { "fid": 549.0, "CropType": "cash", "Photo1": "DCIM/JPEG_20201214134215976.jpg", "Photo2": "DCIM/JPEG_20201214134315831.jpg", "Photo3": "DCIM/JPEG_20201214134338659.jpg", "Photo4": "DCIM/JPEG_20201214134406216.jpg", "Irrigation": "FALSE", "District": "TECH", "Region": "BoEa", "Zone": "tran", "Date": "2020-12-14", "Technician": "KEAI", "layer": "Points", "path": "C:\\Users\\kobina\\Desktop\\Project_Ken\\Merger\\Merger\\Points.shx|layername=Points", "Points": null }, "geometry": { "type": "Point", "coordinates": [ -1.916230933333333, 7.65969435 ] } },
{ "type": "Feature", "properties": { "fid": 550.0, "CropType": "cass", "Photo1": "DCIM/JPEG_20201214135154886.jpg", "Photo2": "DCIM/JPEG_20201214135213604.jpg", "Photo3": "DCIM/JPEG_20201214135239693.jpg", "Photo4": "DCIM/JPEG_20201214135317516.jpg", "Irrigation": "FALSE", "District": "TECH", "Region": "BoEa", "Zone": "tran", "Date": "2020-12-14", "Technician": "KEAI", "layer": "Points", "path": "C:\\Users\\kobina\\Desktop\\Project_Ken\\Merger\\Merger\\Points.shx|layername=Points", "Points": null }, "geometry": { "type": "Point", "coordinates": [ -1.919811182591798, 7.659266305742066 ] } },
{ "type": "Feature", "properties": { "fid": 439.0, "CropType": "cass", "Photo1": "DCIM/JPEG_20201214135727855.jpg", "Photo2": "DCIM/JPEG_20201214135741465.jpg", "Photo3": "DCIM/JPEG_20201214135804659.jpg", "Photo4": "DCIM/JPEG_20201214135832473.jpg", "Irrigation": "FALSE", "District": "TECH", "Region": "BoEa", "Zone": "tran", "Date": "2020-12-14", "Technician": "KEAI", "layer": "Points", "path": "C:\\Users\\kobina\\Desktop\\Project_Ken\\Merger\\Merger\\Points.shx|layername=Points", "Points": null }, "geometry": { "type": "Point", "coordinates": [ -1.923064270775961, 7.733447027813766 ] } },
{ "type": "Feature", "properties": { "fid": 440.0, "CropType": "cass", "Photo1": "DCIM/JPEG_20201214140230659.jpg", "Photo2": "DCIM/JPEG_20201214140247373.jpg", "Photo3": "DCIM/JPEG_20201214140303972.jpg", "Photo4": "DCIM/JPEG_20201214140316463.jpg", "Irrigation": "FALSE", "District": "TECH", "Region": "BoEa", "Zone": "tran", "Date": "2020-12-14", "Technician": "KEAI", "layer": "Points", "path": "C:\\Users\\kobina\\Desktop\\Project_Ken\\Merger\\Merger\\Points.shx|layername=Points", "Points": null }, "geometry": { "type": "Point", "coordinates": [ -1.93964325, 7.6804696 ] } },
{ "type": "Feature", "properties": { "fid": 441.0, "CropType": "cass", "Photo1": "DCIM/JPEG_20201214140648046.jpg", "Photo2": "DCIM/JPEG_20201214140703133.jpg", "Photo3": "DCIM/JPEG_20201214140720813.jpg", "Photo4": "DCIM/JPEG_20201214140743540.jpg", "Irrigation": "FALSE", "District": "TECH", "Region": "BoEa", "Zone": "tran", "Date": "2020-12-14", "Technician": "KEAI", "layer": "Points", "path": "C:\\Users\\kobina\\Desktop\\Project_Ken\\Merger\\Merger\\Points.shx|layername=Points", "Points": null }, "geometry": { "type": "Point", "coordinates": [ -1.940687316666667, 7.681937133333334 ] } },
{ "type": "Feature", "properties": { "fid": 441.0, "CropType": "cowp", "Photo1": "DCIM/JPEG_20201214153255094.jpg", "Photo2": "DCIM/JPEG_20201214153313362.jpg", "Photo3": "DCIM/JPEG_20201214153327184.jpg", "Photo4": "DCIM/JPEG_20201214153340126.jpg", "Irrigation": "FALSE", "District": "TECH", "Region": "BoEa", "Zone": "tran", "Date": "2020-12-14", "Technician": "KEAI", "layer": "Points", "path": "C:\\Users\\kobina\\Desktop\\Project_Ken\\Merger\\Merger\\Points.shx|layername=Points", "Points": null }, "geometry": { "type": "Point", "coordinates": [ -1.968256170113457, 7.812046342437461 ] } },
{ "type": "Feature", "properties": { "fid": 443.0, "CropType": "gaeg", "Photo1": "DCIM/JPEG_20201214153738052.jpg", "Photo2": "DCIM/JPEG_20201214153753692.jpg", "Photo3": "DCIM/JPEG_20201214153805911.jpg", "Photo4": "DCIM/JPEG_20201214153816588.jpg", "Irrigation": "TRUE", "District": "TECH", "Region": "BoEa", "Zone": "tran", "Date": "2020-12-14", "Technician": "KEAI", "layer": "Points", "path": "C:\\Users\\kobina\\Desktop\\Project_Ken\\Merger\\Merger\\Points.shx|layername=Points", "Points": null }, "geometry": { "type": "Point", "coordinates": [ -1.970285183333333, 7.814245583333334 ] } },
{ "type": "Feature", "properties": { "fid": 444.0, "CropType": "cabb", "Photo1": "DCIM/JPEG_20201214154059083.jpg", "Photo2": "DCIM/JPEG_20201214154118088.jpg", "Photo3": "DCIM/JPEG_20201214154134198.jpg", "Photo4": "DCIM/JPEG_20201214154148636.jpg", "Irrigation": "TRUE", "District": "TECH", "Region": "BoEa", "Zone": "tran", "Date": "2020-12-14", "Technician": "KEAI", "layer": "Points", "path": "C:\\Users\\kobina\\Desktop\\Project_Ken\\Merger\\Merger\\Points.shx|layername=Points", "Points": null }, "geometry": { "type": "Point", "coordinates": [ -1.970285183333333, 7.814245583333334 ] } },
{ "type": "Feature", "properties": { "fid": 445.0, "CropType": "cowp", "Photo1": "DCIM/JPEG_20201214155046857.jpg", "Photo2": "DCIM/JPEG_20201214155103218.jpg", "Photo3": "DCIM/JPEG_20201214155122694.jpg", "Photo4": "DCIM/JPEG_20201214155134512.jpg", "Irrigation": "FALSE", "District": "TECH", "Region": "BoEa", "Zone": "tran", "Date": "2020-12-14", "Technician": "KEAI", "layer": "Points", "path": "C:\\Users\\kobina\\Desktop\\Project_Ken\\Merger\\Merger\\Points.shx|layername=Points", "Points": null }, "geometry": { "type": "Point", "coordinates": [ -1.973293125424987, 7.807205620858948 ] } },
{ "type": "Feature", "properties": { "fid": 446.0, "CropType": "gaeg", "Photo1": "DCIM/JPEG_20201214155339976.jpg", "Photo2": "DCIM/JPEG_20201214155351608.jpg", "Photo3": "DCIM/JPEG_20201214155404298.jpg", "Photo4": "DCIM/JPEG_20201214155415982.jpg", "Irrigation": "TRUE", "District": "TECH", "Region": "BoEa", "Zone": "tran", "Date": "2020-12-14", "Technician": "KEAI", "layer": "Points", "path": "C:\\Users\\kobina\\Desktop\\Project_Ken\\Merger\\Merger\\Points.shx|layername=Points", "Points": null }, "geometry": { "type": "Point", "coordinates": [ -1.973293125424987, 7.807205620858948 ] } },
{ "type": "Feature", "properties": { "fid": 431.0, "CropType": "cass", "Photo1": "DCIM/JPEG_20201214163034128.jpg", "Photo2": "DCIM/JPEG_20201214163047666.jpg", "Photo3": "DCIM/JPEG_20201214163058447.jpg", "Photo4": "DCIM/JPEG_20201214163111004.jpg", "Irrigation": "FALSE", "District": "TECH", "Region": "BoEa", "Zone": "tran", "Date": "2020-12-14", "Technician": "KEAI", "layer": "Points", "path": "C:\\Users\\kobina\\Desktop\\Project_Ken\\Merger\\Merger\\Points.shx|layername=Points", "Points": null }, "geometry": { "type": "Point", "coordinates": [ -1.947679583333333, 7.705214883333332 ] } },
{ "type": "Feature", "properties": { "fid": 432.0, "CropType": "man", "Photo1": "DCIM/JPEG_20201214170643082.jpg", "Photo2": "DCIM/JPEG_20201214170702420.jpg", "Photo3": "DCIM/JPEG_20201214170714537.jpg", "Photo4": "DCIM/JPEG_20201214170739381.jpg", "Irrigation": "FALSE", "District": "TECH", "Region": "BoEa", "Zone": "tran", "Date": "2020-12-14", "Technician": "KEAI", "layer": "Points", "path": "C:\\Users\\kobina\\Desktop\\Project_Ken\\Merger\\Merger\\Points.shx|layername=Points", "Points": null }, "geometry": { "type": "Point", "coordinates": [ -1.855933328565999, 7.61719926586772 ] } },
{ "type": "Feature", "properties": { "fid": 433.0, "CropType": "cash", "Photo1": "DCIM/JPEG_20201215090951886.jpg", "Photo2": "DCIM/JPEG_20201215091016289.jpg", "Photo3": "DCIM/JPEG_20201215091036276.jpg", "Photo4": "DCIM/JPEG_20201215091054690.jpg", "Irrigation": "FALSE", "District": "TECH", "Region": "BoEa", "Zone": "tran", "Date": "2020-12-15", "Technician": "KEAI", "layer": "Points", "path": "C:\\Users\\kobina\\Desktop\\Project_Ken\\Merger\\Merger\\Points.shx|layername=Points", "Points": null }, "geometry": { "type": "Point", "coordinates": [ -1.920049583866794, 7.529655014804104 ] } },
{ "type": "Feature", "properties": { "fid": 434.0, "CropType": "man", "Photo1": "DCIM/JPEG_20201215091804357.jpg", "Photo2": "DCIM/JPEG_20201215091821166.jpg", "Photo3": "DCIM/JPEG_20201215091835233.jpg", "Photo4": "DCIM/JPEG_20201215091849665.jpg", "Irrigation": "FALSE", "District": "TECH", "Region": "BoEa", "Zone": "tran", "Date": "2020-12-15", "Technician": "KEAI", "layer": "Points", "path": "C:\\Users\\kobina\\Desktop\\Project_Ken\\Merger\\Merger\\Points.shx|layername=Points", "Points": null }, "geometry": { "type": "Point", "coordinates": [ -1.911378366666667, 7.543788433333332 ] } },
{ "type": "Feature", "properties": { "fid": 435.0, "CropType": "cash", "Photo1": "DCIM/JPEG_20201215092546388.jpg", "Photo2": "DCIM/JPEG_20201215092600290.jpg", "Photo3": "DCIM/JPEG_20201215092616346.jpg", "Photo4": "DCIM/JPEG_20201215092639772.jpg", "Irrigation": "FALSE", "District": "TECH", "Region": "BoEa", "Zone": "tran", "Date": "2020-12-15", "Technician": "KEAI", "layer": "Points", "path": "C:\\Users\\kobina\\Desktop\\Project_Ken\\Merger\\Merger\\Points.shx|layername=Points", "Points": null }, "geometry": { "type": "Point", "coordinates": [ -1.911580216666667, 7.54375605 ] } },
{ "type": "Feature", "properties": { "fid": 436.0, "CropType": "cash", "Photo1": "DCIM/JPEG_20201215093228166.jpg", "Photo2": "DCIM/JPEG_20201215093247066.jpg", "Photo3": "DCIM/JPEG_20201215093258681.jpg", "Photo4": "DCIM/JPEG_20201215093310100.jpg", "Irrigation": "FALSE", "District": "TECH", "Region": "BoEa", "Zone": "tran", "Date": "2020-12-15", "Technician": "KEAI", "layer": "Points", "path": "C:\\Users\\kobina\\Desktop\\Project_Ken\\Merger\\Merger\\Points.shx|layername=Points", "Points": null }, "geometry": { "type": "Point", "coordinates": [ -1.904993475108411, 7.530373832981003 ] } },
{ "type": "Feature", "properties": { "fid": 437.0, "CropType": "man", "Photo1": "DCIM/JPEG_20201215093637475.jpg", "Photo2": "DCIM/JPEG_20201215093655813.jpg", "Photo3": "DCIM/JPEG_20201215093705752.jpg", "Photo4": "DCIM/JPEG_20201215093718625.jpg", "Irrigation": "FALSE", "District": "TECH", "Region": "BoEa", "Zone": "tran", "Date": "2020-12-15", "Technician": "KEAI", "layer": "Points", "path": "C:\\Users\\kobina\\Desktop\\Project_Ken\\Merger\\Merger\\Points.shx|layername=Points", "Points": null }, "geometry": { "type": "Point", "coordinates": [ -1.905578256505829, 7.528458864978073 ] } },
{ "type": "Feature", "properties": { "fid": 438.0, "CropType": "maiz", "Photo1": "DCIM/JPEG_20201215094528170.jpg", "Photo2": "DCIM/JPEG_20201215094552766.jpg", "Photo3": "DCIM/JPEG_20201215094617917.jpg", "Photo4": "DCIM/JPEG_20201215094635415.jpg", "Irrigation": "FALSE", "District": "TECH", "Region": "BoEa", "Zone": "tran", "Date": "2020-12-15", "Technician": "KEAI", "layer": "Points", "path": "C:\\Users\\kobina\\Desktop\\Project_Ken\\Merger\\Merger\\Points.shx|layername=Points", "Points": null }, "geometry": { "type": "Point", "coordinates": [ -1.9080412, 7.533661666666664 ] } },
{ "type": "Feature", "properties": { "fid": 455.0, "CropType": "maiz", "Photo1": "DCIM/JPEG_20201215095058883.jpg", "Photo2": "DCIM/JPEG_20201215095114939.jpg", "Photo3": "DCIM/JPEG_20201215095131103.jpg", "Photo4": "DCIM/JPEG_20201215095147140.jpg", "Irrigation": "FALSE", "District": "TECH", "Region": "BoEa", "Zone": "tran", "Date": "2020-12-15", "Technician": "KEAI", "layer": "Points", "path": "C:\\Users\\kobina\\Desktop\\Project_Ken\\Merger\\Merger\\Points.shx|layername=Points", "Points": null }, "geometry": { "type": "Point", "coordinates": [ -1.941503732792024, 7.484382850567316 ] } },
{ "type": "Feature", "properties": { "fid": 456.0, "CropType": "maiz", "Photo1": "DCIM/JPEG_20201215100132484.jpg", "Photo2": "DCIM/JPEG_20201215100145623.jpg", "Photo3": "DCIM/JPEG_20201215100156336.jpg", "Photo4": "DCIM/JPEG_20201215100207600.jpg", "Irrigation": "FALSE", "District": "TECH", "Region": "BoEa", "Zone": "tran", "Date": "2020-12-15", "Technician": "KEAI", "layer": "Points", "path": "C:\\Users\\kobina\\Desktop\\Project_Ken\\Merger\\Merger\\Points.shx|layername=Points", "Points": null }, "geometry": { "type": "Point", "coordinates": [ -1.893178766666666, 7.516456633333333 ] } },
{ "type": "Feature", "properties": { "fid": 457.0, "CropType": "maiz", "Photo1": "DCIM/JPEG_20201215100448992.jpg", "Photo2": "DCIM/JPEG_20201215100500534.jpg", "Photo3": "DCIM/JPEG_20201215100513588.jpg", "Photo4": "DCIM/JPEG_20201215100530985.jpg", "Irrigation": "FALSE", "District": "TECH", "Region": "BoEa", "Zone": "tran", "Date": "2020-12-15", "Technician": "KEAI", "layer": "Points", "path": "C:\\Users\\kobina\\Desktop\\Project_Ken\\Merger\\Merger\\Points.shx|layername=Points", "Points": null }, "geometry": { "type": "Point", "coordinates": [ -1.893178766666666, 7.516456633333333 ] } },
{ "type": "Feature", "properties": { "fid": 458.0, "CropType": "yams", "Photo1": "DCIM/JPEG_20201215100945719.jpg", "Photo2": "DCIM/JPEG_20201215100958005.jpg", "Photo3": "DCIM/JPEG_20201215101021742.jpg", "Photo4": "DCIM/JPEG_20201215101033026.jpg", "Irrigation": "FALSE", "District": "TECH", "Region": "BoEa", "Zone": "tran", "Date": "2020-12-15", "Technician": "KEAI", "layer": "Points", "path": "C:\\Users\\kobina\\Desktop\\Project_Ken\\Merger\\Merger\\Points.shx|layername=Points", "Points": null }, "geometry": { "type": "Point", "coordinates": [ -1.8928996, 7.515968933333332 ] } },
{ "type": "Feature", "properties": { "fid": 459.0, "CropType": "yams", "Photo1": "DCIM/JPEG_20201215101504828.jpg", "Photo2": "DCIM/JPEG_20201215101520743.jpg", "Photo3": "DCIM/JPEG_20201215101530931.jpg", "Photo4": "DCIM/JPEG_20201215101542338.jpg", "Irrigation": "FALSE", "District": "TECH", "Region": "BoEa", "Zone": "tran", "Date": "2020-12-15", "Technician": "KEAI", "layer": "Points", "path": "C:\\Users\\kobina\\Desktop\\Project_Ken\\Merger\\Merger\\Points.shx|layername=Points", "Points": null }, "geometry": { "type": "Point", "coordinates": [ -1.887023027917302, 7.471406256507893 ] } },
{ "type": "Feature", "properties": { "fid": 460.0, "CropType": "cash", "Photo1": "DCIM/JPEG_20201215101944157.jpg", "Photo2": "DCIM/JPEG_20201215102009025.jpg", "Photo3": "DCIM/JPEG_20201215102022659.jpg", "Photo4": "DCIM/JPEG_20201215102037334.jpg", "Irrigation": "FALSE", "District": "TECH", "Region": "BoEa", "Zone": "tran", "Date": "2020-12-15", "Technician": "KEAI", "layer": "Points", "path": "C:\\Users\\kobina\\Desktop\\Project_Ken\\Merger\\Merger\\Points.shx|layername=Points", "Points": null }, "geometry": { "type": "Point", "coordinates": [ -1.888010056542183, 7.508036260902975 ] } },
{ "type": "Feature", "properties": { "fid": 461.0, "CropType": "maiz", "Photo1": "DCIM/JPEG_20201215102536023.jpg", "Photo2": "DCIM/JPEG_20201215102550673.jpg", "Photo3": "DCIM/JPEG_20201215102559916.jpg", "Photo4": "DCIM/JPEG_20201215102611766.jpg", "Irrigation": "FALSE", "District": "TECH", "Region": "BoEa", "Zone": "tran", "Date": "2020-12-15", "Technician": "KEAI", "layer": "Points", "path": "C:\\Users\\kobina\\Desktop\\Project_Ken\\Merger\\Merger\\Points.shx|layername=Points", "Points": null }, "geometry": { "type": "Point", "coordinates": [ -1.910608688957984, 7.415695169746525 ] } },
{ "type": "Feature", "properties": { "fid": 462.0, "CropType": "cass", "Photo1": "DCIM/JPEG_20201215102930925.jpg", "Photo2": "DCIM/JPEG_20201215102947852.jpg", "Photo3": "DCIM/JPEG_20201215103007460.jpg", "Photo4": "DCIM/JPEG_20201215103019626.jpg", "Irrigation": "FALSE", "District": "TECH", "Region": "BoEa", "Zone": "tran", "Date": "2020-12-15", "Technician": "KEAI", "layer": "Points", "path": "C:\\Users\\kobina\\Desktop\\Project_Ken\\Merger\\Merger\\Points.shx|layername=Points", "Points": null }, "geometry": { "type": "Point", "coordinates": [ -1.88020418417212, 7.472370002863679 ] } },
{ "type": "Feature", "properties": { "fid": 447.0, "CropType": "maiz", "Photo1": "DCIM/JPEG_20201215103615287.jpg", "Photo2": "DCIM/JPEG_20201215103628610.jpg", "Photo3": "DCIM/JPEG_20201215103643971.jpg", "Photo4": "DCIM/JPEG_20201215103657940.jpg", "Irrigation": "FALSE", "District": "TECH", "Region": "BoEa", "Zone": "tran", "Date": "2020-12-15", "Technician": "KEAI", "layer": "Points", "path": "C:\\Users\\kobina\\Desktop\\Project_Ken\\Merger\\Merger\\Points.shx|layername=Points", "Points": null }, "geometry": { "type": "Point", "coordinates": [ -1.887666983333333, 7.50486475 ] } },
{ "type": "Feature", "properties": { "fid": 448.0, "CropType": "cash", "Photo1": "DCIM/JPEG_20201215104123541.jpg", "Photo2": "DCIM/JPEG_20201215104135573.jpg", "Photo3": "DCIM/JPEG_20201215104146772.jpg", "Photo4": "DCIM/JPEG_20201215104201903.jpg", "Irrigation": "FALSE", "District": "TECH", "Region": "BoEa", "Zone": "tran", "Date": "2020-12-15", "Technician": "KEAI", "layer": "Points", "path": "C:\\Users\\kobina\\Desktop\\Project_Ken\\Merger\\Merger\\Points.shx|layername=Points", "Points": null }, "geometry": { "type": "Point", "coordinates": [ -1.88740225, 7.504385283333335 ] } },
{ "type": "Feature", "properties": { "fid": 449.0, "CropType": "maiz", "Photo1": "DCIM/JPEG_20201215104457914.jpg", "Photo2": "DCIM/JPEG_20201215104510736.jpg", "Photo3": "DCIM/JPEG_20201215104520284.jpg", "Photo4": "DCIM/JPEG_20201215104548351.jpg", "Irrigation": "FALSE", "District": "TECH", "Region": "BoEa", "Zone": "tran", "Date": "2020-12-15", "Technician": "KEAI", "layer": "Points", "path": "C:\\Users\\kobina\\Desktop\\Project_Ken\\Merger\\Merger\\Points.shx|layername=Points", "Points": null }, "geometry": { "type": "Point", "coordinates": [ -1.88740225, 7.504385283333335 ] } },
{ "type": "Feature", "properties": { "fid": 450.0, "CropType": "coco", "Photo1": "DCIM/JPEG_20201215111057280.jpg", "Photo2": "DCIM/JPEG_20201215111112919.jpg", "Photo3": "DCIM/JPEG_20201215111123674.jpg", "Photo4": "DCIM/JPEG_20201215111140892.jpg", "Irrigation": "FALSE", "District": "TECH", "Region": "BoEa", "Zone": "tran", "Date": "2020-12-15", "Technician": "KEAI", "layer": "Points", "path": "C:\\Users\\kobina\\Desktop\\Project_Ken\\Merger\\Merger\\Points.shx|layername=Points", "Points": null }, "geometry": { "type": "Point", "coordinates": [ -1.886855166717703, 7.490495726033257 ] } },
{ "type": "Feature", "properties": { "fid": 451.0, "CropType": "man", "Photo1": "DCIM/JPEG_20201215111541731.jpg", "Photo2": "DCIM/JPEG_20201215111553327.jpg", "Photo3": "DCIM/JPEG_20201215111605167.jpg", "Photo4": "DCIM/JPEG_20201215111624036.jpg", "Irrigation": "FALSE", "District": "TECH", "Region": "BoEa", "Zone": "tran", "Date": "2020-12-15", "Technician": "KEAI", "layer": "Points", "path": "C:\\Users\\kobina\\Desktop\\Project_Ken\\Merger\\Merger\\Points.shx|layername=Points", "Points": null }, "geometry": { "type": "Point", "coordinates": [ -1.886855166717703, 7.490495726033257 ] } },
{ "type": "Feature", "properties": { "fid": 452.0, "CropType": "plnt", "Photo1": "DCIM/JPEG_20201215112017094.jpg", "Photo2": "DCIM/JPEG_20201215112030450.jpg", "Photo3": "DCIM/JPEG_20201215112043842.jpg", "Photo4": "DCIM/JPEG_20201215112057983.jpg", "Irrigation": "FALSE", "District": "TECH", "Region": "BoEa", "Zone": "tran", "Date": "2020-12-15", "Technician": "KEAI", "layer": "Points", "path": "C:\\Users\\kobina\\Desktop\\Project_Ken\\Merger\\Merger\\Points.shx|layername=Points", "Points": null }, "geometry": { "type": "Point", "coordinates": [ -1.89890975, 7.490799 ] } },
{ "type": "Feature", "properties": { "fid": 453.0, "CropType": "cass", "Photo1": "DCIM/JPEG_20201215113114973.jpg", "Photo2": "DCIM/JPEG_20201215113131569.jpg", "Photo3": "DCIM/JPEG_20201215113145932.jpg", "Photo4": "DCIM/JPEG_20201215113155493.jpg", "Irrigation": "FALSE", "District": "TECH", "Region": "BoEa", "Zone": "tran", "Date": "2020-12-15", "Technician": "KEAI", "layer": "Points", "path": "C:\\Users\\kobina\\Desktop\\Project_Ken\\Merger\\Merger\\Points.shx|layername=Points", "Points": null }, "geometry": { "type": "Point", "coordinates": [ -1.886552069683272, 7.448966466108964 ] } },
{ "type": "Feature", "properties": { "fid": 454.0, "CropType": "cash", "Photo1": "DCIM/JPEG_20201215113636987.jpg", "Photo2": "DCIM/JPEG_20201215113650158.jpg", "Photo3": "DCIM/JPEG_20201215113703610.jpg", "Photo4": "DCIM/JPEG_20201215113719240.jpg", "Irrigation": "FALSE", "District": "TECH", "Region": "BoEa", "Zone": "tran", "Date": "2020-12-15", "Technician": "KEAI", "layer": "Points", "path": "C:\\Users\\kobina\\Desktop\\Project_Ken\\Merger\\Merger\\Points.shx|layername=Points", "Points": null }, "geometry": { "type": "Point", "coordinates": [ -1.886552069683272, 7.448966466108964 ] } },
{ "type": "Feature", "properties": { "fid": 471.0, "CropType": "yams", "Photo1": "DCIM/JPEG_20201215113932240.jpg", "Photo2": "DCIM/JPEG_20201215113943411.jpg", "Photo3": "DCIM/JPEG_20201215113957465.jpg", "Photo4": "DCIM/JPEG_20201215114011629.jpg", "Irrigation": "FALSE", "District": "TECH", "Region": "BoEa", "Zone": "tran", "Date": "2020-12-15", "Technician": "KEAI", "layer": "Points", "path": "C:\\Users\\kobina\\Desktop\\Project_Ken\\Merger\\Merger\\Points.shx|layername=Points", "Points": null }, "geometry": { "type": "Point", "coordinates": [ -1.885886081859939, 7.447988808488507 ] } },
{ "type": "Feature", "properties": { "fid": 472.0, "CropType": "plnt", "Photo1": "DCIM/JPEG_20201215114754806.jpg", "Photo2": "DCIM/JPEG_20201215114813139.jpg", "Photo3": "DCIM/JPEG_20201215114824977.jpg", "Photo4": "DCIM/JPEG_20201215114840600.jpg", "Irrigation": "FALSE", "District": "TECH", "Region": "BoEa", "Zone": "tran", "Date": "2020-12-15", "Technician": "KEAI", "layer": "Points", "path": "C:\\Users\\kobina\\Desktop\\Project_Ken\\Merger\\Merger\\Points.shx|layername=Points", "Points": null }, "geometry": { "type": "Point", "coordinates": [ -1.885886081859939, 7.447988808488507 ] } },
{ "type": "Feature", "properties": { "fid": 473.0, "CropType": "maiz", "Photo1": "DCIM/JPEG_20201215120603587.jpg", "Photo2": "DCIM/JPEG_20201215120621028.jpg", "Photo3": "DCIM/JPEG_20201215120633575.jpg", "Photo4": "DCIM/JPEG_20201215120645872.jpg", "Irrigation": "FALSE", "District": "TECH", "Region": "BoEa", "Zone": "tran", "Date": "2020-12-15", "Technician": "KEAI", "layer": "Points", "path": "C:\\Users\\kobina\\Desktop\\Project_Ken\\Merger\\Merger\\Points.shx|layername=Points", "Points": null }, "geometry": { "type": "Point", "coordinates": [ -1.912360059297912, 7.510139864773723 ] } },
{ "type": "Feature", "properties": { "fid": 474.0, "CropType": "maiz", "Photo1": "DCIM/JPEG_20201215121734655.jpg", "Photo2": "DCIM/JPEG_20201215121747326.jpg", "Photo3": "DCIM/JPEG_20201215121800817.jpg", "Photo4": "DCIM/JPEG_20201215121814729.jpg", "Irrigation": "FALSE", "District": "TECH", "Region": "BoEa", "Zone": "tran", "Date": "2020-12-15", "Technician": "KEAI", "layer": "Points", "path": "C:\\Users\\kobina\\Desktop\\Project_Ken\\Merger\\Merger\\Points.shx|layername=Points", "Points": null }, "geometry": { "type": "Point", "coordinates": [ -1.912360059297912, 7.510139864773723 ] } },
{ "type": "Feature", "properties": { "fid": 475.0, "CropType": "cass", "Photo1": "DCIM/JPEG_20201215122241984.jpg", "Photo2": "DCIM/JPEG_20201215122257819.jpg", "Photo3": "DCIM/JPEG_20201215122311473.jpg", "Photo4": "DCIM/JPEG_20201215122325265.jpg", "Irrigation": "FALSE", "District": "TECH", "Region": "BoEa", "Zone": "tran", "Date": "2020-12-15", "Technician": "KEAI", "layer": "Points", "path": "C:\\Users\\kobina\\Desktop\\Project_Ken\\Merger\\Merger\\Points.shx|layername=Points", "Points": null }, "geometry": { "type": "Point", "coordinates": [ -1.909883830069179, 7.503741790783176 ] } },
{ "type": "Feature", "properties": { "fid": 476.0, "CropType": "maiz", "Photo1": "DCIM/JPEG_20201215122542069.jpg", "Photo2": "DCIM/JPEG_20201215122554919.jpg", "Photo3": "DCIM/JPEG_20201215122613294.jpg", "Photo4": "DCIM/JPEG_20201215122626027.jpg", "Irrigation": "FALSE", "District": "TECH", "Region": "BoEa", "Zone": "tran", "Date": "2020-12-15", "Technician": "KEAI", "layer": "Points", "path": "C:\\Users\\kobina\\Desktop\\Project_Ken\\Merger\\Merger\\Points.shx|layername=Points", "Points": null }, "geometry": { "type": "Point", "coordinates": [ -1.909883830069179, 7.503741790783176 ] } },
{ "type": "Feature", "properties": { "fid": 477.0, "CropType": "cash", "Photo1": "DCIM/JPEG_20201215123124278.jpg", "Photo2": "DCIM/JPEG_20201215123139017.jpg", "Photo3": "DCIM/JPEG_20201215123149989.jpg", "Photo4": "DCIM/JPEG_20201215123202950.jpg", "Irrigation": "FALSE", "District": "TECH", "Region": "BoEa", "Zone": "tran", "Date": "2020-12-15", "Technician": "KEAI", "layer": "Points", "path": "C:\\Users\\kobina\\Desktop\\Project_Ken\\Merger\\Merger\\Points.shx|layername=Points", "Points": null }, "geometry": { "type": "Point", "coordinates": [ -1.909883830069179, 7.503741790783176 ] } },
{ "type": "Feature", "properties": { "fid": 478.0, "CropType": "cass", "Photo1": "DCIM/JPEG_20201215123723913.jpg", "Photo2": "DCIM/JPEG_20201215123739603.jpg", "Photo3": "DCIM/JPEG_20201215123751829.jpg", "Photo4": "DCIM/JPEG_20201215123802190.jpg", "Irrigation": "FALSE", "District": "TECH", "Region": "BoEa", "Zone": "tran", "Date": "2020-12-15", "Technician": "KEAI", "layer": "Points", "path": "C:\\Users\\kobina\\Desktop\\Project_Ken\\Merger\\Merger\\Points.shx|layername=Points", "Points": null }, "geometry": { "type": "Point", "coordinates": [ -1.8873334, 7.523281483333334 ] } },
{ "type": "Feature", "properties": { "fid": 463.0, "CropType": "cass", "Photo1": "DCIM/JPEG_20201215124217177.jpg", "Photo2": "DCIM/JPEG_20201215124244814.jpg", "Photo3": "DCIM/JPEG_20201215124256038.jpg", "Photo4": "DCIM/JPEG_20201215124312264.jpg", "Irrigation": "FALSE", "District": "TECH", "Region": "BoEa", "Zone": "tran", "Date": "2020-12-15", "Technician": "KEAI", "layer": "Points", "path": "C:\\Users\\kobina\\Desktop\\Project_Ken\\Merger\\Merger\\Points.shx|layername=Points", "Points": null }, "geometry": { "type": "Point", "coordinates": [ -1.885475633333333, 7.521768633333333 ] } },
{ "type": "Feature", "properties": { "fid": 464.0, "CropType": "cass", "Photo1": "DCIM/JPEG_20201215124718507.jpg", "Photo2": "DCIM/JPEG_20201215124735592.jpg", "Photo3": "DCIM/JPEG_20201215124749668.jpg", "Photo4": "DCIM/JPEG_20201215124806309.jpg", "Irrigation": "FALSE", "District": "TECH", "Region": "BoEa", "Zone": "tran", "Date": "2020-12-15", "Technician": "KEAI", "layer": "Points", "path": "C:\\Users\\kobina\\Desktop\\Project_Ken\\Merger\\Merger\\Points.shx|layername=Points", "Points": null }, "geometry": { "type": "Point", "coordinates": [ -1.8840455, 7.520178883333333 ] } },
{ "type": "Feature", "properties": { "fid": 465.0, "CropType": "cabb", "Photo1": "DCIM/JPEG_20201215145929379.jpg", "Photo2": "DCIM/JPEG_20201215145946711.jpg", "Photo3": "DCIM/JPEG_20201215150002385.jpg", "Photo4": "DCIM/JPEG_20201215150016482.jpg", "Irrigation": "TRUE", "District": "TECH", "Region": "BoEa", "Zone": "tran", "Date": "2020-12-15", "Technician": "KEAI", "layer": "Points", "path": "C:\\Users\\kobina\\Desktop\\Project_Ken\\Merger\\Merger\\Points.shx|layername=Points", "Points": null }, "geometry": { "type": "Point", "coordinates": [ -1.924182065582189, 7.76506667166054 ] } },
{ "type": "Feature", "properties": { "fid": 467.0, "CropType": "cabb", "Photo1": "DCIM/JPEG_20201215150947627.jpg", "Photo2": "DCIM/JPEG_20201215151001842.jpg", "Photo3": "DCIM/JPEG_20201215151013826.jpg", "Photo4": "DCIM/JPEG_20201215151030746.jpg", "Irrigation": "TRUE", "District": "TECH", "Region": "BoEa", "Zone": "tran", "Date": "2020-12-15", "Technician": "KEAI", "layer": "Points", "path": "C:\\Users\\kobina\\Desktop\\Project_Ken\\Merger\\Merger\\Points.shx|layername=Points", "Points": null }, "geometry": { "type": "Point", "coordinates": [ -1.924182065582189, 7.76506667166054 ] } },
{ "type": "Feature", "properties": { "fid": 468.0, "CropType": "yams", "Photo1": "DCIM/JPEG_20201215151228902.jpg", "Photo2": "DCIM/JPEG_20201215151241478.jpg", "Photo3": "DCIM/JPEG_20201215151254547.jpg", "Photo4": "DCIM/JPEG_20201215151310498.jpg", "Irrigation": "FALSE", "District": "TECH", "Region": "BoEa", "Zone": "tran", "Date": "2020-12-15", "Technician": "KEAI", "layer": "Points", "path": "C:\\Users\\kobina\\Desktop\\Project_Ken\\Merger\\Merger\\Points.shx|layername=Points", "Points": null }, "geometry": { "type": "Point", "coordinates": [ -1.924182065582189, 7.76506667166054 ] } },
{ "type": "Feature", "properties": { "fid": 469.0, "CropType": "maiz", "Photo1": "DCIM/JPEG_20201215151528519.jpg", "Photo2": "DCIM/JPEG_20201215151541502.jpg", "Photo3": "DCIM/JPEG_20201215151553790.jpg", "Photo4": "DCIM/JPEG_20201215151610054.jpg", "Irrigation": "FALSE", "District": "TECH", "Region": "BoEa", "Zone": "tran", "Date": "2020-12-15", "Technician": "KEAI", "layer": "Points", "path": "C:\\Users\\kobina\\Desktop\\Project_Ken\\Merger\\Merger\\Points.shx|layername=Points", "Points": null }, "geometry": { "type": "Point", "coordinates": [ -1.94931635, 7.784646683333333 ] } },
{ "type": "Feature", "properties": { "fid": 470.0, "CropType": "gaeg", "Photo1": "DCIM/JPEG_20201215151854343.jpg", "Photo2": "DCIM/JPEG_20201215151909583.jpg", "Photo3": "DCIM/JPEG_20201215151925930.jpg", "Photo4": "DCIM/JPEG_20201215151938365.jpg", "Irrigation": "TRUE", "District": "TECH", "Region": "BoEa", "Zone": "tran", "Date": "2020-12-15", "Technician": "KEAI", "layer": "Points", "path": "C:\\Users\\kobina\\Desktop\\Project_Ken\\Merger\\Merger\\Points.shx|layername=Points", "Points": null }, "geometry": { "type": "Point", "coordinates": [ -1.948524216666667, 7.7849242 ] } },
{ "type": "Feature", "properties": { "fid": 487.0, "CropType": "cass", "Photo1": "DCIM/JPEG_20201215152141417.jpg", "Photo2": "DCIM/JPEG_20201215152155638.jpg", "Photo3": "DCIM/JPEG_20201215152206917.jpg", "Photo4": "DCIM/JPEG_20201215152219697.jpg", "Irrigation": "FALSE", "District": "TECH", "Region": "BoEa", "Zone": "tran", "Date": "2020-12-15", "Technician": "KEAI", "layer": "Points", "path": "C:\\Users\\kobina\\Desktop\\Project_Ken\\Merger\\Merger\\Points.shx|layername=Points", "Points": null }, "geometry": { "type": "Point", "coordinates": [ -1.94896155, 7.785069533333332 ] } },
{ "type": "Feature", "properties": { "fid": 488.0, "CropType": "coco", "Photo1": "DCIM/JPEG_20201215160133778.jpg", "Photo2": "DCIM/JPEG_20201215160152768.jpg", "Photo3": "DCIM/JPEG_20201215160216012.jpg", "Photo4": "DCIM/JPEG_20201215160229191.jpg", "Irrigation": "FALSE", "District": "TECH", "Region": "BoEa", "Zone": "tran", "Date": "2020-12-15", "Technician": "KEAI", "layer": "Points", "path": "C:\\Users\\kobina\\Desktop\\Project_Ken\\Merger\\Merger\\Points.shx|layername=Points", "Points": null }, "geometry": { "type": "Point", "coordinates": [ -1.968522484937397, 7.78494132965525 ] } },
{ "type": "Feature", "properties": { "fid": 489.0, "CropType": "cabb", "Photo1": "DCIM/JPEG_20201215160709048.jpg", "Photo2": "DCIM/JPEG_20201215160725971.jpg", "Photo3": "DCIM/JPEG_20201215160741561.jpg", "Photo4": "DCIM/JPEG_20201215160754463.jpg", "Irrigation": "TRUE", "District": "TECH", "Region": "BoEa", "Zone": "tran", "Date": "2020-12-15", "Technician": "KEAI", "layer": "Points", "path": "C:\\Users\\kobina\\Desktop\\Project_Ken\\Merger\\Merger\\Points.shx|layername=Points", "Points": null }, "geometry": { "type": "Point", "coordinates": [ -1.966479033333333, 7.81391165 ] } },
{ "type": "Feature", "properties": { "fid": 490.0, "CropType": "maiz", "Photo1": "DCIM/JPEG_20201215161500127.jpg", "Photo2": "DCIM/JPEG_20201215161513364.jpg", "Photo3": "DCIM/JPEG_20201215161523509.jpg", "Photo4": "DCIM/JPEG_20201215161535786.jpg", "Irrigation": "FALSE", "District": "TECH", "Region": "BoEa", "Zone": "tran", "Date": "2020-12-15", "Technician": "KEAI", "layer": "Points", "path": "C:\\Users\\kobina\\Desktop\\Project_Ken\\Merger\\Merger\\Points.shx|layername=Points", "Points": null }, "geometry": { "type": "Point", "coordinates": [ -1.967808533333333, 7.81745825 ] } },
{ "type": "Feature", "properties": { "fid": 491.0, "CropType": "gaeg", "Photo1": "DCIM/JPEG_20201215161926827.jpg", "Photo2": "DCIM/JPEG_20201215161945634.jpg", "Photo3": "DCIM/JPEG_20201215162003598.jpg", "Photo4": "DCIM/JPEG_20201215162015809.jpg", "Irrigation": "TRUE", "District": "TECH", "Region": "BoEa", "Zone": "tran", "Date": "2020-12-15", "Technician": "KEAI", "layer": "Points", "path": "C:\\Users\\kobina\\Desktop\\Project_Ken\\Merger\\Merger\\Points.shx|layername=Points", "Points": null }, "geometry": { "type": "Point", "coordinates": [ -1.968313266666667, 7.81782975 ] } },
{ "type": "Feature", "properties": { "fid": 492.0, "CropType": "toma", "Photo1": "DCIM/JPEG_20201215162405447.jpg", "Photo2": "DCIM/JPEG_20201215162419659.jpg", "Photo3": "DCIM/JPEG_20201215162436071.jpg", "Photo4": "DCIM/JPEG_20201215162446397.jpg", "Irrigation": "TRUE", "District": "TECH", "Region": "BoEa", "Zone": "tran", "Date": "2020-12-15", "Technician": "KEAI", "layer": "Points", "path": "C:\\Users\\kobina\\Desktop\\Project_Ken\\Merger\\Merger\\Points.shx|layername=Points", "Points": null }, "geometry": { "type": "Point", "coordinates": [ -1.971041116666666, 7.822668416666665 ] } },
{ "type": "Feature", "properties": { "fid": 493.0, "CropType": "maiz", "Photo1": "DCIM/JPEG_20201215162829301.jpg", "Photo2": "DCIM/JPEG_20201215162848205.jpg", "Photo3": "DCIM/JPEG_20201215162912546.jpg", "Photo4": "DCIM/JPEG_20201215162926878.jpg", "Irrigation": "FALSE", "District": "TECH", "Region": "BoEa", "Zone": "tran", "Date": "2020-12-15", "Technician": "KEAI", "layer": "Points", "path": "C:\\Users\\kobina\\Desktop\\Project_Ken\\Merger\\Merger\\Points.shx|layername=Points", "Points": null }, "geometry": { "type": "Point", "coordinates": [ -1.971603653073798, 7.8217052838904 ] } },
{ "type": "Feature", "properties": { "fid": 494.0, "CropType": "maiz", "Photo1": "DCIM/JPEG_20201215163059235.jpg", "Photo2": "DCIM/JPEG_20201215163111473.jpg", "Photo3": "DCIM/JPEG_20201215163120896.jpg", "Photo4": "DCIM/JPEG_20201215163130028.jpg", "Irrigation": "FALSE", "District": "TECH", "Region": "BoEa", "Zone": "tran", "Date": "2020-12-15", "Technician": "KEAI", "layer": "Points", "path": "C:\\Users\\kobina\\Desktop\\Project_Ken\\Merger\\Merger\\Points.shx|layername=Points", "Points": null }, "geometry": { "type": "Point", "coordinates": [ -1.9710362, 7.82485685 ] } },
{ "type": "Feature", "properties": { "fid": 479.0, "CropType": "cass", "Photo1": "DCIM/JPEG_20201215163500651.jpg", "Photo2": "DCIM/JPEG_20201215163512925.jpg", "Photo3": "DCIM/JPEG_20201215163525698.jpg", "Photo4": "DCIM/JPEG_20201215163537145.jpg", "Irrigation": "FALSE", "District": "TECH", "Region": "BoEa", "Zone": "tran", "Date": "2020-12-15", "Technician": "KEAI", "layer": "Points", "path": "C:\\Users\\kobina\\Desktop\\Project_Ken\\Merger\\Merger\\Points.shx|layername=Points", "Points": null }, "geometry": { "type": "Point", "coordinates": [ -1.971665416666667, 7.825021 ] } },
{ "type": "Feature", "properties": { "fid": 480.0, "CropType": "toma", "Photo1": "DCIM/JPEG_20201215163820773.jpg", "Photo2": "DCIM/JPEG_20201215163836238.jpg", "Photo3": "DCIM/JPEG_20201215163849839.jpg", "Photo4": "DCIM/JPEG_20201215163903499.jpg", "Irrigation": "TRUE", "District": "TECH", "Region": "BoEa", "Zone": "tran", "Date": "2020-12-15", "Technician": "KEAI", "layer": "Points", "path": "C:\\Users\\kobina\\Desktop\\Project_Ken\\Merger\\Merger\\Points.shx|layername=Points", "Points": null }, "geometry": { "type": "Point", "coordinates": [ -1.971894283333333, 7.82508325 ] } },
{ "type": "Feature", "properties": { "fid": 481.0, "CropType": "gaeg", "Photo1": "DCIM/JPEG_20201215164151488.jpg", "Photo2": "DCIM/JPEG_20201215164207532.jpg", "Photo3": "DCIM/JPEG_20201215164219381.jpg", "Photo4": "DCIM/JPEG_20201215164230489.jpg", "Irrigation": "TRUE", "District": "TECH", "Region": "BoEa", "Zone": "tran", "Date": "2020-12-15", "Technician": "KEAI", "layer": "Points", "path": "C:\\Users\\kobina\\Desktop\\Project_Ken\\Merger\\Merger\\Points.shx|layername=Points", "Points": null }, "geometry": { "type": "Point", "coordinates": [ -1.972916783333333, 7.824807366666666 ] } },
{ "type": "Feature", "properties": { "fid": 482.0, "CropType": "maiz", "Photo1": "DCIM/JPEG_20201215164437035.jpg", "Photo2": "DCIM/JPEG_20201215164448870.jpg", "Photo3": "DCIM/JPEG_20201215164528188.jpg", "Photo4": "DCIM/JPEG_20201215164540313.jpg", "Irrigation": "FALSE", "District": "TECH", "Region": "BoEa", "Zone": "tran", "Date": "2020-12-15", "Technician": "KEAI", "layer": "Points", "path": "C:\\Users\\kobina\\Desktop\\Project_Ken\\Merger\\Merger\\Points.shx|layername=Points", "Points": null }, "geometry": { "type": "Point", "coordinates": [ -1.972873466666667, 7.825083133333335 ] } },
{ "type": "Feature", "properties": { "fid": 483.0, "CropType": "gaeg", "Photo1": "DCIM/JPEG_20201216112453707.jpg", "Photo2": "DCIM/JPEG_20201216112535290.jpg", "Photo3": "DCIM/JPEG_20201216112558967.jpg", "Photo4": "DCIM/JPEG_20201216112628667.jpg", "Irrigation": "TRUE", "District": "TECH", "Region": "BoEa", "Zone": "tran", "Date": "2020-12-16", "Technician": "KEAI", "layer": "Points", "path": "C:\\Users\\kobina\\Desktop\\Project_Ken\\Merger\\Merger\\Points.shx|layername=Points", "Points": null }, "geometry": { "type": "Point", "coordinates": [ -1.947333366666667, 7.786293066666667 ] } },
{ "type": "Feature", "properties": { "fid": 484.0, "CropType": "gaeg", "Photo1": "DCIM/JPEG_20201216114258489.jpg", "Photo2": "DCIM/JPEG_20201216114319764.jpg", "Photo3": "DCIM/JPEG_20201216114336873.jpg", "Photo4": "DCIM/JPEG_20201216114355891.jpg", "Irrigation": "TRUE", "District": "TECH", "Region": "BoEa", "Zone": "tran", "Date": "2020-12-16", "Technician": "KEAI", "layer": "Points", "path": "C:\\Users\\kobina\\Desktop\\Project_Ken\\Merger\\Merger\\Points.shx|layername=Points", "Points": null }, "geometry": { "type": "Point", "coordinates": [ -1.94876055, 7.7870183 ] } },
{ "type": "Feature", "properties": { "fid": 485.0, "CropType": "gaeg", "Photo1": "DCIM/JPEG_20201216115444759.jpg", "Photo2": "DCIM/JPEG_20201216115459247.jpg", "Photo3": "DCIM/JPEG_20201216115509036.jpg", "Photo4": "DCIM/JPEG_20201216115523188.jpg", "Irrigation": "TRUE", "District": "TECH", "Region": "BoEa", "Zone": "tran", "Date": "2020-12-16", "Technician": "KEAI", "layer": "Points", "path": "C:\\Users\\kobina\\Desktop\\Project_Ken\\Merger\\Merger\\Points.shx|layername=Points", "Points": null }, "geometry": { "type": "Point", "coordinates": [ -1.947015683333333, 7.78307935 ] } },
{ "type": "Feature", "properties": { "fid": 486.0, "CropType": "maiz", "Photo1": "DCIM/JPEG_20201216120016687.jpg", "Photo2": "DCIM/JPEG_20201216120035976.jpg", "Photo3": "DCIM/JPEG_20201216120045941.jpg", "Photo4": "DCIM/JPEG_20201216120056426.jpg", "Irrigation": "FALSE", "District": "TECH", "Region": "BoEa", "Zone": "tran", "Date": "2020-12-16", "Technician": "KEAI", "layer": "Points", "path": "C:\\Users\\kobina\\Desktop\\Project_Ken\\Merger\\Merger\\Points.shx|layername=Points", "Points": null }, "geometry": { "type": "Point", "coordinates": [ -1.937583, 7.784640783333333 ] } },
{ "type": "Feature", "properties": { "fid": 375.0, "CropType": "maiz", "Photo1": "DCIM/JPEG_20201216120458776.jpg", "Photo2": "DCIM/JPEG_20201216120511181.jpg", "Photo3": "DCIM/JPEG_20201216120524516.jpg", "Photo4": "DCIM/JPEG_20201216120536293.jpg", "Irrigation": "FALSE", "District": "TECH", "Region": "BoEa", "Zone": "tran", "Date": "2020-12-16", "Technician": "KEAI", "layer": "Points", "path": "C:\\Users\\kobina\\Desktop\\Project_Ken\\Merger\\Merger\\Points.shx|layername=Points", "Points": null }, "geometry": { "type": "Point", "coordinates": [ -1.932338716666667, 7.78449285 ] } },
{ "type": "Feature", "properties": { "fid": 376.0, "CropType": "man", "Photo1": "DCIM/JPEG_20201216121338447.jpg", "Photo2": "DCIM/JPEG_20201216121352886.jpg", "Photo3": "DCIM/JPEG_20201216121404234.jpg", "Photo4": "DCIM/JPEG_20201216121418311.jpg", "Irrigation": "FALSE", "District": "TECH", "Region": "BoEa", "Zone": "tran", "Date": "2020-12-16", "Technician": "KEAI", "layer": "Points", "path": "C:\\Users\\kobina\\Desktop\\Project_Ken\\Merger\\Merger\\Points.shx|layername=Points", "Points": null }, "geometry": { "type": "Point", "coordinates": [ -1.908403411107063, 7.782753372124898 ] } },
{ "type": "Feature", "properties": { "fid": 377.0, "CropType": "maiz", "Photo1": "DCIM/JPEG_20201216130542038.jpg", "Photo2": "DCIM/JPEG_20201216130555535.jpg", "Photo3": "DCIM/JPEG_20201216130605072.jpg", "Photo4": "DCIM/JPEG_20201216130614670.jpg", "Irrigation": "FALSE", "District": "TECH", "Region": "BoEa", "Zone": "tran", "Date": "2020-12-16", "Technician": "KEAI", "layer": "Points", "path": "C:\\Users\\kobina\\Desktop\\Project_Ken\\Merger\\Merger\\Points.shx|layername=Points", "Points": null }, "geometry": { "type": "Point", "coordinates": [ -1.898362266666667, 7.788296716666666 ] } },
{ "type": "Feature", "properties": { "fid": 379.0, "CropType": "maiz", "Photo1": "DCIM/JPEG_20201216131630793.jpg", "Photo2": "DCIM/JPEG_20201216131642386.jpg", "Photo3": "DCIM/JPEG_20201216131655443.jpg", "Photo4": "DCIM/JPEG_20201216131704422.jpg", "Irrigation": "FALSE", "District": "TECH", "Region": "BoEa", "Zone": "tran", "Date": "2020-12-16", "Technician": "KEAI", "layer": "Points", "path": "C:\\Users\\kobina\\Desktop\\Project_Ken\\Merger\\Merger\\Points.shx|layername=Points", "Points": null }, "geometry": { "type": "Point", "coordinates": [ -1.901897066666666, 7.794717566666664 ] } },
{ "type": "Feature", "properties": { "fid": 380.0, "CropType": "maiz", "Photo1": "DCIM/JPEG_20201216132345492.jpg", "Photo2": "DCIM/JPEG_20201216132401715.jpg", "Photo3": "DCIM/JPEG_20201216132428780.jpg", "Photo4": "DCIM/JPEG_20201216132449752.jpg", "Irrigation": "FALSE", "District": "TECH", "Region": "BoEa", "Zone": "tran", "Date": "2020-12-16", "Technician": "KEAI", "layer": "Points", "path": "C:\\Users\\kobina\\Desktop\\Project_Ken\\Merger\\Merger\\Points.shx|layername=Points", "Points": null }, "geometry": { "type": "Point", "coordinates": [ -1.907562983333333, 7.80218205 ] } },
{ "type": "Feature", "properties": { "fid": 381.0, "CropType": "cash", "Photo1": "DCIM/JPEG_20201216134923499.jpg", "Photo2": "DCIM/JPEG_20201216134949047.jpg", "Photo3": "DCIM/JPEG_20201216135001911.jpg", "Photo4": "DCIM/JPEG_20201216135011559.jpg", "Irrigation": "FALSE", "District": "TECH", "Region": "BoEa", "Zone": "tran", "Date": "2020-12-16", "Technician": "KEAI", "layer": "Points", "path": "C:\\Users\\kobina\\Desktop\\Project_Ken\\Merger\\Merger\\Points.shx|layername=Points", "Points": null }, "geometry": { "type": "Point", "coordinates": [ -1.85419405, 7.781811833333336 ] } },
{ "type": "Feature", "properties": { "fid": 382.0, "CropType": "maiz", "Photo1": "DCIM/JPEG_20201216135428579.jpg", "Photo2": "DCIM/JPEG_20201216135441205.jpg", "Photo3": "DCIM/JPEG_20201216135453673.jpg", "Photo4": "DCIM/JPEG_20201216135506167.jpg", "Irrigation": "FALSE", "District": "TECH", "Region": "BoEa", "Zone": "tran", "Date": "2020-12-16", "Technician": "KEAI", "layer": "Points", "path": "C:\\Users\\kobina\\Desktop\\Project_Ken\\Merger\\Merger\\Points.shx|layername=Points", "Points": null }, "geometry": { "type": "Point", "coordinates": [ -1.849047616666667, 7.78202975 ] } },
{ "type": "Feature", "properties": { "fid": 367.0, "CropType": "yams", "Photo1": "DCIM/JPEG_20201216135846848.jpg", "Photo2": "DCIM/JPEG_20201216135901454.jpg", "Photo3": "DCIM/JPEG_20201216135919621.jpg", "Photo4": "DCIM/JPEG_20201216135931690.jpg", "Irrigation": "FALSE", "District": "TECH", "Region": "BoEa", "Zone": "tran", "Date": "2020-12-16", "Technician": "KEAI", "layer": "Points", "path": "C:\\Users\\kobina\\Desktop\\Project_Ken\\Merger\\Merger\\Points.shx|layername=Points", "Points": null }, "geometry": { "type": "Point", "coordinates": [ -1.84217305, 7.780152983333332 ] } },
{ "type": "Feature", "properties": { "fid": 368.0, "CropType": "cash", "Photo1": "DCIM/JPEG_20201216140643589.jpg", "Photo2": "DCIM/JPEG_20201216140659511.jpg", "Photo3": "DCIM/JPEG_20201216140712247.jpg", "Photo4": "DCIM/JPEG_20201216140729376.jpg", "Irrigation": "FALSE", "District": "TECH", "Region": "BoEa", "Zone": "tran", "Date": "2020-12-16", "Technician": "KEAI", "layer": "Points", "path": "C:\\Users\\kobina\\Desktop\\Project_Ken\\Merger\\Merger\\Points.shx|layername=Points", "Points": null }, "geometry": { "type": "Point", "coordinates": [ -1.83786745, 7.778333833333334 ] } },
{ "type": "Feature", "properties": { "fid": 369.0, "CropType": "man", "Photo1": "DCIM/JPEG_20201216141901326.jpg", "Photo2": "DCIM/JPEG_20201216141913245.jpg", "Photo3": "DCIM/JPEG_20201216141923485.jpg", "Photo4": "DCIM/JPEG_20201216141934968.jpg", "Irrigation": "FALSE", "District": "TECH", "Region": "BoEa", "Zone": "tran", "Date": "2020-12-16", "Technician": "KEAI", "layer": "Points", "path": "C:\\Users\\kobina\\Desktop\\Project_Ken\\Merger\\Merger\\Points.shx|layername=Points", "Points": null }, "geometry": { "type": "Point", "coordinates": [ -1.831242666666666, 7.776075533333333 ] } },
{ "type": "Feature", "properties": { "fid": 370.0, "CropType": "plnt", "Photo1": "DCIM/JPEG_20201216142448952.jpg", "Photo2": "DCIM/JPEG_20201216142511093.jpg", "Photo3": "DCIM/JPEG_20201216142521400.jpg", "Photo4": "DCIM/JPEG_20201216142533794.jpg", "Irrigation": "FALSE", "District": "TECH", "Region": "BoEa", "Zone": "tran", "Date": "2020-12-16", "Technician": "KEAI", "layer": "Points", "path": "C:\\Users\\kobina\\Desktop\\Project_Ken\\Merger\\Merger\\Points.shx|layername=Points", "Points": null }, "geometry": { "type": "Point", "coordinates": [ -1.8301561, 7.775787833333333 ] } },
{ "type": "Feature", "properties": { "fid": 371.0, "CropType": "yams", "Photo1": "DCIM/JPEG_20201216144019805.jpg", "Photo2": "DCIM/JPEG_20201216144034088.jpg", "Photo3": "DCIM/JPEG_20201216144045918.jpg", "Photo4": "DCIM/JPEG_20201216144058865.jpg", "Irrigation": "FALSE", "District": "TECH", "Region": "BoEa", "Zone": "tran", "Date": "2020-12-16", "Technician": "KEAI", "layer": "Points", "path": "C:\\Users\\kobina\\Desktop\\Project_Ken\\Merger\\Merger\\Points.shx|layername=Points", "Points": null }, "geometry": { "type": "Point", "coordinates": [ -1.827909883333333, 7.77517045 ] } },
{ "type": "Feature", "properties": { "fid": 372.0, "CropType": "plnt", "Photo1": "DCIM/JPEG_20201216153553062.jpg", "Photo2": "DCIM/JPEG_20201216153604513.jpg", "Photo3": "DCIM/JPEG_20201216153615253.jpg", "Photo4": "DCIM/JPEG_20201216153625834.jpg", "Irrigation": "FALSE", "District": "TECH", "Region": "BoEa", "Zone": "tran", "Date": "2020-12-16", "Technician": "KEAI", "layer": "Points", "path": "C:\\Users\\kobina\\Desktop\\Project_Ken\\Merger\\Merger\\Points.shx|layername=Points", "Points": null }, "geometry": { "type": "Point", "coordinates": [ -1.971218683333333, 7.7299141 ] } },
{ "type": "Feature", "properties": { "fid": 373.0, "CropType": "cash", "Photo1": "DCIM/JPEG_20201216170539562.jpg", "Photo2": "DCIM/JPEG_20201216170552934.jpg", "Photo3": "DCIM/JPEG_20201216170605877.jpg", "Photo4": "DCIM/JPEG_20201216170620193.jpg", "Irrigation": "FALSE", "District": "TECH", "Region": "BoEa", "Zone": "tran", "Date": "2020-12-16", "Technician": "KEAI", "layer": "Points", "path": "C:\\Users\\kobina\\Desktop\\Project_Ken\\Merger\\Merger\\Points.shx|layername=Points", "Points": null }, "geometry": { "type": "Point", "coordinates": [ -1.970600283333333, 7.729941366666666 ] } },
{ "type": "Feature", "properties": { "fid": 374.0, "CropType": "plnt", "Photo1": "DCIM/JPEG_20201216171647012.jpg", "Photo2": "DCIM/JPEG_20201216171703779.jpg", "Photo3": "DCIM/JPEG_20201216171723036.jpg", "Photo4": "DCIM/JPEG_20201216171801321.jpg", "Irrigation": "FALSE", "District": "TECH", "Region": "BoEa", "Zone": "tran", "Date": "2020-12-16", "Technician": "KEAI", "layer": "Points", "path": "C:\\Users\\kobina\\Desktop\\Project_Ken\\Merger\\Merger\\Points.shx|layername=Points", "Points": null }, "geometry": { "type": "Point", "coordinates": [ -1.9508779, 7.707473733333334 ] } },
{ "type": "Feature", "properties": { "fid": 391.0, "CropType": "maiz", "Photo1": "DCIM/JPEG_20201217094736641.jpg", "Photo2": "DCIM/JPEG_20201217094757394.jpg", "Photo3": "DCIM/JPEG_20201217094818196.jpg", "Photo4": "DCIM/JPEG_20201217094845099.jpg", "Irrigation": "FALSE", "District": "TECH", "Region": "BoEa", "Zone": "tran", "Date": "2020-12-17", "Technician": "KEAI", "layer": "Points", "path": "C:\\Users\\kobina\\Desktop\\Project_Ken\\Merger\\Merger\\Points.shx|layername=Points", "Points": null }, "geometry": { "type": "Point", "coordinates": [ -1.852239183333333, 7.665863183333333 ] } },
{ "type": "Feature", "properties": { "fid": 392.0, "CropType": "man", "Photo1": "DCIM/JPEG_20201217095409009.jpg", "Photo2": "DCIM/JPEG_20201217095429501.jpg", "Photo3": "DCIM/JPEG_20201217095442541.jpg", "Photo4": "DCIM/JPEG_20201217095501124.jpg", "Irrigation": "FALSE", "District": "TECH", "Region": "BoEa", "Zone": "tran", "Date": "2020-12-17", "Technician": "KEAI", "layer": "Points", "path": "C:\\Users\\kobina\\Desktop\\Project_Ken\\Merger\\Merger\\Points.shx|layername=Points", "Points": null }, "geometry": { "type": "Point", "coordinates": [ -1.845363183333333, 7.6643274 ] } },
{ "type": "Feature", "properties": { "fid": 393.0, "CropType": "man", "Photo1": "DCIM/JPEG_20201217095949516.jpg", "Photo2": "DCIM/JPEG_20201217100005138.jpg", "Photo3": "DCIM/JPEG_20201217100018073.jpg", "Photo4": "DCIM/JPEG_20201217100030596.jpg", "Irrigation": "FALSE", "District": "TECH", "Region": "BoEa", "Zone": "tran", "Date": "2020-12-17", "Technician": "KEAI", "layer": "Points", "path": "C:\\Users\\kobina\\Desktop\\Project_Ken\\Merger\\Merger\\Points.shx|layername=Points", "Points": null }, "geometry": { "type": "Point", "coordinates": [ -1.843482233333333, 7.663517583333333 ] } },
{ "type": "Feature", "properties": { "fid": 394.0, "CropType": "maiz", "Photo1": "DCIM/JPEG_20201217101646909.jpg", "Photo2": "DCIM/JPEG_20201217101706156.jpg", "Photo3": "DCIM/JPEG_20201217101720350.jpg", "Photo4": "DCIM/JPEG_20201217101738198.jpg", "Irrigation": "FALSE", "District": "TECH", "Region": "BoEa", "Zone": "tran", "Date": "2020-12-17", "Technician": "KEAI", "layer": "Points", "path": "C:\\Users\\kobina\\Desktop\\Project_Ken\\Merger\\Merger\\Points.shx|layername=Points", "Points": null }, "geometry": { "type": "Point", "coordinates": [ -1.836131116666667, 7.662930783333334 ] } },
{ "type": "Feature", "properties": { "fid": 395.0, "CropType": "cash", "Photo1": "DCIM/JPEG_20201217103907481.jpg", "Photo2": "DCIM/JPEG_20201217103926216.jpg", "Photo3": "DCIM/JPEG_20201217103939644.jpg", "Photo4": "DCIM/JPEG_20201217103959388.jpg", "Irrigation": "FALSE", "District": "TECH", "Region": "BoEa", "Zone": "tran", "Date": "2020-12-17", "Technician": "KEAI", "layer": "Points", "path": "C:\\Users\\kobina\\Desktop\\Project_Ken\\Merger\\Merger\\Points.shx|layername=Points", "Points": null }, "geometry": { "type": "Point", "coordinates": [ -1.818285616666667, 7.665346983333335 ] } },
{ "type": "Feature", "properties": { "fid": 396.0, "CropType": "cash", "Photo1": "DCIM/JPEG_20201217104818069.jpg", "Photo2": "DCIM/JPEG_20201217104835053.jpg", "Photo3": "DCIM/JPEG_20201217104846463.jpg", "Photo4": "DCIM/JPEG_20201217104859687.jpg", "Irrigation": "FALSE", "District": "TECH", "Region": "BoEa", "Zone": "tran", "Date": "2020-12-17", "Technician": "KEAI", "layer": "Points", "path": "C:\\Users\\kobina\\Desktop\\Project_Ken\\Merger\\Merger\\Points.shx|layername=Points", "Points": null }, "geometry": { "type": "Point", "coordinates": [ -1.807265216666667, 7.662331866666666 ] } },
{ "type": "Feature", "properties": { "fid": 397.0, "CropType": "cash", "Photo1": "DCIM/JPEG_20201217105438335.jpg", "Photo2": "DCIM/JPEG_20201217105452510.jpg", "Photo3": "DCIM/JPEG_20201217105505448.jpg", "Photo4": "DCIM/JPEG_20201217105516794.jpg", "Irrigation": "FALSE", "District": "TECH", "Region": "BoEa", "Zone": "tran", "Date": "2020-12-17", "Technician": "KEAI", "layer": "Points", "path": "C:\\Users\\kobina\\Desktop\\Project_Ken\\Merger\\Merger\\Points.shx|layername=Points", "Points": null }, "geometry": { "type": "Point", "coordinates": [ -1.805407533333333, 7.660509966666665 ] } },
{ "type": "Feature", "properties": { "fid": 398.0, "CropType": "yams", "Photo1": "DCIM/JPEG_20201217105914083.jpg", "Photo2": "DCIM/JPEG_20201217105926272.jpg", "Photo3": "DCIM/JPEG_20201217105936404.jpg", "Photo4": "DCIM/JPEG_20201217105949694.jpg", "Irrigation": "FALSE", "District": "TECH", "Region": "BoEa", "Zone": "tran", "Date": "2020-12-17", "Technician": "KEAI", "layer": "Points", "path": "C:\\Users\\kobina\\Desktop\\Project_Ken\\Merger\\Merger\\Points.shx|layername=Points", "Points": null }, "geometry": { "type": "Point", "coordinates": [ -1.804751305911694, 7.660805112393001 ] } },
{ "type": "Feature", "properties": { "fid": 383.0, "CropType": "toma", "Photo1": "DCIM/JPEG_20201217110423489.jpg", "Photo2": "DCIM/JPEG_20201217110450511.jpg", "Photo3": "DCIM/JPEG_20201217110520029.jpg", "Photo4": "DCIM/JPEG_20201217110550736.jpg", "Irrigation": "TRUE", "District": "TECH", "Region": "BoEa", "Zone": "tran", "Date": "2020-12-17", "Technician": "KEAI", "layer": "Points", "path": "C:\\Users\\kobina\\Desktop\\Project_Ken\\Merger\\Merger\\Points.shx|layername=Points", "Points": null }, "geometry": { "type": "Point", "coordinates": [ -1.803762383333333, 7.65956523333333 ] } },
{ "type": "Feature", "properties": { "fid": 384.0, "CropType": "maiz", "Photo1": "DCIM/JPEG_20201217111044695.jpg", "Photo2": "DCIM/JPEG_20201217111100363.jpg", "Photo3": "DCIM/JPEG_20201217111116618.jpg", "Photo4": "DCIM/JPEG_20201217111131435.jpg", "Irrigation": "FALSE", "District": "TECH", "Region": "BoEa", "Zone": "tran", "Date": "2020-12-17", "Technician": "KEAI", "layer": "Points", "path": "C:\\Users\\kobina\\Desktop\\Project_Ken\\Merger\\Merger\\Points.shx|layername=Points", "Points": null }, "geometry": { "type": "Point", "coordinates": [ -1.801538216666667, 7.657583883333333 ] } },
{ "type": "Feature", "properties": { "fid": 385.0, "CropType": "cash", "Photo1": "DCIM/JPEG_20201217111436418.jpg", "Photo2": "DCIM/JPEG_20201217111450736.jpg", "Photo3": "DCIM/JPEG_20201217111502093.jpg", "Photo4": "DCIM/JPEG_20201217111512305.jpg", "Irrigation": "FALSE", "District": "TECH", "Region": "BoEa", "Zone": "tran", "Date": "2020-12-17", "Technician": "KEAI", "layer": "Points", "path": "C:\\Users\\kobina\\Desktop\\Project_Ken\\Merger\\Merger\\Points.shx|layername=Points", "Points": null }, "geometry": { "type": "Point", "coordinates": [ -1.801933133333333, 7.6574677 ] } },
{ "type": "Feature", "properties": { "fid": 386.0, "CropType": "maiz", "Photo1": "DCIM/JPEG_20201217112209445.jpg", "Photo2": "DCIM/JPEG_20201217112226580.jpg", "Photo3": "DCIM/JPEG_20201217112237254.jpg", "Photo4": "DCIM/JPEG_20201217112249996.jpg", "Irrigation": "FALSE", "District": "TECH", "Region": "BoEa", "Zone": "tran", "Date": "2020-12-17", "Technician": "KEAI", "layer": "Points", "path": "C:\\Users\\kobina\\Desktop\\Project_Ken\\Merger\\Merger\\Points.shx|layername=Points", "Points": null }, "geometry": { "type": "Point", "coordinates": [ -1.792581466666667, 7.654648483333332 ] } },
{ "type": "Feature", "properties": { "fid": 387.0, "CropType": "cash", "Photo1": "DCIM/JPEG_20201217112535996.jpg", "Photo2": "DCIM/JPEG_20201217112550664.jpg", "Photo3": "DCIM/JPEG_20201217112606170.jpg", "Photo4": "DCIM/JPEG_20201217112622650.jpg", "Irrigation": "FALSE", "District": "TECH", "Region": "BoEa", "Zone": "tran", "Date": "2020-12-17", "Technician": "KEAI", "layer": "Points", "path": "C:\\Users\\kobina\\Desktop\\Project_Ken\\Merger\\Merger\\Points.shx|layername=Points", "Points": null }, "geometry": { "type": "Point", "coordinates": [ -1.792198133333333, 7.653902766666666 ] } },
{ "type": "Feature", "properties": { "fid": 388.0, "CropType": "maiz", "Photo1": "DCIM/JPEG_20201217120121878.jpg", "Photo2": "DCIM/JPEG_20201217120142002.jpg", "Photo3": "DCIM/JPEG_20201217120152073.jpg", "Photo4": "DCIM/JPEG_20201217120204643.jpg", "Irrigation": "FALSE", "District": "TECH", "Region": "BoEa", "Zone": "tran", "Date": "2020-12-17", "Technician": "KEAI", "layer": "Points", "path": "C:\\Users\\kobina\\Desktop\\Project_Ken\\Merger\\Merger\\Points.shx|layername=Points", "Points": null }, "geometry": { "type": "Point", "coordinates": [ -1.763335866666667, 7.6463706 ] } },
{ "type": "Feature", "properties": { "fid": 389.0, "CropType": "cass", "Photo1": "DCIM/JPEG_20201217120645211.jpg", "Photo2": "DCIM/JPEG_20201217120702913.jpg", "Photo3": "DCIM/JPEG_20201217120714952.jpg", "Photo4": "DCIM/JPEG_20201217120725184.jpg", "Irrigation": "FALSE", "District": "TECH", "Region": "BoEa", "Zone": "tran", "Date": "2020-12-17", "Technician": "KEAI", "layer": "Points", "path": "C:\\Users\\kobina\\Desktop\\Project_Ken\\Merger\\Merger\\Points.shx|layername=Points", "Points": null }, "geometry": { "type": "Point", "coordinates": [ -1.7575537, 7.650042366666666 ] } },
{ "type": "Feature", "properties": { "fid": 390.0, "CropType": "cash", "Photo1": "DCIM/JPEG_20201217121126339.jpg", "Photo2": "DCIM/JPEG_20201217121140874.jpg", "Photo3": "DCIM/JPEG_20201217121151570.jpg", "Photo4": "DCIM/JPEG_20201217121211178.jpg", "Irrigation": "FALSE", "District": "TECH", "Region": "BoEa", "Zone": "tran", "Date": "2020-12-17", "Technician": "KEAI", "layer": "Points", "path": "C:\\Users\\kobina\\Desktop\\Project_Ken\\Merger\\Merger\\Points.shx|layername=Points", "Points": null }, "geometry": { "type": "Point", "coordinates": [ -1.754736733333333, 7.652990766666666 ] } },
{ "type": "Feature", "properties": { "fid": 407.0, "CropType": "cash", "Photo1": "DCIM/JPEG_20201217121737270.jpg", "Photo2": "DCIM/JPEG_20201217121750494.jpg", "Photo3": "DCIM/JPEG_20201217121802595.jpg", "Photo4": "DCIM/JPEG_20201217121814985.jpg", "Irrigation": "FALSE", "District": "TECH", "Region": "BoEa", "Zone": "tran", "Date": "2020-12-17", "Technician": "KEAI", "layer": "Points", "path": "C:\\Users\\kobina\\Desktop\\Project_Ken\\Merger\\Merger\\Points.shx|layername=Points", "Points": null }, "geometry": { "type": "Point", "coordinates": [ -1.745739866666667, 7.65451715 ] } },
{ "type": "Feature", "properties": { "fid": 408.0, "CropType": "maiz", "Photo1": "DCIM/JPEG_20201217122828015.jpg", "Photo2": "DCIM/JPEG_20201217122843382.jpg", "Photo3": "DCIM/JPEG_20201217122854598.jpg", "Photo4": "DCIM/JPEG_20201217122907035.jpg", "Irrigation": "FALSE", "District": "TECH", "Region": "BoEa", "Zone": "tran", "Date": "2020-12-17", "Technician": "KEAI", "layer": "Points", "path": "C:\\Users\\kobina\\Desktop\\Project_Ken\\Merger\\Merger\\Points.shx|layername=Points", "Points": null }, "geometry": { "type": "Point", "coordinates": [ -1.73698065, 7.670224266666665 ] } },
{ "type": "Feature", "properties": { "fid": 409.0, "CropType": "plnt", "Photo1": "DCIM/JPEG_20201217123536291.jpg", "Photo2": "DCIM/JPEG_20201217123554814.jpg", "Photo3": "DCIM/JPEG_20201217123607474.jpg", "Photo4": "DCIM/JPEG_20201217123625798.jpg", "Irrigation": "FALSE", "District": "TECH", "Region": "BoEa", "Zone": "tran", "Date": "2020-12-17", "Technician": "KEAI", "layer": "Points", "path": "C:\\Users\\kobina\\Desktop\\Project_Ken\\Merger\\Merger\\Points.shx|layername=Points", "Points": null }, "geometry": { "type": "Point", "coordinates": [ -1.736383233333334, 7.672849366666666 ] } },
{ "type": "Feature", "properties": { "fid": 410.0, "CropType": "cass", "Photo1": "DCIM/JPEG_20201217123950526.jpg", "Photo2": "DCIM/JPEG_20201217124002238.jpg", "Photo3": "DCIM/JPEG_20201217124015928.jpg", "Photo4": "DCIM/JPEG_20201217124028645.jpg", "Irrigation": "FALSE", "District": "TECH", "Region": "BoEa", "Zone": "tran", "Date": "2020-12-17", "Technician": "KEAI", "layer": "Points", "path": "C:\\Users\\kobina\\Desktop\\Project_Ken\\Merger\\Merger\\Points.shx|layername=Points", "Points": null }, "geometry": { "type": "Point", "coordinates": [ -1.736923233333334, 7.672889183333332 ] } },
{ "type": "Feature", "properties": { "fid": 411.0, "CropType": "maiz", "Photo1": "DCIM/JPEG_20201217124718049.jpg", "Photo2": "DCIM/JPEG_20201217124736283.jpg", "Photo3": "DCIM/JPEG_20201217124748109.jpg", "Photo4": "DCIM/JPEG_20201217124759380.jpg", "Irrigation": "FALSE", "District": "TECH", "Region": "BoEa", "Zone": "tran", "Date": "2020-12-17", "Technician": "KEAI", "layer": "Points", "path": "C:\\Users\\kobina\\Desktop\\Project_Ken\\Merger\\Merger\\Points.shx|layername=Points", "Points": null }, "geometry": { "type": "Point", "coordinates": [ -1.735973783333333, 7.6759909 ] } },
{ "type": "Feature", "properties": { "fid": 412.0, "CropType": "oran", "Photo1": "DCIM/JPEG_20201217130043881.jpg", "Photo2": "DCIM/JPEG_20201217130104470.jpg", "Photo3": "DCIM/JPEG_20201217130116241.jpg", "Photo4": "DCIM/JPEG_20201217130138024.jpg", "Irrigation": "FALSE", "District": "NKOR", "Region": "BoEa", "Zone": "tran", "Date": "2020-12-17", "Technician": "KEAI", "layer": "Points", "path": "C:\\Users\\kobina\\Desktop\\Project_Ken\\Merger\\Merger\\Points.shx|layername=Points", "Points": null }, "geometry": { "type": "Point", "coordinates": [ -1.721979022867103, 7.650112953220698 ] } },
{ "type": "Feature", "properties": { "fid": 413.0, "CropType": "oran", "Photo1": "DCIM/JPEG_20201217130441422.jpg", "Photo2": "DCIM/JPEG_20201217130453395.jpg", "Photo3": "DCIM/JPEG_20201217130502312.jpg", "Photo4": "DCIM/JPEG_20201217130520017.jpg", "Irrigation": "FALSE", "District": "NKOR", "Region": "BoEa", "Zone": "tran", "Date": "2020-12-17", "Technician": "KEAI", "layer": "Points", "path": "C:\\Users\\kobina\\Desktop\\Project_Ken\\Merger\\Merger\\Points.shx|layername=Points", "Points": null }, "geometry": { "type": "Point", "coordinates": [ -1.725540933333333, 7.644955 ] } },
{ "type": "Feature", "properties": { "fid": 414.0, "CropType": "maiz", "Photo1": "DCIM/JPEG_20201217131331073.jpg", "Photo2": "DCIM/JPEG_20201217131348418.jpg", "Photo3": "DCIM/JPEG_20201217131400114.jpg", "Photo4": "DCIM/JPEG_20201217131410168.jpg", "Irrigation": "FALSE", "District": "NKOR", "Region": "BoEa", "Zone": "tran", "Date": "2020-12-17", "Technician": "KEAI", "layer": "Points", "path": "C:\\Users\\kobina\\Desktop\\Project_Ken\\Merger\\Merger\\Points.shx|layername=Points", "Points": null }, "geometry": { "type": "Point", "coordinates": [ -1.712026916666667, 7.630912733333334 ] } },
{ "type": "Feature", "properties": { "fid": 400.0, "CropType": "maiz", "Photo1": "DCIM/JPEG_20201217132910754.jpg", "Photo2": "DCIM/JPEG_20201217132924774.jpg", "Photo3": "DCIM/JPEG_20201217132934488.jpg", "Photo4": "DCIM/JPEG_20201217132946750.jpg", "Irrigation": "FALSE", "District": "NKOR", "Region": "BoEa", "Zone": "tran", "Date": "2020-12-17", "Technician": "KEAI", "layer": "Points", "path": "C:\\Users\\kobina\\Desktop\\Project_Ken\\Merger\\Merger\\Points.shx|layername=Points", "Points": null }, "geometry": { "type": "Point", "coordinates": [ -1.704878266666667, 7.632730533333333 ] } },
{ "type": "Feature", "properties": { "fid": 301.0, "CropType": "maiz", "Photo1": "DCIM/JPEG_20201217133625574.jpg", "Photo2": "DCIM/JPEG_20201217133639872.jpg", "Photo3": "DCIM/JPEG_20201217133653201.jpg", "Photo4": "DCIM/JPEG_20201217133704139.jpg", "Irrigation": "FALSE", "District": "NKOR", "Region": "BoEa", "Zone": "tran", "Date": "2020-12-17", "Technician": "KEAI", "layer": "Points", "path": "C:\\Users\\kobina\\Desktop\\Project_Ken\\Merger\\Merger\\Points.shx|layername=Points", "Points": null }, "geometry": { "type": "Point", "coordinates": [ -1.694289883333334, 7.63631145 ] } },
{ "type": "Feature", "properties": { "fid": 402.0, "CropType": "maiz", "Photo1": "DCIM/JPEG_20201217134719327.jpg", "Photo2": "DCIM/JPEG_20201217134734267.jpg", "Photo3": "DCIM/JPEG_20201217134753607.jpg", "Photo4": "DCIM/JPEG_20201217134811195.jpg", "Irrigation": "FALSE", "District": "NKOR", "Region": "BoEa", "Zone": "tran", "Date": "2020-12-17", "Technician": "KEAI", "layer": "Points", "path": "C:\\Users\\kobina\\Desktop\\Project_Ken\\Merger\\Merger\\Points.shx|layername=Points", "Points": null }, "geometry": { "type": "Point", "coordinates": [ -1.71779965, 7.612568783333334 ] } },
{ "type": "Feature", "properties": { "fid": 403.0, "CropType": "maiz", "Photo1": "DCIM/JPEG_20201217135527962.jpg", "Photo2": "DCIM/JPEG_20201217135541992.jpg", "Photo3": "DCIM/JPEG_20201217135554148.jpg", "Photo4": "DCIM/JPEG_20201217135606867.jpg", "Irrigation": "FALSE", "District": "NKOR", "Region": "BoEa", "Zone": "tran", "Date": "2020-12-17", "Technician": "KEAI", "layer": "Points", "path": "C:\\Users\\kobina\\Desktop\\Project_Ken\\Merger\\Merger\\Points.shx|layername=Points", "Points": null }, "geometry": { "type": "Point", "coordinates": [ -1.71017345, 7.5933802 ] } },
{ "type": "Feature", "properties": { "fid": 404.0, "CropType": "maiz", "Photo1": "DCIM/JPEG_20201217155901856.jpg", "Photo2": "DCIM/JPEG_20201217155919537.jpg", "Photo3": "DCIM/JPEG_20201217155937681.jpg", "Photo4": "DCIM/JPEG_20201217155958960.jpg", "Irrigation": "FALSE", "District": "NKOR", "Region": "BoEa", "Zone": "tran", "Date": "2020-12-17", "Technician": "KEAI", "layer": "Points", "path": "C:\\Users\\kobina\\Desktop\\Project_Ken\\Merger\\Merger\\Points.shx|layername=Points", "Points": null }, "geometry": { "type": "Point", "coordinates": [ -1.753117628860992, 7.632214957584966 ] } },
{ "type": "Feature", "properties": { "fid": 405.0, "CropType": "maiz", "Photo1": "DCIM/JPEG_20201217160205846.jpg", "Photo2": "DCIM/JPEG_20201217160220287.jpg", "Photo3": "DCIM/JPEG_20201217160230325.jpg", "Photo4": "DCIM/JPEG_20201217160243427.jpg", "Irrigation": "FALSE", "District": "NKOR", "Region": "BoEa", "Zone": "tran", "Date": "2020-12-17", "Technician": "KEAI", "layer": "Points", "path": "C:\\Users\\kobina\\Desktop\\Project_Ken\\Merger\\Merger\\Points.shx|layername=Points", "Points": null }, "geometry": { "type": "Point", "coordinates": [ -1.734986183333334, 7.62531415 ] } },
{ "type": "Feature", "properties": { "fid": 406.0, "CropType": "maiz", "Photo1": "DCIM/JPEG_20201217160847346.jpg", "Photo2": "DCIM/JPEG_20201217160903004.jpg", "Photo3": "DCIM/JPEG_20201217160913430.jpg", "Photo4": "DCIM/JPEG_20201217160925039.jpg", "Irrigation": "FALSE", "District": "NKOR", "Region": "BoEa", "Zone": "tran", "Date": "2020-12-17", "Technician": "KEAI", "layer": "Points", "path": "C:\\Users\\kobina\\Desktop\\Project_Ken\\Merger\\Merger\\Points.shx|layername=Points", "Points": null }, "geometry": { "type": "Point", "coordinates": [ -1.737279383333334, 7.6246674 ] } },
{ "type": "Feature", "properties": { "fid": 423.0, "CropType": "cass", "Photo1": "DCIM/JPEG_20201217161447793.jpg", "Photo2": "DCIM/JPEG_20201217161501900.jpg", "Photo3": "DCIM/JPEG_20201217161517662.jpg", "Photo4": "DCIM/JPEG_20201217161530588.jpg", "Irrigation": "FALSE", "District": "NKOR", "Region": "BoEa", "Zone": "tran", "Date": "2020-12-17", "Technician": "KEAI", "layer": "Points", "path": "C:\\Users\\kobina\\Desktop\\Project_Ken\\Merger\\Merger\\Points.shx|layername=Points", "Points": null }, "geometry": { "type": "Point", "coordinates": [ -1.740956333333333, 7.623876783333333 ] } },
{ "type": "Feature", "properties": { "fid": 424.0, "CropType": "cash", "Photo1": "DCIM/JPEG_20201217162043255.jpg", "Photo2": "DCIM/JPEG_20201217162055033.jpg", "Photo3": "DCIM/JPEG_20201217162107416.jpg", "Photo4": "DCIM/JPEG_20201217162125795.jpg", "Irrigation": "FALSE", "District": "NKOR", "Region": "BoEa", "Zone": "tran", "Date": "2020-12-17", "Technician": "KEAI", "layer": "Points", "path": "C:\\Users\\kobina\\Desktop\\Project_Ken\\Merger\\Merger\\Points.shx|layername=Points", "Points": null }, "geometry": { "type": "Point", "coordinates": [ -1.746039216666667, 7.622914816666668 ] } },
{ "type": "Feature", "properties": { "fid": 425.0, "CropType": "cash", "Photo1": "DCIM/JPEG_20201217162836035.jpg", "Photo2": "DCIM/JPEG_20201217162853851.jpg", "Photo3": "DCIM/JPEG_20201217162905098.jpg", "Photo4": "DCIM/JPEG_20201217162915981.jpg", "Irrigation": "FALSE", "District": "NKOR", "Region": "BoEa", "Zone": "tran", "Date": "2020-12-17", "Technician": "KEAI", "layer": "Points", "path": "C:\\Users\\kobina\\Desktop\\Project_Ken\\Merger\\Merger\\Points.shx|layername=Points", "Points": null }, "geometry": { "type": "Point", "coordinates": [ -1.7584364, 7.625341383333334 ] } },
{ "type": "Feature", "properties": { "fid": 426.0, "CropType": "maiz", "Photo1": "DCIM/JPEG_20201217163545268.jpg", "Photo2": "DCIM/JPEG_20201217163603452.jpg", "Photo3": "DCIM/JPEG_20201217163622623.jpg", "Photo4": "DCIM/JPEG_20201217163635175.jpg", "Irrigation": "FALSE", "District": "NKOR", "Region": "BoEa", "Zone": "tran", "Date": "2020-12-17", "Technician": "KEAI", "layer": "Points", "path": "C:\\Users\\kobina\\Desktop\\Project_Ken\\Merger\\Merger\\Points.shx|layername=Points", "Points": null }, "geometry": { "type": "Point", "coordinates": [ -1.762598, 7.6297238 ] } },
{ "type": "Feature", "properties": { "fid": 427.0, "CropType": "cash", "Photo1": "DCIM/JPEG_20201217164212597.jpg", "Photo2": "DCIM/JPEG_20201217164231810.jpg", "Photo3": "DCIM/JPEG_20201217164247615.jpg", "Photo4": "DCIM/JPEG_20201217164258595.jpg", "Irrigation": "FALSE", "District": "NKOR", "Region": "BoEa", "Zone": "tran", "Date": "2020-12-17", "Technician": "KEAI", "layer": "Points", "path": "C:\\Users\\kobina\\Desktop\\Project_Ken\\Merger\\Merger\\Points.shx|layername=Points", "Points": null }, "geometry": { "type": "Point", "coordinates": [ -1.768625883333333, 7.636146583333335 ] } },
{ "type": "Feature", "properties": { "fid": 428.0, "CropType": "cash", "Photo1": "DCIM/JPEG_20201217164752845.jpg", "Photo2": "DCIM/JPEG_20201217164807808.jpg", "Photo3": "DCIM/JPEG_20201217164824555.jpg", "Photo4": "DCIM/JPEG_20201217164836437.jpg", "Irrigation": "FALSE", "District": "NKOR", "Region": "BoEa", "Zone": "tran", "Date": "2020-12-17", "Technician": "KEAI", "layer": "Points", "path": "C:\\Users\\kobina\\Desktop\\Project_Ken\\Merger\\Merger\\Points.shx|layername=Points", "Points": null }, "geometry": { "type": "Point", "coordinates": [ -1.77357295, 7.642301683333333 ] } },
{ "type": "Feature", "properties": { "fid": 429.0, "CropType": "plnt", "Photo1": "DCIM/JPEG_20201217171413176.jpg", "Photo2": "DCIM/JPEG_20201217171432280.jpg", "Photo3": "DCIM/JPEG_20201217171442856.jpg", "Photo4": "DCIM/JPEG_20201217171458968.jpg", "Irrigation": "FALSE", "District": "NKOR", "Region": "BoEa", "Zone": "tran", "Date": "2020-12-17", "Technician": "KEAI", "layer": "Points", "path": "C:\\Users\\kobina\\Desktop\\Project_Ken\\Merger\\Merger\\Points.shx|layername=Points", "Points": null }, "geometry": { "type": "Point", "coordinates": [ -1.7593923, 7.686565466666669 ] } },
{ "type": "Feature", "properties": { "fid": 430.0, "CropType": "plnt", "Photo1": "DCIM/JPEG_20201217171813479.jpg", "Photo2": "DCIM/JPEG_20201217171827978.jpg", "Photo3": "DCIM/JPEG_20201217171839275.jpg", "Photo4": "DCIM/JPEG_20201217171851344.jpg", "Irrigation": "FALSE", "District": "NKOR", "Region": "BoEa", "Zone": "tran", "Date": "2020-12-17", "Technician": "KEAI", "layer": "Points", "path": "C:\\Users\\kobina\\Desktop\\Project_Ken\\Merger\\Merger\\Points.shx|layername=Points", "Points": null }, "geometry": { "type": "Point", "coordinates": [ -1.761328233333334, 7.686017966666668 ] } },
{ "type": "Feature", "properties": { "fid": 415.0, "CropType": "cash", "Photo1": "DCIM/JPEG_20201217173431779.jpg", "Photo2": "DCIM/JPEG_20201217173501562.jpg", "Photo3": "DCIM/JPEG_20201217173517773.jpg", "Photo4": "DCIM/JPEG_20201217173536108.jpg", "Irrigation": "FALSE", "District": "NKOR", "Region": "BoEa", "Zone": "tran", "Date": "2020-12-17", "Technician": "KEAI", "layer": "Points", "path": "C:\\Users\\kobina\\Desktop\\Project_Ken\\Merger\\Merger\\Points.shx|layername=Points", "Points": null }, "geometry": { "type": "Point", "coordinates": [ -1.789358033333333, 7.682054816666668 ] } },
{ "type": "Feature", "properties": { "fid": 416.0, "CropType": "man", "Photo1": "DCIM/JPEG_20201217174459140.jpg", "Photo2": "DCIM/JPEG_20201217174513763.jpg", "Photo3": "DCIM/JPEG_20201217174530292.jpg", "Photo4": "DCIM/JPEG_20201217174549155.jpg", "Irrigation": "FALSE", "District": "NKOR", "Region": "BoEa", "Zone": "tran", "Date": "2020-12-17", "Technician": "KEAI", "layer": "Points", "path": "C:\\Users\\kobina\\Desktop\\Project_Ken\\Merger\\Merger\\Points.shx|layername=Points", "Points": null }, "geometry": { "type": "Point", "coordinates": [ -1.797629016666667, 7.678351116666666 ] } },
{ "type": "Feature", "properties": { "fid": 417.0, "CropType": "gaeg", "Photo1": "DCIM/JPEG_20201218101735571.jpg", "Photo2": "DCIM/JPEG_20201218101752427.jpg", "Photo3": "DCIM/JPEG_20201218101823130.jpg", "Photo4": "DCIM/JPEG_20201218101844880.jpg", "Irrigation": "TRUE", "District": "TECH", "Region": "BoEa", "Zone": "tran", "Date": "2020-12-18", "Technician": "KEAI", "layer": "Points", "path": "C:\\Users\\kobina\\Desktop\\Project_Ken\\Merger\\Merger\\Points.shx|layername=Points", "Points": null }, "geometry": { "type": "Point", "coordinates": [ -1.96656065, 7.781081066666668 ] } },
{ "type": "Feature", "properties": { "fid": 418.0, "CropType": "cabb", "Photo1": "DCIM/JPEG_20201218102105314.jpg", "Photo2": "DCIM/JPEG_20201218102118988.jpg", "Photo3": "DCIM/JPEG_20201218102131072.jpg", "Photo4": "DCIM/JPEG_20201218102148456.jpg", "Irrigation": "TRUE", "District": "TECH", "Region": "BoEa", "Zone": "tran", "Date": "2020-12-18", "Technician": "KEAI", "layer": "Points", "path": "C:\\Users\\kobina\\Desktop\\Project_Ken\\Merger\\Merger\\Points.shx|layername=Points", "Points": null }, "geometry": { "type": "Point", "coordinates": [ -1.96656065, 7.781081066666668 ] } },
{ "type": "Feature", "properties": { "fid": 419.0, "CropType": "maiz", "Photo1": "DCIM/JPEG_20201218105359329.jpg", "Photo2": "DCIM/JPEG_20201218105415236.jpg", "Photo3": "DCIM/JPEG_20201218105429518.jpg", "Photo4": "DCIM/JPEG_20201218105443969.jpg", "Irrigation": "FALSE", "District": "TECH", "Region": "BoEa", "Zone": "tran", "Date": "2020-12-18", "Technician": "KEAI", "layer": "Points", "path": "C:\\Users\\kobina\\Desktop\\Project_Ken\\Merger\\Merger\\Points.shx|layername=Points", "Points": null }, "geometry": { "type": "Point", "coordinates": [ -1.8604801, 7.670499983333334 ] } },
{ "type": "Feature", "properties": { "fid": 420.0, "CropType": "cash", "Photo1": "DCIM/JPEG_20201218111324034.jpg", "Photo2": "DCIM/JPEG_20201218111334596.jpg", "Photo3": "DCIM/JPEG_20201218111343903.jpg", "Photo4": "DCIM/JPEG_20201218111358627.jpg", "Irrigation": "FALSE", "District": "NKOR", "Region": "BoEa", "Zone": "tran", "Date": "2020-12-18", "Technician": "KEAI", "layer": "Points", "path": "C:\\Users\\kobina\\Desktop\\Project_Ken\\Merger\\Merger\\Points.shx|layername=Points", "Points": null }, "geometry": { "type": "Point", "coordinates": [ -1.834976516666667, 7.689388166666667 ] } },
{ "type": "Feature", "properties": { "fid": 421.0, "CropType": "cash", "Photo1": "DCIM/JPEG_20201218115600853.jpg", "Photo2": "DCIM/JPEG_20201218115614713.jpg", "Photo3": "DCIM/JPEG_20201218115623883.jpg", "Photo4": "DCIM/JPEG_20201218115634072.jpg", "Irrigation": "FALSE", "District": "NKOR", "Region": "BoEa", "Zone": "tran", "Date": "2020-12-18", "Technician": "KEAI", "layer": "Points", "path": "C:\\Users\\kobina\\Desktop\\Project_Ken\\Merger\\Merger\\Points.shx|layername=Points", "Points": null }, "geometry": { "type": "Point", "coordinates": [ -1.753256516666667, 7.70377365 ] } },
{ "type": "Feature", "properties": { "fid": 422.0, "CropType": "maiz", "Photo1": "DCIM/JPEG_20201218120115108.jpg", "Photo2": "DCIM/JPEG_20201218120126858.jpg", "Photo3": "DCIM/JPEG_20201218120136387.jpg", "Photo4": "DCIM/JPEG_20201218120147184.jpg", "Irrigation": "FALSE", "District": "NKOR", "Region": "BoEa", "Zone": "tran", "Date": "2020-12-18", "Technician": "KEAI", "layer": "Points", "path": "C:\\Users\\kobina\\Desktop\\Project_Ken\\Merger\\Merger\\Points.shx|layername=Points", "Points": null }, "geometry": { "type": "Point", "coordinates": [ -1.754499583333333, 7.71163245 ] } },
{ "type": "Feature", "properties": { "fid": 58.0, "CropType": "maiz", "Photo1": "DCIM/JPEG_20201218121954890.jpg", "Photo2": "DCIM/JPEG_20201218122009839.jpg", "Photo3": "DCIM/JPEG_20201218122021185.jpg", "Photo4": "DCIM/JPEG_20201218122033850.jpg", "Irrigation": "FALSE", "District": "NKOR", "Region": "BoEa", "Zone": "tran", "Date": "2020-12-18", "Technician": "KEAI", "layer": "Points", "path": "C:\\Users\\kobina\\Desktop\\Project_Ken\\Merger\\Merger\\Points.shx|layername=Points", "Points": null }, "geometry": { "type": "Point", "coordinates": [ -1.732842366666667, 7.732094033333333 ] } },
{ "type": "Feature", "properties": { "fid": 60.0, "CropType": "maiz", "Photo1": "DCIM/JPEG_20201218123015772.jpg", "Photo2": "DCIM/JPEG_20201218123025935.jpg", "Photo3": "DCIM/JPEG_20201218123036579.jpg", "Photo4": "DCIM/JPEG_20201218123047655.jpg", "Irrigation": "FALSE", "District": "NKOR", "Region": "BoEa", "Zone": "tran", "Date": "2020-12-18", "Technician": "KEAI", "layer": "Points", "path": "C:\\Users\\kobina\\Desktop\\Project_Ken\\Merger\\Merger\\Points.shx|layername=Points", "Points": null }, "geometry": { "type": "Point", "coordinates": [ -1.726962933333333, 7.7353221 ] } },
{ "type": "Feature", "properties": { "fid": 61.0, "CropType": "maiz", "Photo1": "DCIM/JPEG_20201218124606999.jpg", "Photo2": "DCIM/JPEG_20201218124621375.jpg", "Photo3": "DCIM/JPEG_20201218124633987.jpg", "Photo4": "DCIM/JPEG_20201218124651026.jpg", "Irrigation": "FALSE", "District": "NKOR", "Region": "BoEa", "Zone": "tran", "Date": "2020-12-18", "Technician": "KEAI", "layer": "Points", "path": "C:\\Users\\kobina\\Desktop\\Project_Ken\\Merger\\Merger\\Points.shx|layername=Points", "Points": null }, "geometry": { "type": "Point", "coordinates": [ -1.711491283333333, 7.7580564 ] } },
{ "type": "Feature", "properties": { "fid": 62.0, "CropType": "cash", "Photo1": "DCIM/JPEG_20201218131735480.jpg", "Photo2": "DCIM/JPEG_20201218131749666.jpg", "Photo3": "DCIM/JPEG_20201218131811904.jpg", "Photo4": "DCIM/JPEG_20201218131826885.jpg", "Irrigation": "FALSE", "District": "NKOR", "Region": "BoEa", "Zone": "tran", "Date": "2020-12-18", "Technician": "KEAI", "layer": "Points", "path": "C:\\Users\\kobina\\Desktop\\Project_Ken\\Merger\\Merger\\Points.shx|layername=Points", "Points": null }, "geometry": { "type": "Point", "coordinates": [ -1.760724566666667, 7.733594066666667 ] } },
{ "type": "Feature", "properties": { "fid": 63.0, "CropType": "man", "Photo1": "DCIM/JPEG_20201218132505427.jpg", "Photo2": "DCIM/JPEG_20201218132522059.jpg", "Photo3": "DCIM/JPEG_20201218132534582.jpg", "Photo4": "DCIM/JPEG_20201218132552648.jpg", "Irrigation": "FALSE", "District": "NKOR", "Region": "BoEa", "Zone": "tran", "Date": "2020-12-18", "Technician": "KEAI", "layer": "Points", "path": "C:\\Users\\kobina\\Desktop\\Project_Ken\\Merger\\Merger\\Points.shx|layername=Points", "Points": null }, "geometry": { "type": "Point", "coordinates": [ -1.760496783333333, 7.736703433333333 ] } },
{ "type": "Feature", "properties": { "fid": 64.0, "CropType": "maiz", "Photo1": "DCIM/JPEG_20201218133138144.jpg", "Photo2": "DCIM/JPEG_20201218133155863.jpg", "Photo3": "DCIM/JPEG_20201218133209868.jpg", "Photo4": "DCIM/JPEG_20201218133230956.jpg", "Irrigation": "FALSE", "District": "NKOR", "Region": "BoEa", "Zone": "tran", "Date": "2020-12-18", "Technician": "KEAI", "layer": "Points", "path": "C:\\Users\\kobina\\Desktop\\Project_Ken\\Merger\\Merger\\Points.shx|layername=Points", "Points": null }, "geometry": { "type": "Point", "coordinates": [ -1.75905375, 7.740470333333335 ] } },
{ "type": "Feature", "properties": { "fid": 65.0, "CropType": "maiz", "Photo1": "DCIM/JPEG_20201218133821437.jpg", "Photo2": "DCIM/JPEG_20201218133836506.jpg", "Photo3": "DCIM/JPEG_20201218133851478.jpg", "Photo4": "DCIM/JPEG_20201218133905414.jpg", "Irrigation": "FALSE", "District": "NKOR", "Region": "BoEa", "Zone": "tran", "Date": "2020-12-18", "Technician": "KEAI", "layer": "Points", "path": "C:\\Users\\kobina\\Desktop\\Project_Ken\\Merger\\Merger\\Points.shx|layername=Points", "Points": null }, "geometry": { "type": "Point", "coordinates": [ -1.757997066666667, 7.75125965 ] } },
{ "type": "Feature", "properties": { "fid": 50.0, "CropType": "maiz", "Photo1": "DCIM/JPEG_20201218134410202.jpg", "Photo2": "DCIM/JPEG_20201218134427702.jpg", "Photo3": "DCIM/JPEG_20201218134439280.jpg", "Photo4": "DCIM/JPEG_20201218134456888.jpg", "Irrigation": "FALSE", "District": "NKOR", "Region": "BoEa", "Zone": "tran", "Date": "2020-12-18", "Technician": "KEAI", "layer": "Points", "path": "C:\\Users\\kobina\\Desktop\\Project_Ken\\Merger\\Merger\\Points.shx|layername=Points", "Points": null }, "geometry": { "type": "Point", "coordinates": [ -1.759836983333333, 7.764712316666669 ] } },
{ "type": "Feature", "properties": { "fid": 51.0, "CropType": "cash", "Photo1": "DCIM/JPEG_20201218134749963.jpg", "Photo2": "DCIM/JPEG_20201218134803283.jpg", "Photo3": "DCIM/JPEG_20201218134826666.jpg", "Photo4": "DCIM/JPEG_20201218134837055.jpg", "Irrigation": "FALSE", "District": "NKOR", "Region": "BoEa", "Zone": "tran", "Date": "2020-12-18", "Technician": "KEAI", "layer": "Points", "path": "C:\\Users\\kobina\\Desktop\\Project_Ken\\Merger\\Merger\\Points.shx|layername=Points", "Points": null }, "geometry": { "type": "Point", "coordinates": [ -1.759541483333333, 7.767425383333334 ] } },
{ "type": "Feature", "properties": { "fid": 52.0, "CropType": "maiz", "Photo1": "DCIM/JPEG_20201218152813651.jpg", "Photo2": "DCIM/JPEG_20201218152827431.jpg", "Photo3": "DCIM/JPEG_20201218152837071.jpg", "Photo4": "DCIM/JPEG_20201218152847933.jpg", "Irrigation": "FALSE", "District": "NKOR", "Region": "BoEa", "Zone": "tran", "Date": "2020-12-18", "Technician": "KEAI", "layer": "Points", "path": "C:\\Users\\kobina\\Desktop\\Project_Ken\\Merger\\Merger\\Points.shx|layername=Points", "Points": null }, "geometry": { "type": "Point", "coordinates": [ -1.749698516666667, 7.544933966666666 ] } },
{ "type": "Feature", "properties": { "fid": 53.0, "CropType": "maiz", "Photo1": "DCIM/JPEG_20201218153159454.jpg", "Photo2": "DCIM/JPEG_20201218153210975.jpg", "Photo3": "DCIM/JPEG_20201218153219435.jpg", "Photo4": "DCIM/JPEG_20201218153231669.jpg", "Irrigation": "FALSE", "District": "NKOR", "Region": "BoEa", "Zone": "tran", "Date": "2020-12-18", "Technician": "KEAI", "layer": "Points", "path": "C:\\Users\\kobina\\Desktop\\Project_Ken\\Merger\\Merger\\Points.shx|layername=Points", "Points": null }, "geometry": { "type": "Point", "coordinates": [ -1.749698516666667, 7.544933966666666 ] } },
{ "type": "Feature", "properties": { "fid": 54.0, "CropType": "maiz", "Photo1": "DCIM/JPEG_20201218153632884.jpg", "Photo2": "DCIM/JPEG_20201218153645363.jpg", "Photo3": "DCIM/JPEG_20201218153656404.jpg", "Photo4": "DCIM/JPEG_20201218153709224.jpg", "Irrigation": "FALSE", "District": "NKOR", "Region": "BoEa", "Zone": "tran", "Date": "2020-12-18", "Technician": "KEAI", "layer": "Points", "path": "C:\\Users\\kobina\\Desktop\\Project_Ken\\Merger\\Merger\\Points.shx|layername=Points", "Points": null }, "geometry": { "type": "Point", "coordinates": [ -1.749755133333333, 7.5429419 ] } },
{ "type": "Feature", "properties": { "fid": 55.0, "CropType": "cass", "Photo1": "DCIM/JPEG_20201218154237203.jpg", "Photo2": "DCIM/JPEG_20201218154256688.jpg", "Photo3": "DCIM/JPEG_20201218154307477.jpg", "Photo4": "DCIM/JPEG_20201218154316171.jpg", "Irrigation": "FALSE", "District": "NKOR", "Region": "BoEa", "Zone": "tran", "Date": "2020-12-18", "Technician": "KEAI", "layer": "Points", "path": "C:\\Users\\kobina\\Desktop\\Project_Ken\\Merger\\Merger\\Points.shx|layername=Points", "Points": null }, "geometry": { "type": "Point", "coordinates": [ -1.751695633333334, 7.544894666666665 ] } },
{ "type": "Feature", "properties": { "fid": 56.0, "CropType": "maiz", "Photo1": "DCIM/JPEG_20201218154632071.jpg", "Photo2": "DCIM/JPEG_20201218154643200.jpg", "Photo3": "DCIM/JPEG_20201218154654192.jpg", "Photo4": "DCIM/JPEG_20201218154704821.jpg", "Irrigation": "FALSE", "District": "NKOR", "Region": "BoEa", "Zone": "tran", "Date": "2020-12-18", "Technician": "KEAI", "layer": "Points", "path": "C:\\Users\\kobina\\Desktop\\Project_Ken\\Merger\\Merger\\Points.shx|layername=Points", "Points": null }, "geometry": { "type": "Point", "coordinates": [ -1.751460183333334, 7.54381505 ] } },
{ "type": "Feature", "properties": { "fid": 57.0, "CropType": "man", "Photo1": "DCIM/JPEG_20201218155032581.jpg", "Photo2": "DCIM/JPEG_20201218155045138.jpg", "Photo3": "DCIM/JPEG_20201218155057171.jpg", "Photo4": "DCIM/JPEG_20201218155114201.jpg", "Irrigation": "FALSE", "District": "NKOR", "Region": "BoEa", "Zone": "tran", "Date": "2020-12-18", "Technician": "KEAI", "layer": "Points", "path": "C:\\Users\\kobina\\Desktop\\Project_Ken\\Merger\\Merger\\Points.shx|layername=Points", "Points": null }, "geometry": { "type": "Point", "coordinates": [ -1.7522475, 7.544619466666666 ] } },
{ "type": "Feature", "properties": { "fid": 75.0, "CropType": "cowp", "Photo1": "DCIM/JPEG_20201218155812989.jpg", "Photo2": "DCIM/JPEG_20201218155825614.jpg", "Photo3": "DCIM/JPEG_20201218155834106.jpg", "Photo4": "DCIM/JPEG_20201218155843359.jpg", "Irrigation": "FALSE", "District": "NKOR", "Region": "BoEa", "Zone": "tran", "Date": "2020-12-18", "Technician": "KEAI", "layer": "Points", "path": "C:\\Users\\kobina\\Desktop\\Project_Ken\\Merger\\Merger\\Points.shx|layername=Points", "Points": null }, "geometry": { "type": "Point", "coordinates": [ -1.757123116666667, 7.544520283333332 ] } },
{ "type": "Feature", "properties": { "fid": 76.0, "CropType": "cass", "Photo1": "DCIM/JPEG_20201218161025533.jpg", "Photo2": "DCIM/JPEG_20201218161044336.jpg", "Photo3": "DCIM/JPEG_20201218161055385.jpg", "Photo4": "DCIM/JPEG_20201218161106645.jpg", "Irrigation": "FALSE", "District": "NKOR", "Region": "BoEa", "Zone": "tran", "Date": "2020-12-18", "Technician": "KEAI", "layer": "Points", "path": "C:\\Users\\kobina\\Desktop\\Project_Ken\\Merger\\Merger\\Points.shx|layername=Points", "Points": null }, "geometry": { "type": "Point", "coordinates": [ -1.76307855, 7.543775816666667 ] } },
{ "type": "Feature", "properties": { "fid": 7.0, "CropType": "maiz", "Photo1": "DCIM/JPEG_20201218161526986.jpg", "Photo2": "DCIM/JPEG_20201218161539487.jpg", "Photo3": "DCIM/JPEG_20201218161547799.jpg", "Photo4": "DCIM/JPEG_20201218161558374.jpg", "Irrigation": "FALSE", "District": "NKOR", "Region": "BoEa", "Zone": "tran", "Date": "2020-12-18", "Technician": "KEAI", "layer": "Points", "path": "C:\\Users\\kobina\\Desktop\\Project_Ken\\Merger\\Merger\\Points.shx|layername=Points", "Points": null }, "geometry": { "type": "Point", "coordinates": [ -1.766031583333334, 7.543739616666667 ] } },
{ "type": "Feature", "properties": { "fid": 627.0, "CropType": "man", "Photo1": "DCIM/JPEG_20201218162049982.jpg", "Photo2": "DCIM/JPEG_20201218162103168.jpg", "Photo3": "DCIM/JPEG_20201218162119244.jpg", "Photo4": "DCIM/JPEG_20201218162132715.jpg", "Irrigation": "FALSE", "District": "NKOR", "Region": "BoEa", "Zone": "tran", "Date": "2020-12-18", "Technician": "KEAI", "layer": "Points", "path": "C:\\Users\\kobina\\Desktop\\Project_Ken\\Merger\\Merger\\Points.shx|layername=Points", "Points": null }, "geometry": { "type": "Point", "coordinates": [ -1.7682459, 7.5444876 ] } },
{ "type": "Feature", "properties": { "fid": 78.0, "CropType": "cass", "Photo1": "DCIM/JPEG_20201218163658859.jpg", "Photo2": "DCIM/JPEG_20201218163711126.jpg", "Photo3": "DCIM/JPEG_20201218163726258.jpg", "Photo4": "DCIM/JPEG_20201218163742547.jpg", "Irrigation": "FALSE", "District": "NKOR", "Region": "BoEa", "Zone": "tran", "Date": "2020-12-18", "Technician": "KEAI", "layer": "Points", "path": "C:\\Users\\kobina\\Desktop\\Project_Ken\\Merger\\Merger\\Points.shx|layername=Points", "Points": null }, "geometry": { "type": "Point", "coordinates": [ -1.7929184, 7.55338495 ] } },
{ "type": "Feature", "properties": { "fid": 79.0, "CropType": "maiz", "Photo1": "DCIM/JPEG_20201218164713822.jpg", "Photo2": "DCIM/JPEG_20201218164725102.jpg", "Photo3": "DCIM/JPEG_20201218164736988.jpg", "Photo4": "DCIM/JPEG_20201218164746269.jpg", "Irrigation": "FALSE", "District": "NKOR", "Region": "BoEa", "Zone": "tran", "Date": "2020-12-18", "Technician": "KEAI", "layer": "Points", "path": "C:\\Users\\kobina\\Desktop\\Project_Ken\\Merger\\Merger\\Points.shx|layername=Points", "Points": null }, "geometry": { "type": "Point", "coordinates": [ -1.797449333333333, 7.560027616666668 ] } },
{ "type": "Feature", "properties": { "fid": 80.0, "CropType": "maiz", "Photo1": "DCIM/JPEG_20201218162433346.jpg", "Photo2": "DCIM/JPEG_20201218162444834.jpg", "Photo3": "DCIM/JPEG_20201218162455988.jpg", "Photo4": "DCIM/JPEG_20201218162508096.jpg", "Irrigation": "FALSE", "District": "NKOR", "Region": "BoEa", "Zone": "tran", "Date": "2020-12-18", "Technician": "KEAI", "layer": "Points", "path": "C:\\Users\\kobina\\Desktop\\Project_Ken\\Merger\\Merger\\Points.shx|layername=Points", "Points": null }, "geometry": { "type": "Point", "coordinates": [ -1.76805295, 7.544904316666668 ] } },
{ "type": "Feature", "properties": { "fid": 66.0, "CropType": "plnt", "Photo1": "DCIM/JPEG_20201218164219786.jpg", "Photo2": "DCIM/JPEG_20201218164235037.jpg", "Photo3": "DCIM/JPEG_20201218164249718.jpg", "Photo4": "DCIM/JPEG_20201218164304482.jpg", "Irrigation": "FALSE", "District": "NKOR", "Region": "BoEa", "Zone": "tran", "Date": "2020-12-18", "Technician": "KEAI", "layer": "Points", "path": "C:\\Users\\kobina\\Desktop\\Project_Ken\\Merger\\Merger\\Points.shx|layername=Points", "Points": null }, "geometry": { "type": "Point", "coordinates": [ -1.795774366666667, 7.556847983333334 ] } },
{ "type": "Feature", "properties": { "fid": 67.0, "CropType": "maiz", "Photo1": "DCIM/JPEG_20201218165013586.jpg", "Photo2": "DCIM/JPEG_20201218165027443.jpg", "Photo3": "DCIM/JPEG_20201218165039205.jpg", "Photo4": "DCIM/JPEG_20201218165050825.jpg", "Irrigation": "FALSE", "District": "NKOR", "Region": "BoEa", "Zone": "tran", "Date": "2020-12-18", "Technician": "KEAI", "layer": "Points", "path": "C:\\Users\\kobina\\Desktop\\Project_Ken\\Merger\\Merger\\Points.shx|layername=Points", "Points": null }, "geometry": { "type": "Point", "coordinates": [ -1.797040483333333, 7.5603838 ] } },
{ "type": "Feature", "properties": { "fid": 68.0, "CropType": "cass", "Photo1": "DCIM/JPEG_20201218165355810.jpg", "Photo2": "DCIM/JPEG_20201218165408364.jpg", "Photo3": "DCIM/JPEG_20201218165420145.jpg", "Photo4": "DCIM/JPEG_20201218165428789.jpg", "Irrigation": "FALSE", "District": "NKOR", "Region": "BoEa", "Zone": "tran", "Date": "2020-12-18", "Technician": "KEAI", "layer": "Points", "path": "C:\\Users\\kobina\\Desktop\\Project_Ken\\Merger\\Merger\\Points.shx|layername=Points", "Points": null }, "geometry": { "type": "Point", "coordinates": [ -1.798519583333333, 7.562711233333332 ] } },
{ "type": "Feature", "properties": { "fid": 69.0, "CropType": "maiz", "Photo1": "DCIM/JPEG_20201218165755084.jpg", "Photo2": "DCIM/JPEG_20201218165805753.jpg", "Photo3": "DCIM/JPEG_20201218165814973.jpg", "Photo4": "DCIM/JPEG_20201218165824515.jpg", "Irrigation": "FALSE", "District": "NKOR", "Region": "BoEa", "Zone": "tran", "Date": "2020-12-18", "Technician": "KEAI", "layer": "Points", "path": "C:\\Users\\kobina\\Desktop\\Project_Ken\\Merger\\Merger\\Points.shx|layername=Points", "Points": null }, "geometry": { "type": "Point", "coordinates": [ -1.7990637, 7.562817216666669 ] } },
{ "type": "Feature", "properties": { "fid": 70.0, "CropType": "maiz", "Photo1": "DCIM/JPEG_20201218170231180.jpg", "Photo2": "DCIM/JPEG_20201218170242639.jpg", "Photo3": "DCIM/JPEG_20201218170250973.jpg", "Photo4": "DCIM/JPEG_20201218170303777.jpg", "Irrigation": "FALSE", "District": "NKOR", "Region": "BoEa", "Zone": "tran", "Date": "2020-12-18", "Technician": "KEAI", "layer": "Points", "path": "C:\\Users\\kobina\\Desktop\\Project_Ken\\Merger\\Merger\\Points.shx|layername=Points", "Points": null }, "geometry": { "type": "Point", "coordinates": [ -1.801156116666667, 7.565469133333333 ] } },
{ "type": "Feature", "properties": { "fid": 71.0, "CropType": "cass", "Photo1": "DCIM/JPEG_20201218170716931.jpg", "Photo2": "DCIM/JPEG_20201218170732420.jpg", "Photo3": "DCIM/JPEG_20201218170743994.jpg", "Photo4": "DCIM/JPEG_20201218170757956.jpg", "Irrigation": "FALSE", "District": "NKOR", "Region": "BoEa", "Zone": "tran", "Date": "2020-12-18", "Technician": "KEAI", "layer": "Points", "path": "C:\\Users\\kobina\\Desktop\\Project_Ken\\Merger\\Merger\\Points.shx|layername=Points", "Points": null }, "geometry": { "type": "Point", "coordinates": [ -1.802120783333333, 7.566282383333334 ] } },
{ "type": "Feature", "properties": { "fid": 72.0, "CropType": "cass", "Photo1": "DCIM/JPEG_20201218171036024.jpg", "Photo2": "DCIM/JPEG_20201218171048656.jpg", "Photo3": "DCIM/JPEG_20201218171101651.jpg", "Photo4": "DCIM/JPEG_20201218171113279.jpg", "Irrigation": "FALSE", "District": "NKOR", "Region": "BoEa", "Zone": "tran", "Date": "2020-12-18", "Technician": "KEAI", "layer": "Points", "path": "C:\\Users\\kobina\\Desktop\\Project_Ken\\Merger\\Merger\\Points.shx|layername=Points", "Points": null }, "geometry": { "type": "Point", "coordinates": [ -1.802418433333333, 7.565776083333334 ] } },
{ "type": "Feature", "properties": { "fid": 73.0, "CropType": "cass", "Photo1": "DCIM/JPEG_20201218171539660.jpg", "Photo2": "DCIM/JPEG_20201218171552952.jpg", "Photo3": "DCIM/JPEG_20201218171602641.jpg", "Photo4": "DCIM/JPEG_20201218171619358.jpg", "Irrigation": "FALSE", "District": "NKOR", "Region": "BoEa", "Zone": "tran", "Date": "2020-12-18", "Technician": "KEAI", "layer": "Points", "path": "C:\\Users\\kobina\\Desktop\\Project_Ken\\Merger\\Merger\\Points.shx|layername=Points", "Points": null }, "geometry": { "type": "Point", "coordinates": [ -1.804808816666667, 7.567986533333335 ] } },
{ "type": "Feature", "properties": { "fid": 89.0, "CropType": "plnt", "Photo1": "DCIM/JPEG_20201218172728451.jpg", "Photo2": "DCIM/JPEG_20201218172742491.jpg", "Photo3": "DCIM/JPEG_20201218172753732.jpg", "Photo4": "DCIM/JPEG_20201218172802591.jpg", "Irrigation": "FALSE", "District": "NKOR", "Region": "BoEa", "Zone": "tran", "Date": "2020-12-18", "Technician": "KEAI", "layer": "Points", "path": "C:\\Users\\kobina\\Desktop\\Project_Ken\\Merger\\Merger\\Points.shx|layername=Points", "Points": null }, "geometry": { "type": "Point", "coordinates": [ -1.8221208, 7.582498816666668 ] } },
{ "type": "Feature", "properties": { "fid": 90.0, "CropType": "yams", "Photo1": "DCIM/JPEG_20201218173043767.jpg", "Photo2": "DCIM/JPEG_20201218173057651.jpg", "Photo3": "DCIM/JPEG_20201218173108181.jpg", "Photo4": "DCIM/JPEG_20201218173119827.jpg", "Irrigation": "FALSE", "District": "NKOR", "Region": "BoEa", "Zone": "tran", "Date": "2020-12-18", "Technician": "KEAI", "layer": "Points", "path": "C:\\Users\\kobina\\Desktop\\Project_Ken\\Merger\\Merger\\Points.shx|layername=Points", "Points": null }, "geometry": { "type": "Point", "coordinates": [ -1.821717266666666, 7.58278515 ] } },
{ "type": "Feature", "properties": { "fid": 91.0, "CropType": "cass", "Photo1": "DCIM/JPEG_20201218173449152.jpg", "Photo2": "DCIM/JPEG_20201218173459659.jpg", "Photo3": "DCIM/JPEG_20201218173508687.jpg", "Photo4": "DCIM/JPEG_20201218173521439.jpg", "Irrigation": "FALSE", "District": "NKOR", "Region": "BoEa", "Zone": "tran", "Date": "2020-12-18", "Technician": "KEAI", "layer": "Points", "path": "C:\\Users\\kobina\\Desktop\\Project_Ken\\Merger\\Merger\\Points.shx|layername=Points", "Points": null }, "geometry": { "type": "Point", "coordinates": [ -1.822502133333334, 7.582847666666668 ] } },
{ "type": "Feature", "properties": { "fid": 92.0, "CropType": "cass", "Photo1": "DCIM/JPEG_20201218173927999.jpg", "Photo2": "DCIM/JPEG_20201218173941626.jpg", "Photo3": "DCIM/JPEG_20201218173954079.jpg", "Photo4": "DCIM/JPEG_20201218174012677.jpg", "Irrigation": "FALSE", "District": "NKOR", "Region": "BoEa", "Zone": "tran", "Date": "2020-12-18", "Technician": "KEAI", "layer": "Points", "path": "C:\\Users\\kobina\\Desktop\\Project_Ken\\Merger\\Merger\\Points.shx|layername=Points", "Points": null }, "geometry": { "type": "Point", "coordinates": [ -1.8278427, 7.5836471 ] } },
{ "type": "Feature", "properties": { "fid": 93.0, "CropType": "man", "Photo1": "DCIM/JPEG_20201218174237900.jpg", "Photo2": "DCIM/JPEG_20201218174252682.jpg", "Photo3": "DCIM/JPEG_20201218174304361.jpg", "Photo4": "DCIM/JPEG_20201218174322084.jpg", "Irrigation": "FALSE", "District": "NKOR", "Region": "BoEa", "Zone": "tran", "Date": "2020-12-18", "Technician": "KEAI", "layer": "Points", "path": "C:\\Users\\kobina\\Desktop\\Project_Ken\\Merger\\Merger\\Points.shx|layername=Points", "Points": null }, "geometry": { "type": "Point", "coordinates": [ -1.828189933333333, 7.583293916666667 ] } },
{ "type": "Feature", "properties": { "fid": 94.0, "CropType": "plnt", "Photo1": "DCIM/JPEG_20201219093536419.jpg", "Photo2": "DCIM/JPEG_20201219093550638.jpg", "Photo3": "DCIM/JPEG_20201219093604654.jpg", "Photo4": "DCIM/JPEG_20201219093613839.jpg", "Irrigation": "FALSE", "District": "NKOR", "Region": "BoEa", "Zone": "tran", "Date": "2020-12-19", "Technician": "KEAI", "layer": "Points", "path": "C:\\Users\\kobina\\Desktop\\Project_Ken\\Merger\\Merger\\Points.shx|layername=Points", "Points": null }, "geometry": { "type": "Point", "coordinates": [ -1.847184216666667, 7.586803416666668 ] } },
{ "type": "Feature", "properties": { "fid": 95.0, "CropType": "coco", "Photo1": "DCIM/JPEG_20201219093740984.jpg", "Photo2": "DCIM/JPEG_20201219093753501.jpg", "Photo3": "DCIM/JPEG_20201219093807722.jpg", "Photo4": "DCIM/JPEG_20201219093818066.jpg", "Irrigation": "FALSE", "District": "NKOR", "Region": "BoEa", "Zone": "tran", "Date": "2020-12-19", "Technician": "KEAI", "layer": "Points", "path": "C:\\Users\\kobina\\Desktop\\Project_Ken\\Merger\\Merger\\Points.shx|layername=Points", "Points": null }, "geometry": { "type": "Point", "coordinates": [ -1.846928133333333, 7.586604133333333 ] } },
{ "type": "Feature", "properties": { "fid": 96.0, "CropType": "yams", "Photo1": "DCIM/JPEG_20201219095103225.jpg", "Photo2": "DCIM/JPEG_20201219095118002.jpg", "Photo3": "DCIM/JPEG_20201219095127765.jpg", "Photo4": "DCIM/JPEG_20201219095142843.jpg", "Irrigation": "FALSE", "District": "NKOR", "Region": "BoEa", "Zone": "tran", "Date": "2020-12-19", "Technician": "KEAI", "layer": "Points", "path": "C:\\Users\\kobina\\Desktop\\Project_Ken\\Merger\\Merger\\Points.shx|layername=Points", "Points": null }, "geometry": { "type": "Point", "coordinates": [ -1.80955025, 7.5814756 ] } },
{ "type": "Feature", "properties": { "fid": 81.0, "CropType": "yams", "Photo1": "DCIM/JPEG_20201219095854146.jpg", "Photo2": "DCIM/JPEG_20201219095907782.jpg", "Photo3": "DCIM/JPEG_20201219095918796.jpg", "Photo4": "DCIM/JPEG_20201219095930927.jpg", "Irrigation": "FALSE", "District": "NKOR", "Region": "BoEa", "Zone": "tran", "Date": "2020-12-19", "Technician": "KEAI", "layer": "Points", "path": "C:\\Users\\kobina\\Desktop\\Project_Ken\\Merger\\Merger\\Points.shx|layername=Points", "Points": null }, "geometry": { "type": "Point", "coordinates": [ -1.80543695, 7.589625366666666 ] } },
{ "type": "Feature", "properties": { "fid": 82.0, "CropType": "yams", "Photo1": "DCIM/JPEG_20201219100251110.jpg", "Photo2": "DCIM/JPEG_20201219100304717.jpg", "Photo3": "DCIM/JPEG_20201219100315050.jpg", "Photo4": "DCIM/JPEG_20201219100323740.jpg", "Irrigation": "FALSE", "District": "NKOR", "Region": "BoEa", "Zone": "tran", "Date": "2020-12-19", "Technician": "KEAI", "layer": "Points", "path": "C:\\Users\\kobina\\Desktop\\Project_Ken\\Merger\\Merger\\Points.shx|layername=Points", "Points": null }, "geometry": { "type": "Point", "coordinates": [ -1.805188783333334, 7.5889375 ] } },
{ "type": "Feature", "properties": { "fid": 83.0, "CropType": "yams", "Photo1": "DCIM/JPEG_20201219101417349.jpg", "Photo2": "DCIM/JPEG_20201219101433005.jpg", "Photo3": "DCIM/JPEG_20201219101443533.jpg", "Photo4": "DCIM/JPEG_20201219101455552.jpg", "Irrigation": "FALSE", "District": "NKOR", "Region": "BoEa", "Zone": "tran", "Date": "2020-12-19", "Technician": "KEAI", "layer": "Points", "path": "C:\\Users\\kobina\\Desktop\\Project_Ken\\Merger\\Merger\\Points.shx|layername=Points", "Points": null }, "geometry": { "type": "Point", "coordinates": [ -1.80644885, 7.587796616666666 ] } },
{ "type": "Feature", "properties": { "fid": 84.0, "CropType": "yams", "Photo1": "DCIM/JPEG_20201219101650228.jpg", "Photo2": "DCIM/JPEG_20201219101702163.jpg", "Photo3": "DCIM/JPEG_20201219101714870.jpg", "Photo4": "DCIM/JPEG_20201219101726584.jpg", "Irrigation": "FALSE", "District": "NKOR", "Region": "BoEa", "Zone": "tran", "Date": "2020-12-19", "Technician": "KEAI", "layer": "Points", "path": "C:\\Users\\kobina\\Desktop\\Project_Ken\\Merger\\Merger\\Points.shx|layername=Points", "Points": null }, "geometry": { "type": "Point", "coordinates": [ -1.806255533333333, 7.587436466666666 ] } },
{ "type": "Feature", "properties": { "fid": 85.0, "CropType": "yams", "Photo1": "DCIM/JPEG_20201219102115271.jpg", "Photo2": "DCIM/JPEG_20201219102131857.jpg", "Photo3": "DCIM/JPEG_20201219102144125.jpg", "Photo4": "DCIM/JPEG_20201219102203373.jpg", "Irrigation": "FALSE", "District": "NKOR", "Region": "BoEa", "Zone": "tran", "Date": "2020-12-19", "Technician": "KEAI", "layer": "Points", "path": "C:\\Users\\kobina\\Desktop\\Project_Ken\\Merger\\Merger\\Points.shx|layername=Points", "Points": null }, "geometry": { "type": "Point", "coordinates": [ -1.804824516666667, 7.588077366666666 ] } },
{ "type": "Feature", "properties": { "fid": 86.0, "CropType": "yams", "Photo1": "DCIM/JPEG_20201219103028343.jpg", "Photo2": "DCIM/JPEG_20201219103041714.jpg", "Photo3": "DCIM/JPEG_20201219103051290.jpg", "Photo4": "DCIM/JPEG_20201219103101673.jpg", "Irrigation": "FALSE", "District": "TECH", "Region": "BoEa", "Zone": "tran", "Date": "2020-12-19", "Technician": "KEAI", "layer": "Points", "path": "C:\\Users\\kobina\\Desktop\\Project_Ken\\Merger\\Merger\\Points.shx|layername=Points", "Points": null }, "geometry": { "type": "Point", "coordinates": [ -1.802987866666667, 7.589268516666666 ] } },
{ "type": "Feature", "properties": { "fid": 87.0, "CropType": "yams", "Photo1": "DCIM/JPEG_20201219103533905.jpg", "Photo2": "DCIM/JPEG_20201219103545445.jpg", "Photo3": "DCIM/JPEG_20201219103608234.jpg", "Photo4": "DCIM/JPEG_20201219103618018.jpg", "Irrigation": "FALSE", "District": "TECH", "Region": "BoEa", "Zone": "tran", "Date": "2020-12-19", "Technician": "KEAI", "layer": "Points", "path": "C:\\Users\\kobina\\Desktop\\Project_Ken\\Merger\\Merger\\Points.shx|layername=Points", "Points": null }, "geometry": { "type": "Point", "coordinates": [ -1.799613533333333, 7.590215966666667 ] } },
{ "type": "Feature", "properties": { "fid": 88.0, "CropType": "yams", "Photo1": "DCIM/JPEG_20201219103827853.jpg", "Photo2": "DCIM/JPEG_20201219103843913.jpg", "Photo3": "DCIM/JPEG_20201219103854805.jpg", "Photo4": "DCIM/JPEG_20201219103904611.jpg", "Irrigation": "FALSE", "District": "TECH", "Region": "BoEa", "Zone": "tran", "Date": "2020-12-19", "Technician": "KEAI", "layer": "Points", "path": "C:\\Users\\kobina\\Desktop\\Project_Ken\\Merger\\Merger\\Points.shx|layername=Points", "Points": null }, "geometry": { "type": "Point", "coordinates": [ -1.7999225, 7.590678316666665 ] } },
{ "type": "Feature", "properties": { "fid": 254.0, "CropType": "yams", "Photo1": "DCIM/JPEG_20201219104306400.jpg", "Photo2": "DCIM/JPEG_20201219104320327.jpg", "Photo3": "DCIM/JPEG_20201219104333824.jpg", "Photo4": "DCIM/JPEG_20201219104351021.jpg", "Irrigation": "FALSE", "District": "TECH", "Region": "BoEa", "Zone": "tran", "Date": "2020-12-19", "Technician": "KEAI", "layer": "Points", "path": "C:\\Users\\kobina\\Desktop\\Project_Ken\\Merger\\Merger\\Points.shx|layername=Points", "Points": null }, "geometry": { "type": "Point", "coordinates": [ -1.798701066666667, 7.591322333333332 ] } },
{ "type": "Feature", "properties": { "fid": 255.0, "CropType": "yams", "Photo1": "DCIM/JPEG_20201219104658781.jpg", "Photo2": "DCIM/JPEG_20201219104711803.jpg", "Photo3": "DCIM/JPEG_20201219104724847.jpg", "Photo4": "DCIM/JPEG_20201219104739509.jpg", "Irrigation": "FALSE", "District": "TECH", "Region": "BoEa", "Zone": "tran", "Date": "2020-12-19", "Technician": "KEAI", "layer": "Points", "path": "C:\\Users\\kobina\\Desktop\\Project_Ken\\Merger\\Merger\\Points.shx|layername=Points", "Points": null }, "geometry": { "type": "Point", "coordinates": [ -1.798286616666667, 7.591035816666666 ] } },
{ "type": "Feature", "properties": { "fid": 256.0, "CropType": "yams", "Photo1": "DCIM/JPEG_20201219105452473.jpg", "Photo2": "DCIM/JPEG_20201219105509590.jpg", "Photo3": "DCIM/JPEG_20201219105520082.jpg", "Photo4": "DCIM/JPEG_20201219105534005.jpg", "Irrigation": "FALSE", "District": "TECH", "Region": "BoEa", "Zone": "tran", "Date": "2020-12-19", "Technician": "KEAI", "layer": "Points", "path": "C:\\Users\\kobina\\Desktop\\Project_Ken\\Merger\\Merger\\Points.shx|layername=Points", "Points": null }, "geometry": { "type": "Point", "coordinates": [ -1.7921258, 7.594407633333334 ] } },
{ "type": "Feature", "properties": { "fid": 257.0, "CropType": "yams", "Photo1": "DCIM/JPEG_20201219110644231.jpg", "Photo2": "DCIM/JPEG_20201219110658521.jpg", "Photo3": "DCIM/JPEG_20201219110710527.jpg", "Photo4": "DCIM/JPEG_20201219110719910.jpg", "Irrigation": "FALSE", "District": "TECH", "Region": "BoEa", "Zone": "tran", "Date": "2020-12-19", "Technician": "KEAI", "layer": "Points", "path": "C:\\Users\\kobina\\Desktop\\Project_Ken\\Merger\\Merger\\Points.shx|layername=Points", "Points": null }, "geometry": { "type": "Point", "coordinates": [ -1.798607683333333, 7.58931915 ] } },
{ "type": "Feature", "properties": { "fid": 258.0, "CropType": "yams", "Photo1": "DCIM/JPEG_20201219111001913.jpg", "Photo2": "DCIM/JPEG_20201219111015794.jpg", "Photo3": "DCIM/JPEG_20201219111026685.jpg", "Photo4": "DCIM/JPEG_20201219111036513.jpg", "Irrigation": "FALSE", "District": "TECH", "Region": "BoEa", "Zone": "tran", "Date": "2020-12-19", "Technician": "KEAI", "layer": "Points", "path": "C:\\Users\\kobina\\Desktop\\Project_Ken\\Merger\\Merger\\Points.shx|layername=Points", "Points": null }, "geometry": { "type": "Point", "coordinates": [ -1.798933616666666, 7.589160866666667 ] } },
{ "type": "Feature", "properties": { "fid": 259.0, "CropType": "yams", "Photo1": "DCIM/JPEG_20201219111346504.jpg", "Photo2": "DCIM/JPEG_20201219111358956.jpg", "Photo3": "DCIM/JPEG_20201219111411187.jpg", "Photo4": "DCIM/JPEG_20201219111421293.jpg", "Irrigation": "FALSE", "District": "TECH", "Region": "BoEa", "Zone": "tran", "Date": "2020-12-19", "Technician": "KEAI", "layer": "Points", "path": "C:\\Users\\kobina\\Desktop\\Project_Ken\\Merger\\Merger\\Points.shx|layername=Points", "Points": null }, "geometry": { "type": "Point", "coordinates": [ -1.798183733333333, 7.588021483333335 ] } },
{ "type": "Feature", "properties": { "fid": 260.0, "CropType": "yams", "Photo1": "DCIM/JPEG_20201219112139336.jpg", "Photo2": "DCIM/JPEG_20201219112153785.jpg", "Photo3": "DCIM/JPEG_20201219112205988.jpg", "Photo4": "DCIM/JPEG_20201219112217648.jpg", "Irrigation": "FALSE", "District": "TECH", "Region": "BoEa", "Zone": "tran", "Date": "2020-12-19", "Technician": "KEAI", "layer": "Points", "path": "C:\\Users\\kobina\\Desktop\\Project_Ken\\Merger\\Merger\\Points.shx|layername=Points", "Points": null }, "geometry": { "type": "Point", "coordinates": [ -1.799228133333333, 7.590525616666668 ] } },
{ "type": "Feature", "properties": { "fid": 261.0, "CropType": "yams", "Photo1": "DCIM/JPEG_20201219112800254.jpg", "Photo2": "DCIM/JPEG_20201219112814955.jpg", "Photo3": "DCIM/JPEG_20201219112825921.jpg", "Photo4": "DCIM/JPEG_20201219112838498.jpg", "Irrigation": "FALSE", "District": "TECH", "Region": "BoEa", "Zone": "tran", "Date": "2020-12-19", "Technician": "KEAI", "layer": "Points", "path": "C:\\Users\\kobina\\Desktop\\Project_Ken\\Merger\\Merger\\Points.shx|layername=Points", "Points": null }, "geometry": { "type": "Point", "coordinates": [ -1.804375983333333, 7.588241116666668 ] } },
{ "type": "Feature", "properties": { "fid": 97.0, "CropType": "man", "Photo1": "DCIM/JPEG_20201219130018899.jpg", "Photo2": "DCIM/JPEG_20201219130032379.jpg", "Photo3": "DCIM/JPEG_20201219130046849.jpg", "Photo4": "DCIM/JPEG_20201219130059405.jpg", "Irrigation": "FALSE", "District": "NKOR", "Region": "BoEa", "Zone": "tran", "Date": "2020-12-19", "Technician": "KEAI", "layer": "Points", "path": "C:\\Users\\kobina\\Desktop\\Project_Ken\\Merger\\Merger\\Points.shx|layername=Points", "Points": null }, "geometry": { "type": "Point", "coordinates": [ -1.7621681, 7.504767933333334 ] } },
{ "type": "Feature", "properties": { "fid": 98.0, "CropType": "man", "Photo1": "DCIM/JPEG_20201219151027898.jpg", "Photo2": "DCIM/JPEG_20201219151048889.jpg", "Photo3": "DCIM/JPEG_20201219151107374.jpg", "Photo4": "DCIM/JPEG_20201219151148523.jpg", "Irrigation": "FALSE", "District": "NKOR", "Region": "BoEa", "Zone": "tran", "Date": "2020-12-19", "Technician": "KEAI", "layer": "Points", "path": "C:\\Users\\kobina\\Desktop\\Project_Ken\\Merger\\Merger\\Points.shx|layername=Points", "Points": null }, "geometry": { "type": "Point", "coordinates": [ -1.709103566666667, 7.53980635 ] } },
{ "type": "Feature", "properties": { "fid": 99.0, "CropType": "plnt", "Photo1": "DCIM/JPEG_20201219151757378.jpg", "Photo2": "DCIM/JPEG_20201219151810519.jpg", "Photo3": "DCIM/JPEG_20201219151849323.jpg", "Photo4": "DCIM/JPEG_20201219151907140.jpg", "Irrigation": "FALSE", "District": "NKOR", "Region": "BoEa", "Zone": "tran", "Date": "2020-12-19", "Technician": "KEAI", "layer": "Points", "path": "C:\\Users\\kobina\\Desktop\\Project_Ken\\Merger\\Merger\\Points.shx|layername=Points", "Points": null }, "geometry": { "type": "Point", "coordinates": [ -1.707079183333333, 7.518570883333331 ] } },
{ "type": "Feature", "properties": { "fid": 100.0, "CropType": "man", "Photo1": "DCIM/JPEG_20201219154044155.jpg", "Photo2": "DCIM/JPEG_20201219154101851.jpg", "Photo3": "DCIM/JPEG_20201219154119632.jpg", "Photo4": "DCIM/JPEG_20201219154130437.jpg", "Irrigation": "FALSE", "District": "NKOR", "Region": "BoEa", "Zone": "tran", "Date": "2020-12-19", "Technician": "KEAI", "layer": "Points", "path": "C:\\Users\\kobina\\Desktop\\Project_Ken\\Merger\\Merger\\Points.shx|layername=Points", "Points": null }, "geometry": { "type": "Point", "coordinates": [ -1.7417377, 7.511243316666667 ] } },
{ "type": "Feature", "properties": { "fid": 101.0, "CropType": "toma", "Photo1": "DCIM/JPEG_20201219161558143.jpg", "Photo2": "DCIM/JPEG_20201219161618698.jpg", "Photo3": "DCIM/JPEG_20201219161631648.jpg", "Photo4": "DCIM/JPEG_20201219161723776.jpg", "Irrigation": "TRUE", "District": "NKOR", "Region": "BoEa", "Zone": "tran", "Date": "2020-12-19", "Technician": "KEAI", "layer": "Points", "path": "C:\\Users\\kobina\\Desktop\\Project_Ken\\Merger\\Merger\\Points.shx|layername=Points", "Points": null }, "geometry": { "type": "Point", "coordinates": [ -1.852044133333333, 7.598718733333334 ] } },
{ "type": "Feature", "properties": { "fid": 628.0, "CropType": "yams", "Photo1": "DCIM/JPEG_20201219162054465.jpg", "Photo2": "DCIM/JPEG_20201219162106868.jpg", "Photo3": "DCIM/JPEG_20201219162135375.jpg", "Photo4": "DCIM/JPEG_20201219162144912.jpg", "Irrigation": "FALSE", "District": "TECH", "Region": "BoEa", "Zone": "tran", "Date": "2020-12-19", "Technician": "KEAI", "layer": "Points", "path": "C:\\Users\\kobina\\Desktop\\Project_Ken\\Merger\\Merger\\Points.shx|layername=Points", "Points": null }, "geometry": { "type": "Point", "coordinates": [ -1.851292516666667, 7.5994192 ] } },
{ "type": "Feature", "properties": { "fid": 252.0, "CropType": "yams", "Photo1": "DCIM/JPEG_20201219162555361.jpg", "Photo2": "DCIM/JPEG_20201219162608053.jpg", "Photo3": "DCIM/JPEG_20201219162618023.jpg", "Photo4": "DCIM/JPEG_20201219162628128.jpg", "Irrigation": "FALSE", "District": "TECH", "Region": "BoEa", "Zone": "tran", "Date": "2020-12-19", "Technician": "KEAI", "layer": "Points", "path": "C:\\Users\\kobina\\Desktop\\Project_Ken\\Merger\\Merger\\Points.shx|layername=Points", "Points": null }, "geometry": { "type": "Point", "coordinates": [ -1.849184066666667, 7.599901716666666 ] } },
{ "type": "Feature", "properties": { "fid": 253.0, "CropType": "yams", "Photo1": "DCIM/JPEG_20201219162824524.jpg", "Photo2": "DCIM/JPEG_20201219162837526.jpg", "Photo3": "DCIM/JPEG_20201219162849832.jpg", "Photo4": "DCIM/JPEG_20201219162904074.jpg", "Irrigation": "FALSE", "District": "TECH", "Region": "BoEa", "Zone": "tran", "Date": "2020-12-19", "Technician": "KEAI", "layer": "Points", "path": "C:\\Users\\kobina\\Desktop\\Project_Ken\\Merger\\Merger\\Points.shx|layername=Points", "Points": null }, "geometry": { "type": "Point", "coordinates": [ -1.849266183333334, 7.600283533333334 ] } },
{ "type": "Feature", "properties": { "fid": 5.0, "CropType": "yams", "Photo1": "DCIM/JPEG_20201219163304923.jpg", "Photo2": "DCIM/JPEG_20201219163324981.jpg", "Photo3": "DCIM/JPEG_20201219163333600.jpg", "Photo4": "DCIM/JPEG_20201219163351728.jpg", "Irrigation": "FALSE", "District": "TECH", "Region": "BoEa", "Zone": "tran", "Date": "2020-12-19", "Technician": "KEAI", "layer": "Points", "path": "C:\\Users\\kobina\\Desktop\\Project_Ken\\Merger\\Merger\\Points.shx|layername=Points", "Points": null }, "geometry": { "type": "Point", "coordinates": [ -1.846656483333333, 7.600847166666667 ] } },
{ "type": "Feature", "properties": { "fid": 6.0, "CropType": "yams", "Photo1": "DCIM/JPEG_20201219163748285.jpg", "Photo2": "DCIM/JPEG_20201219163802419.jpg", "Photo3": "DCIM/JPEG_20201219163814438.jpg", "Photo4": "DCIM/JPEG_20201219163825190.jpg", "Irrigation": "FALSE", "District": "TECH", "Region": "BoEa", "Zone": "tran", "Date": "2020-12-19", "Technician": "KEAI", "layer": "Points", "path": "C:\\Users\\kobina\\Desktop\\Project_Ken\\Merger\\Merger\\Points.shx|layername=Points", "Points": null }, "geometry": { "type": "Point", "coordinates": [ -1.844974233333333, 7.600286383333334 ] } },
{ "type": "Feature", "properties": { "fid": 77.0, "CropType": "toma", "Photo1": "DCIM/JPEG_20201219164024947.jpg", "Photo2": "DCIM/JPEG_20201219164041056.jpg", "Photo3": "DCIM/JPEG_20201219164053578.jpg", "Photo4": "DCIM/JPEG_20201219164104978.jpg", "Irrigation": "TRUE", "District": "TECH", "Region": "BoEa", "Zone": "tran", "Date": "2020-12-19", "Technician": "KEAI", "layer": "Points", "path": "C:\\Users\\kobina\\Desktop\\Project_Ken\\Merger\\Merger\\Points.shx|layername=Points", "Points": null }, "geometry": { "type": "Point", "coordinates": [ -1.844934, 7.5997354 ] } },
{ "type": "Feature", "properties": { "fid": 8.0, "CropType": "toma", "Photo1": "DCIM/JPEG_20201219164703707.jpg", "Photo2": "DCIM/JPEG_20201219164718040.jpg", "Photo3": "DCIM/JPEG_20201219164730391.jpg", "Photo4": "DCIM/JPEG_20201219164744265.jpg", "Irrigation": "TRUE", "District": "TECH", "Region": "BoEa", "Zone": "tran", "Date": "2020-12-19", "Technician": "KEAI", "layer": "Points", "path": "C:\\Users\\kobina\\Desktop\\Project_Ken\\Merger\\Merger\\Points.shx|layername=Points", "Points": null }, "geometry": { "type": "Point", "coordinates": [ -1.843532366666667, 7.600262516666668 ] } },
{ "type": "Feature", "properties": { "fid": 9.0, "CropType": "yams", "Photo1": "DCIM/JPEG_20201219165232754.jpg", "Photo2": "DCIM/JPEG_20201219165245931.jpg", "Photo3": "DCIM/JPEG_20201219165302839.jpg", "Photo4": "DCIM/JPEG_20201219165315671.jpg", "Irrigation": "FALSE", "District": "TECH", "Region": "BoEa", "Zone": "tran", "Date": "2020-12-19", "Technician": "KEAI", "layer": "Points", "path": "C:\\Users\\kobina\\Desktop\\Project_Ken\\Merger\\Merger\\Points.shx|layername=Points", "Points": null }, "geometry": { "type": "Point", "coordinates": [ -1.8421983, 7.599633283333332 ] } },
{ "type": "Feature", "properties": { "fid": 10.0, "CropType": "yams", "Photo1": "DCIM/JPEG_20201219165546675.jpg", "Photo2": "DCIM/JPEG_20201219165557450.jpg", "Photo3": "DCIM/JPEG_20201219165608162.jpg", "Photo4": "DCIM/JPEG_20201219165622427.jpg", "Irrigation": "FALSE", "District": "TECH", "Region": "BoEa", "Zone": "tran", "Date": "2020-12-19", "Technician": "KEAI", "layer": "Points", "path": "C:\\Users\\kobina\\Desktop\\Project_Ken\\Merger\\Merger\\Points.shx|layername=Points", "Points": null }, "geometry": { "type": "Point", "coordinates": [ -1.845493919817041, 7.602171984692628 ] } },
{ "type": "Feature", "properties": { "fid": 11.0, "CropType": "yams", "Photo1": "DCIM/JPEG_20201219170124114.jpg", "Photo2": "DCIM/JPEG_20201219170137403.jpg", "Photo3": "DCIM/JPEG_20201219170154669.jpg", "Photo4": "DCIM/JPEG_20201219170210542.jpg", "Irrigation": "FALSE", "District": "TECH", "Region": "BoEa", "Zone": "tran", "Date": "2020-12-19", "Technician": "KEAI", "layer": "Points", "path": "C:\\Users\\kobina\\Desktop\\Project_Ken\\Merger\\Merger\\Points.shx|layername=Points", "Points": null }, "geometry": { "type": "Point", "coordinates": [ -1.839111533333333, 7.599246516666666 ] } },
{ "type": "Feature", "properties": { "fid": 12.0, "CropType": "toma", "Photo1": "DCIM/JPEG_20201219170604178.jpg", "Photo2": "DCIM/JPEG_20201219170617085.jpg", "Photo3": "DCIM/JPEG_20201219170630679.jpg", "Photo4": "DCIM/JPEG_20201219170646423.jpg", "Irrigation": "TRUE", "District": "TECH", "Region": "BoEa", "Zone": "tran", "Date": "2020-12-19", "Technician": "KEAI", "layer": "Points", "path": "C:\\Users\\kobina\\Desktop\\Project_Ken\\Merger\\Merger\\Points.shx|layername=Points", "Points": null }, "geometry": { "type": "Point", "coordinates": [ -1.837817366666667, 7.6006144 ] } },
{ "type": "Feature", "properties": { "fid": 623.0, "CropType": "toma", "Photo1": "DCIM/JPEG_20201219170934871.jpg", "Photo2": "DCIM/JPEG_20201219170954892.jpg", "Photo3": "DCIM/JPEG_20201219171005969.jpg", "Photo4": "DCIM/JPEG_20201219171018657.jpg", "Irrigation": "TRUE", "District": "TECH", "Region": "BoEa", "Zone": "tran", "Date": "2020-12-19", "Technician": "KEAI", "layer": "Points", "path": "C:\\Users\\kobina\\Desktop\\Project_Ken\\Merger\\Merger\\Points.shx|layername=Points", "Points": null }, "geometry": { "type": "Point", "coordinates": [ -1.837967233333333, 7.601496666666665 ] } },
{ "type": "Feature", "properties": { "fid": 624.0, "CropType": "toma", "Photo1": "DCIM/JPEG_20201219171158747.jpg", "Photo2": "DCIM/JPEG_20201219171212993.jpg", "Photo3": "DCIM/JPEG_20201219171225043.jpg", "Photo4": "DCIM/JPEG_20201219171235578.jpg", "Irrigation": "TRUE", "District": "TECH", "Region": "BoEa", "Zone": "tran", "Date": "2020-12-19", "Technician": "KEAI", "layer": "Points", "path": "C:\\Users\\kobina\\Desktop\\Project_Ken\\Merger\\Merger\\Points.shx|layername=Points", "Points": null }, "geometry": { "type": "Point", "coordinates": [ -1.837967233333333, 7.601496666666665 ] } },
{ "type": "Feature", "properties": { "fid": 625.0, "CropType": "toma", "Photo1": "DCIM/JPEG_20201219171858991.jpg", "Photo2": "DCIM/JPEG_20201219171911346.jpg", "Photo3": "DCIM/JPEG_20201219171925239.jpg", "Photo4": "DCIM/JPEG_20201219171942205.jpg", "Irrigation": "TRUE", "District": "TECH", "Region": "BoEa", "Zone": "tran", "Date": "2020-12-19", "Technician": "KEAI", "layer": "Points", "path": "C:\\Users\\kobina\\Desktop\\Project_Ken\\Merger\\Merger\\Points.shx|layername=Points", "Points": null }, "geometry": { "type": "Point", "coordinates": [ -1.837873216666666, 7.6038788 ] } },
{ "type": "Feature", "properties": { "fid": 626.0, "CropType": "toma", "Photo1": "DCIM/JPEG_20201219172210998.jpg", "Photo2": "DCIM/JPEG_20201219172237414.jpg", "Photo3": "DCIM/JPEG_20201219172251075.jpg", "Photo4": "DCIM/JPEG_20201219172310366.jpg", "Irrigation": "TRUE", "District": "TECH", "Region": "BoEa", "Zone": "tran", "Date": "2020-12-19", "Technician": "KEAI", "layer": "Points", "path": "C:\\Users\\kobina\\Desktop\\Project_Ken\\Merger\\Merger\\Points.shx|layername=Points", "Points": null }, "geometry": { "type": "Point", "coordinates": [ -1.838018316666667, 7.604073 ] } },
{ "type": "Feature", "properties": { "fid": 1.0, "CropType": "toma", "Photo1": "DCIM/JPEG_20201219172757740.jpg", "Photo2": "DCIM/JPEG_20201219172810047.jpg", "Photo3": "DCIM/JPEG_20201219172821626.jpg", "Photo4": "DCIM/JPEG_20201219172832243.jpg", "Irrigation": "TRUE", "District": "TECH", "Region": "BoEa", "Zone": "tran", "Date": "2020-12-19", "Technician": "KEAI", "layer": "Points", "path": "C:\\Users\\kobina\\Desktop\\Project_Ken\\Merger\\Merger\\Points.shx|layername=Points", "Points": null }, "geometry": { "type": "Point", "coordinates": [ -1.836880433333333, 7.6058438 ] } },
{ "type": "Feature", "properties": { "fid": 2.0, "CropType": "toma", "Photo1": "DCIM/JPEG_20201219173019608.jpg", "Photo2": "DCIM/JPEG_20201219173033263.jpg", "Photo3": "DCIM/JPEG_20201219173050099.jpg", "Photo4": "DCIM/JPEG_20201219173103056.jpg", "Irrigation": "TRUE", "District": "TECH", "Region": "BoEa", "Zone": "tran", "Date": "2020-12-19", "Technician": "KEAI", "layer": "Points", "path": "C:\\Users\\kobina\\Desktop\\Project_Ken\\Merger\\Merger\\Points.shx|layername=Points", "Points": null }, "geometry": { "type": "Point", "coordinates": [ -1.836880433333333, 7.6058438 ] } },
{ "type": "Feature", "properties": { "fid": 3.0, "CropType": "coco", "Photo1": "DCIM/JPEG_20201220093058580.jpg", "Photo2": "DCIM/JPEG_20201220093116261.jpg", "Photo3": "DCIM/JPEG_20201220093128115.jpg", "Photo4": "DCIM/JPEG_20201220093147400.jpg", "Irrigation": "FALSE", "District": "TECH", "Region": "BoEa", "Zone": "tran", "Date": "2020-12-20", "Technician": "KEAI", "layer": "Points", "path": "C:\\Users\\kobina\\Desktop\\Project_Ken\\Merger\\Merger\\Points.shx|layername=Points", "Points": null }, "geometry": { "type": "Point", "coordinates": [ -1.840567866666666, 7.5994552 ] } },
{ "type": "Feature", "properties": { "fid": 4.0, "CropType": "oran", "Photo1": "DCIM/JPEG_20201220093523479.jpg", "Photo2": "DCIM/JPEG_20201220093541060.jpg", "Photo3": "DCIM/JPEG_20201220093551145.jpg", "Photo4": "DCIM/JPEG_20201220093601847.jpg", "Irrigation": "FALSE", "District": "TECH", "Region": "BoEa", "Zone": "tran", "Date": "2020-12-20", "Technician": "KEAI", "layer": "Points", "path": "C:\\Users\\kobina\\Desktop\\Project_Ken\\Merger\\Merger\\Points.shx|layername=Points", "Points": null }, "geometry": { "type": "Point", "coordinates": [ -1.840450133333333, 7.599328116666666 ] } },
{ "type": "Feature", "properties": { "fid": 21.0, "CropType": "coco", "Photo1": "DCIM/JPEG_20201220094418991.jpg", "Photo2": "DCIM/JPEG_20201220094430707.jpg", "Photo3": "DCIM/JPEG_20201220094440614.jpg", "Photo4": "DCIM/JPEG_20201220094452046.jpg", "Irrigation": "FALSE", "District": "TECH", "Region": "BoEa", "Zone": "tran", "Date": "2020-12-20", "Technician": "KEAI", "layer": "Points", "path": "C:\\Users\\kobina\\Desktop\\Project_Ken\\Merger\\Merger\\Points.shx|layername=Points", "Points": null }, "geometry": { "type": "Point", "coordinates": [ -1.836699666666667, 7.6028707 ] } },
{ "type": "Feature", "properties": { "fid": 22.0, "CropType": "toma", "Photo1": "DCIM/JPEG_20201220095040410.jpg", "Photo2": "DCIM/JPEG_20201220095051003.jpg", "Photo3": "DCIM/JPEG_20201220095103563.jpg", "Photo4": "DCIM/JPEG_20201220095113801.jpg", "Irrigation": "TRUE", "District": "TECH", "Region": "BoEa", "Zone": "tran", "Date": "2020-12-20", "Technician": "KEAI", "layer": "Points", "path": "C:\\Users\\kobina\\Desktop\\Project_Ken\\Merger\\Merger\\Points.shx|layername=Points", "Points": null }, "geometry": { "type": "Point", "coordinates": [ -1.836650866666667, 7.605690266666667 ] } },
{ "type": "Feature", "properties": { "fid": 23.0, "CropType": "toma", "Photo1": "DCIM/JPEG_20201220095510254.jpg", "Photo2": "DCIM/JPEG_20201220095536407.jpg", "Photo3": "DCIM/JPEG_20201220095548021.jpg", "Photo4": "DCIM/JPEG_20201220095559569.jpg", "Irrigation": "TRUE", "District": "TECH", "Region": "BoEa", "Zone": "tran", "Date": "2020-12-20", "Technician": "KEAI", "layer": "Points", "path": "C:\\Users\\kobina\\Desktop\\Project_Ken\\Merger\\Merger\\Points.shx|layername=Points", "Points": null }, "geometry": { "type": "Point", "coordinates": [ -1.834196733333334, 7.607273 ] } },
{ "type": "Feature", "properties": { "fid": 24.0, "CropType": "toma", "Photo1": "DCIM/JPEG_20201220095938469.jpg", "Photo2": "DCIM/JPEG_20201220100002070.jpg", "Photo3": "DCIM/JPEG_20201220100012460.jpg", "Photo4": "DCIM/JPEG_20201220100022048.jpg", "Irrigation": "TRUE", "District": "TECH", "Region": "BoEa", "Zone": "tran", "Date": "2020-12-20", "Technician": "KEAI", "layer": "Points", "path": "C:\\Users\\kobina\\Desktop\\Project_Ken\\Merger\\Merger\\Points.shx|layername=Points", "Points": null }, "geometry": { "type": "Point", "coordinates": [ -1.834302933333333, 7.607756633333334 ] } },
{ "type": "Feature", "properties": { "fid": 25.0, "CropType": "toma", "Photo1": "DCIM/JPEG_20201220101715751.jpg", "Photo2": "DCIM/JPEG_20201220101729197.jpg", "Photo3": "DCIM/JPEG_20201220101740005.jpg", "Photo4": "DCIM/JPEG_20201220101750258.jpg", "Irrigation": "TRUE", "District": "TECH", "Region": "BoEa", "Zone": "tran", "Date": "2020-12-20", "Technician": "KEAI", "layer": "Points", "path": "C:\\Users\\kobina\\Desktop\\Project_Ken\\Merger\\Merger\\Points.shx|layername=Points", "Points": null }, "geometry": { "type": "Point", "coordinates": [ -1.838580033333333, 7.602667683333334 ] } },
{ "type": "Feature", "properties": { "fid": 26.0, "CropType": "plnt", "Photo1": "DCIM/JPEG_20201220111844325.jpg", "Photo2": "DCIM/JPEG_20201220111903008.jpg", "Photo3": "DCIM/JPEG_20201220111917332.jpg", "Photo4": "DCIM/JPEG_20201220111925609.jpg", "Irrigation": "FALSE", "District": "TECH", "Region": "BoEa", "Zone": "tran", "Date": "2020-12-20", "Technician": "KEAI", "layer": "Points", "path": "C:\\Users\\kobina\\Desktop\\Project_Ken\\Merger\\Merger\\Points.shx|layername=Points", "Points": null }, "geometry": { "type": "Point", "coordinates": [ -2.001266333333333, 7.61643205 ] } },
{ "type": "Feature", "properties": { "fid": 27.0, "CropType": "plnt", "Photo1": "DCIM/JPEG_20201220113000134.jpg", "Photo2": "DCIM/JPEG_20201220113011637.jpg", "Photo3": "DCIM/JPEG_20201220113021930.jpg", "Photo4": "DCIM/JPEG_20201220113031616.jpg", "Irrigation": "FALSE", "District": "TECH", "Region": "BoEa", "Zone": "tran", "Date": "2020-12-20", "Technician": "KEAI", "layer": "Points", "path": "C:\\Users\\kobina\\Desktop\\Project_Ken\\Merger\\Merger\\Points.shx|layername=Points", "Points": null }, "geometry": { "type": "Point", "coordinates": [ -2.034856216666667, 7.6393862 ] } },
{ "type": "Feature", "properties": { "fid": 28.0, "CropType": "coco", "Photo1": "DCIM/JPEG_20201220115509742.jpg", "Photo2": "DCIM/JPEG_20201220115523802.jpg", "Photo3": "DCIM/JPEG_20201220115537954.jpg", "Photo4": "DCIM/JPEG_20201220115550711.jpg", "Irrigation": "FALSE", "District": "TECH", "Region": "BoEa", "Zone": "tran", "Date": "2020-12-20", "Technician": "KEAI", "layer": "Points", "path": "C:\\Users\\kobina\\Desktop\\Project_Ken\\Merger\\Merger\\Points.shx|layername=Points", "Points": null }, "geometry": { "type": "Point", "coordinates": [ -2.106022616666666, 7.708845 ] } },
{ "type": "Feature", "properties": { "fid": 13.0, "CropType": "plnt", "Photo1": "DCIM/JPEG_20201220121619218.jpg", "Photo2": "DCIM/JPEG_20201220121636360.jpg", "Photo3": "DCIM/JPEG_20201220121648512.jpg", "Photo4": "DCIM/JPEG_20201220121708438.jpg", "Irrigation": "FALSE", "District": "TECH", "Region": "BoEa", "Zone": "tran", "Date": "2020-12-20", "Technician": "KEAI", "layer": "Points", "path": "C:\\Users\\kobina\\Desktop\\Project_Ken\\Merger\\Merger\\Points.shx|layername=Points", "Points": null }, "geometry": { "type": "Point", "coordinates": [ -2.07201235, 7.739111483333332 ] } },
{ "type": "Feature", "properties": { "fid": 14.0, "CropType": "coco", "Photo1": "DCIM/JPEG_20201220122142771.jpg", "Photo2": "DCIM/JPEG_20201220122201881.jpg", "Photo3": "DCIM/JPEG_20201220122213248.jpg", "Photo4": "DCIM/JPEG_20201220122226489.jpg", "Irrigation": "FALSE", "District": "TECH", "Region": "BoEa", "Zone": "tran", "Date": "2020-12-20", "Technician": "KEAI", "layer": "Points", "path": "C:\\Users\\kobina\\Desktop\\Project_Ken\\Merger\\Merger\\Points.shx|layername=Points", "Points": null }, "geometry": { "type": "Point", "coordinates": [ -2.072078, 7.7391747 ] } },
{ "type": "Feature", "properties": { "fid": 19.0, "CropType": "cowp", "Photo1": "DCIM/JPEG_20201220123003100.jpg", "Photo2": "DCIM/JPEG_20201220123021269.jpg", "Photo3": "DCIM/JPEG_20201220123037575.jpg", "Photo4": "DCIM/JPEG_20201220123052999.jpg", "Irrigation": "FALSE", "District": "TECH", "Region": "BoEa", "Zone": "tran", "Date": "2020-12-20", "Technician": "KEAI", "layer": "Points", "path": "C:\\Users\\kobina\\Desktop\\Project_Ken\\Merger\\Merger\\Points.shx|layername=Points", "Points": null }, "geometry": { "type": "Point", "coordinates": [ -2.072078, 7.7391747 ] } },
{ "type": "Feature", "properties": { "fid": 15.0, "CropType": "cowp", "Photo1": "DCIM/JPEG_20201220123833553.jpg", "Photo2": "DCIM/JPEG_20201220123852448.jpg", "Photo3": "DCIM/JPEG_20201220123903256.jpg", "Photo4": "DCIM/JPEG_20201220123922330.jpg", "Irrigation": "FALSE", "District": "TECH", "Region": "BoEa", "Zone": "tran", "Date": "2020-12-20", "Technician": "KEAI", "layer": "Points", "path": "C:\\Users\\kobina\\Desktop\\Project_Ken\\Merger\\Merger\\Points.shx|layername=Points", "Points": null }, "geometry": { "type": "Point", "coordinates": [ -2.053522916666667, 7.745027433333333 ] } },
{ "type": "Feature", "properties": { "fid": 16.0, "CropType": "cowp", "Photo1": "DCIM/JPEG_20201220125519272.jpg", "Photo2": "DCIM/JPEG_20201220125541338.jpg", "Photo3": "DCIM/JPEG_20201220125603798.jpg", "Photo4": "DCIM/JPEG_20201220125621062.jpg", "Irrigation": "FALSE", "District": "TECH", "Region": "BoEa", "Zone": "tran", "Date": "2020-12-20", "Technician": "KEAI", "layer": "Points", "path": "C:\\Users\\kobina\\Desktop\\Project_Ken\\Merger\\Merger\\Points.shx|layername=Points", "Points": null }, "geometry": { "type": "Point", "coordinates": [ -2.019593366666667, 7.752643983333333 ] } },
{ "type": "Feature", "properties": { "fid": 17.0, "CropType": "coco", "Photo1": "DCIM/JPEG_20201220130622531.jpg", "Photo2": "DCIM/JPEG_20201220130640775.jpg", "Photo3": "DCIM/JPEG_20201220130652037.jpg", "Photo4": "DCIM/JPEG_20201220130709196.jpg", "Irrigation": "FALSE", "District": "TECH", "Region": "BoEa", "Zone": "tran", "Date": "2020-12-20", "Technician": "KEAI", "layer": "Points", "path": "C:\\Users\\kobina\\Desktop\\Project_Ken\\Merger\\Merger\\Points.shx|layername=Points", "Points": null }, "geometry": { "type": "Point", "coordinates": [ -2.00198195, 7.7618671 ] } },
{ "type": "Feature", "properties": { "fid": 20.0, "CropType": "gaeg", "Photo1": "DCIM/JPEG_20201220132317653.jpg", "Photo2": "DCIM/JPEG_20201220132332785.jpg", "Photo3": "DCIM/JPEG_20201220132348775.jpg", "Photo4": "DCIM/JPEG_20201220132405636.jpg", "Irrigation": "TRUE", "District": "TECH", "Region": "BoEa", "Zone": "tran", "Date": "2020-12-20", "Technician": "KEAI", "layer": "Points", "path": "C:\\Users\\kobina\\Desktop\\Project_Ken\\Merger\\Merger\\Points.shx|layername=Points", "Points": null }, "geometry": { "type": "Point", "coordinates": [ -1.999157841203153, 7.766729344113051 ] } },
{ "type": "Feature", "properties": { "fid": 37.0, "CropType": "coco", "Photo1": "DCIM/JPEG_20201220133052029.jpg", "Photo2": "DCIM/JPEG_20201220133103640.jpg", "Photo3": "DCIM/JPEG_20201220133116573.jpg", "Photo4": "DCIM/JPEG_20201220133130887.jpg", "Irrigation": "FALSE", "District": "TECH", "Region": "BoEa", "Zone": "tran", "Date": "2020-12-20", "Technician": "KEAI", "layer": "Points", "path": "C:\\Users\\kobina\\Desktop\\Project_Ken\\Merger\\Merger\\Points.shx|layername=Points", "Points": null }, "geometry": { "type": "Point", "coordinates": [ -1.981050783333333, 7.782381616666669 ] } },
{ "type": "Feature", "properties": { "fid": 38.0, "CropType": "cowp", "Photo1": "DCIM/JPEG_20201220150929475.jpg", "Photo2": "DCIM/JPEG_20201220150941418.jpg", "Photo3": "DCIM/JPEG_20201220150958303.jpg", "Photo4": "DCIM/JPEG_20201220151025888.jpg", "Irrigation": "FALSE", "District": "TECH", "Region": "BoEa", "Zone": "tran", "Date": "2020-12-20", "Technician": "KEAI", "layer": "Points", "path": "C:\\Users\\kobina\\Desktop\\Project_Ken\\Merger\\Merger\\Points.shx|layername=Points", "Points": null }, "geometry": { "type": "Point", "coordinates": [ -1.974819766666666, 7.816466516666667 ] } },
{ "type": "Feature", "properties": { "fid": 39.0, "CropType": "cabb", "Photo1": "DCIM/JPEG_20201220151923300.jpg", "Photo2": "DCIM/JPEG_20201220151937998.jpg", "Photo3": "DCIM/JPEG_20201220151948713.jpg", "Photo4": "DCIM/JPEG_20201220152006649.jpg", "Irrigation": "TRUE", "District": "TECH", "Region": "BoEa", "Zone": "tran", "Date": "2020-12-20", "Technician": "KEAI", "layer": "Points", "path": "C:\\Users\\kobina\\Desktop\\Project_Ken\\Merger\\Merger\\Points.shx|layername=Points", "Points": null }, "geometry": { "type": "Point", "coordinates": [ -1.977483633333334, 7.817040383333334 ] } },
{ "type": "Feature", "properties": { "fid": 40.0, "CropType": "plnt", "Photo1": "DCIM/JPEG_20201220154844385.jpg", "Photo2": "DCIM/JPEG_20201220154901313.jpg", "Photo3": "DCIM/JPEG_20201220154921641.jpg", "Photo4": "DCIM/JPEG_20201220154945977.jpg", "Irrigation": "FALSE", "District": "TECH", "Region": "BoEa", "Zone": "tran", "Date": "2020-12-20", "Technician": "KEAI", "layer": "Points", "path": "C:\\Users\\kobina\\Desktop\\Project_Ken\\Merger\\Merger\\Points.shx|layername=Points", "Points": null }, "geometry": { "type": "Point", "coordinates": [ -1.965883816666667, 7.81357015 ] } },
{ "type": "Feature", "properties": { "fid": 41.0, "CropType": "plnt", "Photo1": "DCIM/JPEG_20201220155355418.jpg", "Photo2": "DCIM/JPEG_20201220155410484.jpg", "Photo3": "DCIM/JPEG_20201220155423441.jpg", "Photo4": "DCIM/JPEG_20201220155439297.jpg", "Irrigation": "FALSE", "District": "TECH", "Region": "BoEa", "Zone": "tran", "Date": "2020-12-20", "Technician": "KEAI", "layer": "Points", "path": "C:\\Users\\kobina\\Desktop\\Project_Ken\\Merger\\Merger\\Points.shx|layername=Points", "Points": null }, "geometry": { "type": "Point", "coordinates": [ -1.965086133333333, 7.815343133333332 ] } },
{ "type": "Feature", "properties": { "fid": 42.0, "CropType": "plnt", "Photo1": "DCIM/JPEG_20201220160924673.jpg", "Photo2": "DCIM/JPEG_20201220160942575.jpg", "Photo3": "DCIM/JPEG_20201220160955813.jpg", "Photo4": "DCIM/JPEG_20201220161017587.jpg", "Irrigation": "FALSE", "District": "TECH", "Region": "BoEa", "Zone": "tran", "Date": "2020-12-20", "Technician": "KEAI", "layer": "Points", "path": "C:\\Users\\kobina\\Desktop\\Project_Ken\\Merger\\Merger\\Points.shx|layername=Points", "Points": null }, "geometry": { "type": "Point", "coordinates": [ -1.95693015, 7.82665955 ] } },
{ "type": "Feature", "properties": { "fid": 43.0, "CropType": "plnt", "Photo1": "DCIM/JPEG_20201220163533903.jpg", "Photo2": "DCIM/JPEG_20201220163549302.jpg", "Photo3": "DCIM/JPEG_20201220163603971.jpg", "Photo4": "DCIM/JPEG_20201220163618547.jpg", "Irrigation": "FALSE", "District": "TECH", "Region": "BoEa", "Zone": "tran", "Date": "2020-12-20", "Technician": "KEAI", "layer": "Points", "path": "C:\\Users\\kobina\\Desktop\\Project_Ken\\Merger\\Merger\\Points.shx|layername=Points", "Points": null }, "geometry": { "type": "Point", "coordinates": [ -1.968318383333334, 7.782278633333334 ] } },
{ "type": "Feature", "properties": { "fid": 250.0, "CropType": "plnt", "Photo1": "DCIM/JPEG_20201220165431577.jpg", "Photo2": "DCIM/JPEG_20201220165450029.jpg", "Photo3": "DCIM/JPEG_20201220165504178.jpg", "Photo4": "DCIM/JPEG_20201220165525909.jpg", "Irrigation": "FALSE", "District": "TECH", "Region": "BoEa", "Zone": "tran", "Date": "2020-12-20", "Technician": "KEAI", "layer": "Points", "path": "C:\\Users\\kobina\\Desktop\\Project_Ken\\Merger\\Merger\\Points.shx|layername=Points", "Points": null }, "geometry": { "type": "Point", "coordinates": [ -1.9526638, 7.708902733333335 ] } },
{ "type": "Feature", "properties": { "fid": 29.0, "CropType": "coco", "Photo1": "DCIM/JPEG_20201220170320335.jpg", "Photo2": "DCIM/JPEG_20201220170335209.jpg", "Photo3": "DCIM/JPEG_20201220170349850.jpg", "Photo4": "DCIM/JPEG_20201220170408660.jpg", "Irrigation": "FALSE", "District": "TECH", "Region": "BoEa", "Zone": "tran", "Date": "2020-12-20", "Technician": "KEAI", "layer": "Points", "path": "C:\\Users\\kobina\\Desktop\\Project_Ken\\Merger\\Merger\\Points.shx|layername=Points", "Points": null }, "geometry": { "type": "Point", "coordinates": [ -1.951506883333334, 7.707655766666666 ] } },
{ "type": "Feature", "properties": { "fid": 30.0, "CropType": "man", "Photo1": "DCIM/JPEG_20201220171243859.jpg", "Photo2": "DCIM/JPEG_20201220171316215.jpg", "Photo3": "DCIM/JPEG_20201220171341086.jpg", "Photo4": "DCIM/JPEG_20201220171403996.jpg", "Irrigation": "FALSE", "District": "TECH", "Region": "BoEa", "Zone": "tran", "Date": "2020-12-20", "Technician": "KEAI", "layer": "Points", "path": "C:\\Users\\kobina\\Desktop\\Project_Ken\\Merger\\Merger\\Points.shx|layername=Points", "Points": null }, "geometry": { "type": "Point", "coordinates": [ -1.948309483333333, 7.705398166666666 ] } },
{ "type": "Feature", "properties": { "fid": 31.0, "CropType": "plnt", "Photo1": "DCIM/JPEG_20201221073238117.jpg", "Photo2": "DCIM/JPEG_20201221073307093.jpg", "Photo3": "DCIM/JPEG_20201221073338906.jpg", "Photo4": "DCIM/JPEG_20201221073406989.jpg", "Irrigation": "FALSE", "District": "TECH", "Region": "BoEa", "Zone": "tran", "Date": "2020-12-21", "Technician": "KEAI", "layer": "Points", "path": "C:\\Users\\kobina\\Desktop\\Project_Ken\\Merger\\Merger\\Points.shx|layername=Points", "Points": null }, "geometry": { "type": "Point", "coordinates": [ -1.936224216666667, 7.594305283333335 ] } },
{ "type": "Feature", "properties": { "fid": 32.0, "CropType": "plnt", "Photo1": "DCIM/JPEG_20201221081752485.jpg", "Photo2": "DCIM/JPEG_20201221081809429.jpg", "Photo3": "DCIM/JPEG_20201221081820927.jpg", "Photo4": "DCIM/JPEG_20201221081836250.jpg", "Irrigation": "FALSE", "District": "TECH", "Region": "BoEa", "Zone": "tran", "Date": "2020-12-21", "Technician": "KEAI", "layer": "Points", "path": "C:\\Users\\kobina\\Desktop\\Project_Ken\\Merger\\Merger\\Points.shx|layername=Points", "Points": null }, "geometry": { "type": "Point", "coordinates": [ -1.971701366666667, 7.568958333333336 ] } },
{ "type": "Feature", "properties": { "fid": 33.0, "CropType": "plnt", "Photo1": "DCIM/JPEG_20201221082700442.jpg", "Photo2": "DCIM/JPEG_20201221082715294.jpg", "Photo3": "DCIM/JPEG_20201221082730915.jpg", "Photo4": "DCIM/JPEG_20201221082741293.jpg", "Irrigation": "FALSE", "District": "TECH", "Region": "BoEa", "Zone": "tran", "Date": "2020-12-21", "Technician": "KEAI", "layer": "Points", "path": "C:\\Users\\kobina\\Desktop\\Project_Ken\\Merger\\Merger\\Points.shx|layername=Points", "Points": null }, "geometry": { "type": "Point", "coordinates": [ -1.987374983333333, 7.5597364 ] } },
{ "type": "Feature", "properties": { "fid": 34.0, "CropType": "plnt", "Photo1": "DCIM/JPEG_20201221083510579.jpg", "Photo2": "DCIM/JPEG_20201221083527793.jpg", "Photo3": "DCIM/JPEG_20201221083538387.jpg", "Photo4": "DCIM/JPEG_20201221083554069.jpg", "Irrigation": "FALSE", "District": "TECH", "Region": "BoEa", "Zone": "tran", "Date": "2020-12-21", "Technician": "KEAI", "layer": "Points", "path": "C:\\Users\\kobina\\Desktop\\Project_Ken\\Merger\\Merger\\Points.shx|layername=Points", "Points": null }, "geometry": { "type": "Point", "coordinates": [ -2.007264466666666, 7.563462233333331 ] } },
{ "type": "Feature", "properties": { "fid": 35.0, "CropType": "plnt", "Photo1": "DCIM/JPEG_20201221084841063.jpg", "Photo2": "DCIM/JPEG_20201221084855260.jpg", "Photo3": "DCIM/JPEG_20201221084918368.jpg", "Photo4": "DCIM/JPEG_20201221084940301.jpg", "Irrigation": "FALSE", "District": "TECH", "Region": "BoEa", "Zone": "tran", "Date": "2020-12-21", "Technician": "KEAI", "layer": "Points", "path": "C:\\Users\\kobina\\Desktop\\Project_Ken\\Merger\\Merger\\Points.shx|layername=Points", "Points": null }, "geometry": { "type": "Point", "coordinates": [ -2.028879683333333, 7.569693083333335 ] } },
{ "type": "Feature", "properties": { "fid": 36.0, "CropType": "plnt", "Photo1": "DCIM/JPEG_20201220145819039.jpg", "Photo2": "DCIM/JPEG_20201220145836534.jpg", "Photo3": "DCIM/JPEG_20201220145851603.jpg", "Photo4": "DCIM/JPEG_20201220145910362.jpg", "Irrigation": "FALSE", "District": "TECH", "Region": "BoEa", "Zone": "tran", "Date": "2020-12-20", "Technician": "KEAI", "layer": "Points", "path": "C:\\Users\\kobina\\Desktop\\Project_Ken\\Merger\\Merger\\Points.shx|layername=Points", "Points": null }, "geometry": { "type": "Point", "coordinates": [ -1.969310133333333, 7.795594483333333 ] } },
{ "type": "Feature", "properties": { "fid": 45.0, "CropType": "gaeg", "Photo1": "DCIM/JPEG_20201220151223244.jpg", "Photo2": "DCIM/JPEG_20201220151238094.jpg", "Photo3": "DCIM/JPEG_20201220151247846.jpg", "Photo4": "DCIM/JPEG_20201220151258623.jpg", "Irrigation": "TRUE", "District": "TECH", "Region": "BoEa", "Zone": "tran", "Date": "2020-12-20", "Technician": "KEAI", "layer": "Points", "path": "C:\\Users\\kobina\\Desktop\\Project_Ken\\Merger\\Merger\\Points.shx|layername=Points", "Points": null }, "geometry": { "type": "Point", "coordinates": [ -1.97503145, 7.81604785 ] } },
{ "type": "Feature", "properties": { "fid": 46.0, "CropType": "pepp", "Photo1": "DCIM/JPEG_20201220152323932.jpg", "Photo2": "DCIM/JPEG_20201220152345906.jpg", "Photo3": "DCIM/JPEG_20201220152355829.jpg", "Photo4": "DCIM/JPEG_20201220152408671.jpg", "Irrigation": "TRUE", "District": "TECH", "Region": "BoEa", "Zone": "tran", "Date": "2020-12-20", "Technician": "KEAI", "layer": "Points", "path": "C:\\Users\\kobina\\Desktop\\Project_Ken\\Merger\\Merger\\Points.shx|layername=Points", "Points": null }, "geometry": { "type": "Point", "coordinates": [ -1.978619433333333, 7.817087483333334 ] } },
{ "type": "Feature", "properties": { "fid": 47.0, "CropType": "plnt", "Photo1": "DCIM/JPEG_20201220163306698.jpg", "Photo2": "DCIM/JPEG_20201220163323055.jpg", "Photo3": "DCIM/JPEG_20201220163332391.jpg", "Photo4": "DCIM/JPEG_20201220163345537.jpg", "Irrigation": "FALSE", "District": "TECH", "Region": "BoEa", "Zone": "tran", "Date": "2020-12-20", "Technician": "KEAI", "layer": "Points", "path": "C:\\Users\\kobina\\Desktop\\Project_Ken\\Merger\\Merger\\Points.shx|layername=Points", "Points": null }, "geometry": { "type": "Point", "coordinates": [ -1.968065816666667, 7.782495733333334 ] } },
{ "type": "Feature", "properties": { "fid": 48.0, "CropType": "coco", "Photo1": "DCIM/JPEG_20201220163818498.jpg", "Photo2": "DCIM/JPEG_20201220163838243.jpg", "Photo3": "DCIM/JPEG_20201220163857305.jpg", "Photo4": "DCIM/JPEG_20201220163918885.jpg", "Irrigation": "FALSE", "District": "TECH", "Region": "BoEa", "Zone": "tran", "Date": "2020-12-20", "Technician": "KEAI", "layer": "Points", "path": "C:\\Users\\kobina\\Desktop\\Project_Ken\\Merger\\Merger\\Points.shx|layername=Points", "Points": null }, "geometry": { "type": "Point", "coordinates": [ -1.968318383333334, 7.782278633333334 ] } },
{ "type": "Feature", "properties": { "fid": 49.0, "CropType": "plnt", "Photo1": "DCIM/JPEG_20201221080756707.jpg", "Photo2": "DCIM/JPEG_20201221080808398.jpg", "Photo3": "DCIM/JPEG_20201221080825673.jpg", "Photo4": "DCIM/JPEG_20201221080837152.jpg", "Irrigation": "FALSE", "District": "TECH", "Region": "BoEa", "Zone": "tran", "Date": "2020-12-21", "Technician": "KEAI", "layer": "Points", "path": "C:\\Users\\kobina\\Desktop\\Project_Ken\\Merger\\Merger\\Points.shx|layername=Points", "Points": null }, "geometry": { "type": "Point", "coordinates": [ -1.938341159914707, 7.601605642095592 ] } }
]
}
